
> superpowering-with-files@2.0.1 verify:trio
> node --test tests/trio/authority-parity.test.mjs tests/trio/command-read.test.mjs tests/trio/decision.test.mjs tests/trio/decision-accuracy.test.mjs tests/trio/dev-capability.test.mjs tests/trio/dev-evidence.test.mjs tests/trio/host-routing.test.mjs tests/trio/install-upgrade.test.mjs tests/trio/lifecycle.test.mjs tests/trio/office-capability.test.mjs tests/trio/office-evidence.test.mjs tests/trio/permission-routing.test.mjs tests/trio/projection.test.mjs tests/trio/read.test.mjs tests/trio/recovery.test.mjs tests/trio/routing.test.mjs tests/trio/model-routing.test.mjs tests/trio/safety-capability.test.mjs tests/trio/shadow-gate.test.mjs tests/trio/store.test.mjs tests/trio/vocabulary.test.mjs && node tests/trio/import-boundaries.test.mjs --milestone final

✔ Trio Core authority resolves the nearest ancestor harness marker from a nested cwd (39.391208ms)
✔ Core authority preserves explicit, override, environment, and git-boundary behavior (135.925166ms)
✔ retired runtime authority modules are absent and installer consumers import Trio Core directly (10.78725ms)
✔ trioCommand status resolves a unique active task without --task and preserves file bytes (46.78725ms)
✔ trioCommand status --summary returns the exact recorded summary for an explicit task (13.603458ms)
✔ trioCommand status --summary honors an explicit task when multiple active tasks exist (15.914417ms)
✔ trioCommand rejects summary without an explicit task or with an attached value before any read/write (13.763375ms)
✔ trioCommand CLI status --summary emits one JSON record with no stdout pollution (277.09625ms)
✔ trioCommand summary keeps exact-reader failures and empty content fail-closed (104.050875ms)
✔ trioCommand summary refreshes source text and hash after findings drift (36.806583ms)
✔ trioCommand summary preserves terminal status without lifecycle side effects (19.974208ms)
✔ trio next fails closed without a declared work role and makes no model decision (20.171333ms)
✔ trioCommand calculates next --dry-run without writing or creating a Trio (20.192334ms)
✔ trioCommand routes quick no-Trio work inline without reading or creating Trio files (3.798291ms)
✔ trioCommand returns create-trio only for definite tracked no-Trio cases (2.607708ms)
✔ trioCommand fails closed for multiple or corrupt tasks and invalid explicit task IDs (35.5675ms)
✔ verify all runs the final Trio inventory before legacy backstops (0.686208ms)
✔ trio next --dry-run exposes role and complexity decisions without writing (28.364042ms)
✔ trio next rejects execution overrides and unknown role or complexity input (18.352ms)
✔ trio next records structured Chief override provenance and stays read-only (18.860333ms)
✔ trio write commands render JSON-serializable reports to a captured stdout writer (172.297583ms)
✔ ground truth covers every fixture case with a declared vocabulary value (7.134333ms)
✔ the transition field now expresses every truth value in the vocabulary (16.897458ms)
✔ a recorded infrastructure failure is consumed: the gate recommends retry, not done (1.962125ms)
✔ the committed accuracy report is reproducible and keeps the two gate columns distinct (6.665416ms)
✔ decision vocabulary is frozen and labels every question with its evidence class (2.340625ms)
✔ validateDecisionRequest accepts a canonical request and rejects unknown bundles, questions and kinds (2.14175ms)
✔ validateDecisionResponse requires provenance and rejects out-of-scale or mistyped answers (2.161333ms)
✔ resolvePlanReady requires every plan question and treats a blocking unknown as not ready (0.341875ms)
✔ resolveActionGate only escalates to policy and never authorises (0.377041ms)
✔ resolveNextState covers every outcome and never escalates intelligence on infrastructure failure (0.337542ms)
✔ resolveReleaseState never returns allowed from readiness alone (0.2585ms)
✔ resolveComposites and transitionRecommendationOf dispatch per bundle (0.194833ms)
✔ evaluateDecision answers from operator input or deterministic evidence and reports what is unevaluable (0.634291ms)
✔ decision trace round-trips locally and never accepts chain-of-thought (12.842958ms)
✔ classifyFailure separates infrastructure from cognitive failure and never escalates on infrastructure (0.714375ms)
✔ shadow fixtures cover every evaluation row and replay deterministically (10.418334ms)
✔ S1 prioritizes known failures and scope problems over unknown checks (0.111708ms)
✔ S1 does not turn not-run or unreadable evidence into retry or done (0.063791ms)
✔ S1 rejects duplicate deterministic checks before resolution (0.063709ms)
✔ S1 known failure and broken scope dominate a separate infrastructure failure (0.033708ms)
✔ S1 an incomplete semantic verification still retries a measured timeout (0.028292ms)
✔ five shared skill identities survive extraction and local support resolves (26.546ms)
✔ dev routes risk-relevant proof and preserves existing evidence (2.171042ms)
✔ dev recovery and delivery terms preserve scope and evidence boundaries (4.642708ms)
✔ semantic proof safeguards cannot be removed while wording can change (4.761583ms)
✔ routing distinguishes direct completion from delegated acceptance (3.313792ms)
✔ completion requires authorized verification and repair while preserving real stops (3.662792ms)
✔ entry template delegates detail and retains only routing and authority boundaries (5.070125ms)
✔ ChiefOps selected delegation preserves frozen scope and Host lifecycle safeguards (1.660708ms)
✔ ChiefOps selective intake keeps quick work direct and Linear optional (1.00225ms)
✔ ChiefOps day and night handoff preserves readiness and head-bound proof (1.121167ms)
✔ ChiefOps closure separates local archive, Linear auto-archive, and Codex archive (1.003042ms)
✔ accepted PR feedback refinements retain all current-head and terminal gates (1.99175ms)
✔ PWF recovery is event driven and retains exactly three durable files (2.9715ms)
✔ overengineering review accepts evidence without fabricated line savings (0.35825ms)
✔ PWF templates initialize three files and resume without overwriting state or requiring a companion (536.039042ms)
✔ ChiefOps night queue intake is an explicit, evidence-gated human decision (2.150167ms)
✔ a command result maps to exactly one observed status (1.894666ms)
✔ a timed-out or signalled command is unknown rather than a failed check (0.192542ms)
✔ every declared dev check is reported exactly once (0.216875ms)
✔ an undeclared check id is rejected instead of silently recorded (0.2555ms)
✔ adapter output carries observed facts and no opinion (0.213625ms)
✔ git state is reported as facts without a verdict (0.122333ms)
✔ adapter output satisfies the verify bundle evidence contract (0.620541ms)
✔ collection records what a runner observed and never throws for a check (0.383959ms)
✔ collection reads git state and survives a failing git reader (0.1755ms)
✔ collection rejects an undeclared or duplicated command set (0.274083ms)
✔ the adapter stays provider-neutral and adds no model vocabulary (9.30625ms)
✔ deterministic serialization is stable for identical observations (0.185875ms)
✔ S1 limits dev evidence to explicit requiredCheckIds and preserves default compatibility (0.228125ms)
✔ S1 derives dev required scope from commands and retains timeout facts (0.107292ms)
✔ S1 collector preserves a nonzero exit reported through runner rejection (0.1445ms)
✔ resolveHostOperation selects a native subagent with exact route evidence (6.461958ms)
✔ default non-spawn operations remain manual regardless of visible identity claims (4.708708ms)
✔ default execution keeps lifecycle identity evidence manual when only visible capability exists (0.698708ms)
✔ generic host adapter fails closed to a bounded manual pending descriptor (0.36525ms)
✔ Host routing selects a native subagent and then falls back to manual pending (0.779666ms)
✔ default execution selects a safe native subagent even when a visible worker is available (0.409584ms)
✔ native descriptors snapshot the validated packet before binding its digest (0.404417ms)
✔ packet aliases retain their native delegation policy (0.219125ms)
✔ packet aliases retain their legacy strict topology (0.203667ms)
✔ spawn routes do not inherit an old visible worker identity, status, or actual model evidence (0.537208ms)
✔ native subagents cannot be selected for non-spawn operations without a native child identity (1.255667ms)
✔ manual capability evidence preserves observed native support when safety is unbound (0.587208ms)
✔ Codex host adapter normalizes explicit observations without executing an operation (0.459708ms)
✔ Host capability support is operation-scoped across supported, unsupported, and unknown states (0.7815ms)
✔ Host routing ignores unauthenticated and request-side actual model claims (0.432125ms)
✔ Host worker candidate status remains manual without a visible route (0.718542ms)
✔ Host operation descriptors support spawn, continue, status, interrupt, and collect without visible routes (0.422375ms)
✔ strict primary execution retires even when a visible worker is available (0.279042ms)
✔ strict primary execution never falls back to a native subagent (0.185875ms)
✔ strict primary execution fails closed when no visible worker capability is observed (0.14125ms)
✔ R2/R3 valid strict input retires all five Host operations without visible or native fallback (0.532958ms)
✔ R4 default operations with only an authenticated visible capability never produce a visible route (0.563708ms)
✔ R12 preserves historical visible_worker vocabulary and parses released legacy lane evidence (0.304375ms)
✔ non-strict primary execution keeps the native-first to manual chain (0.267917ms)
✔ assignment packets carry topology intent inside capability without a new top-level field (0.083917ms)
✔ capability.childDelegation = prohibited denies any native child route even with a valid child envelope (0.193959ms)
✔ strict visible-worker-required packet retires before childDelegation policy evaluation (0.1555ms)
✔ explicit child delegation policies do not revive retired strict packets (0.249709ms)
✔ legacy non-strict packets without childDelegation preserve native subagent compatibility (0.129666ms)
✔ unknown childDelegation values fail closed before native child acceptance (0.160791ms)
✔ unknown capability.executionMode values fail closed before native child acceptance (0.154166ms)
✔ unknown primary execution mode values fail closed (0.098916ms)
✔ R11 foundational errors precede strict retirement while topology policy stays retired-first (1.333166ms)
✔ static capability configuration alone grants no dynamic child permission (0.162459ms)
✔ Host routing validates packet and outer model policy before retiring strict topology (0.384125ms)
✔ packet capability validation runs before every Host route decision (0.233834ms)
✔ host operations fail closed without a declared work role or execution complexity (0.212791ms)
✔ packet digest authentication cannot expose actual worker facts without a visible route (0.407958ms)
✔ child requests must carry a bound model and effort no wider than the parent (0.52ms)
✔ a strict unavailable Host returns manual_pending with the intact packet and digest (0.150375ms)
✔ adapter vocabulary reserves claude_code and pi as unimplemented (0.07575ms)
✔ Codex adapter maps provider-neutral permission intent without claiming Host application (0.473292ms)
✔ Codex adapter keeps an out-of-scope request blocked before any manual gate (0.130417ms)
✔ Codex adapter surfaces bound actual permission only with authenticated digest evidence and never applies it (0.258917ms)
✔ Codex adapter treats a missing requested approval policy as unbound even with fully authenticated actual evidence (0.2065ms)
✔ Codex adapter keeps partial authenticated evidence manual_pending when writable roots are absent (0.210958ms)
✔ Codex adapter keeps partial authenticated evidence manual_pending when reviewer state is absent (0.195916ms)
✔ Codex adapter keeps generated .agents targets blocked when generatedTargets is an empty list (0.204709ms)
✔ Codex adapter keeps the user-global .codex/AGENTS.md projection generated and blocked (0.192209ms)
✔ Host awaiting_approval remains recognized while visible lifecycle continuation stays manual (0.4965ms)
✔ same semantic lane in awaiting_approval blocks a new spawn even with a different output root (0.464417ms)
✔ blocked and unaccepted candidate_done lanes keep the semantic lane reserved until an authenticated Chief release (0.717125ms)
✔ only an explicitly distinct frozen slice identity admits an independent dispatch lane (0.3165ms)
✔ a revised packet digest for the same task and frozen slice cannot open a reserved semantic lane (0.318917ms)
✔ reserved lanes without task or current-slice identity fail closed on non-overlapping spawns (0.557958ms)
✔ task and frozen slice identity alone reserve a lane even without a packet digest (0.190417ms)
✔ every unreleased active status reserves the same task and frozen slice semantic lane (0.715125ms)
✔ a packet-less legacy spawn facing a fully identified active lane is pending, not independent (0.264333ms)
✔ an unresolved worktree clientThreadId blocks a fallback spawn until that exact setup resolves (0.86625ms)
✔ Host create-attempt accounting allows one bounded correction then manual_pending (0.218167ms)
✔ Codex adapter keeps the requested approval policy separate from authenticated actual Host evidence (0.467792ms)
✔ production selectors require an explicit fixture bridge before any legacy dependency (21.17875ms)
{
  "runtime": "trio",
  "mode": "fresh",
  "writes": [
    "/private/var/folders/1_/m2vfg4n10n9_50cz0bmvnmx80000gn/T/trio-v2-production-fresh-MTEHPx/authority/AGENTS.md",
    "/private/var/folders/1_/m2vfg4n10n9_50cz0bmvnmx80000gn/T/trio-v2-production-fresh-MTEHPx/authority/.agents/skills/trio/SKILL.md",
    "/private/var/folders/1_/m2vfg4n10n9_50cz0bmvnmx80000gn/T/trio-v2-production-fresh-MTEHPx/authority/.agents/skills/trio/dev/SKILL.md",
    "/private/var/folders/1_/m2vfg4n10n9_50cz0bmvnmx80000gn/T/trio-v2-production-fresh-MTEHPx/authority/.agents/skills/trio/office/SKILL.md",
    "/private/var/folders/1_/m2vfg4n10n9_50cz0bmvnmx80000gn/T/trio-v2-production-fresh-MTEHPx/authority/.agents/skills/trio/safety/SKILL.md",
    "/private/var/folders/1_/m2vfg4n10n9_50cz0bmvnmx80000gn/T/trio-v2-production-fresh-MTEHPx/authority/.agents/skills/chiefops/SKILL.md",
    "/private/var/folders/1_/m2vfg4n10n9_50cz0bmvnmx80000gn/T/trio-v2-production-fresh-MTEHPx/authority/.agents/skills/trio/references/execution.md",
    "/private/var/folders/1_/m2vfg4n10n9_50cz0bmvnmx80000gn/T/trio-v2-production-fresh-MTEHPx/authority/.agents/skills/trio/dev/references/methods.md",
    "/private/var/folders/1_/m2vfg4n10n9_50cz0bmvnmx80000gn/T/trio-v2-production-fresh-MTEHPx/authority/.agents/skills/trio/dev/references/review.md",
    "/private/var/folders/1_/m2vfg4n10n9_50cz0bmvnmx80000gn/T/trio-v2-production-fresh-MTEHPx/authority/.agents/skills/trio/dev/references/pr-feedback.md",
    "/private/var/folders/1_/m2vfg4n10n9_50cz0bmvnmx80000gn/T/trio-v2-production-fresh-MTEHPx/authority/.agents/skills/chiefops/references/delegated-execution.md",
    "/private/var/folders/1_/m2vfg4n10n9_50cz0bmvnmx80000gn/T/trio-v2-production-fresh-MTEHPx/authority/.agents/skills/trio/office/references/source-backed-work.md",
    "/private/var/folders/1_/m2vfg4n10n9_50cz0bmvnmx80000gn/T/trio-v2-production-fresh-MTEHPx/authority/.agents/skills/trio/office/references/artifact-and-delivery.md"
  ],
  "conflicts": []
}
{
  "schemaVersion": 2,
  "runtime": "trio",
  "mode": "dry-run",
  "descriptors": [
    {
      "targetId": "codex",
      "surface": "entry",
      "destination": "/private/var/folders/1_/m2vfg4n10n9_50cz0bmvnmx80000gn/T/trio-v2-production-fresh-MTEHPx/authority/AGENTS.md",
      "action": "update",
      "execution": "managed",
      "conflict": false
    },
    {
      "targetId": "codex",
      "surface": "trio",
      "destination": "/private/var/folders/1_/m2vfg4n10n9_50cz0bmvnmx80000gn/T/trio-v2-production-fresh-MTEHPx/authority/.agents/skills/trio/SKILL.md",
      "action": "update",
      "execution": "managed",
      "conflict": false
    },
    {
      "targetId": "codex",
      "surface": "dev",
      "destination": "/private/var/folders/1_/m2vfg4n10n9_50cz0bmvnmx80000gn/T/trio-v2-production-fresh-MTEHPx/authority/.agents/skills/trio/dev/SKILL.md",
      "action": "update",
      "execution": "managed",
      "conflict": false
    },
    {
      "targetId": "codex",
      "surface": "office",
      "destination": "/private/var/folders/1_/m2vfg4n10n9_50cz0bmvnmx80000gn/T/trio-v2-production-fresh-MTEHPx/authority/.agents/skills/trio/office/SKILL.md",
      "action": "update",
      "execution": "managed",
      "conflict": false
    },
    {
      "targetId": "codex",
      "surface": "safety",
      "destination": "/private/var/folders/1_/m2vfg4n10n9_50cz0bmvnmx80000gn/T/trio-v2-production-fresh-MTEHPx/authority/.agents/skills/trio/safety/SKILL.md",
      "action": "update",
      "execution": "managed",
      "conflict": false
    },
    {
      "targetId": "codex",
      "surface": "chiefops",
      "destination": "/private/var/folders/1_/m2vfg4n10n9_50cz0bmvnmx80000gn/T/trio-v2-production-fresh-MTEHPx/authority/.agents/skills/chiefops/SKILL.md",
      "action": "update",
      "execution": "managed",
      "conflict": false
    },
    {
      "targetId": "codex",
      "surface": "trio/references/execution.md",
      "destination": "/private/var/folders/1_/m2vfg4n10n9_50cz0bmvnmx80000gn/T/trio-v2-production-fresh-MTEHPx/authority/.agents/skills/trio/references/execution.md",
      "action": "update",
      "execution": "managed",
      "conflict": false
    },
    {
      "targetId": "codex",
      "surface": "dev/references/methods.md",
      "destination": "/private/var/folders/1_/m2vfg4n10n9_50cz0bmvnmx80000gn/T/trio-v2-production-fresh-MTEHPx/authority/.agents/skills/trio/dev/references/methods.md",
      "action": "update",
      "execution": "managed",
      "conflict": false
    },
    {
      "targetId": "codex",
      "surface": "dev/references/review.md",
      "destination": "/private/var/folders/1_/m2vfg4n10n9_50cz0bmvnmx80000gn/T/trio-v2-production-fresh-MTEHPx/authority/.agents/skills/trio/dev/references/review.md",
      "action": "update",
      "execution": "managed",
      "conflict": false
    },
    {
      "targetId": "codex",
      "surface": "dev/references/pr-feedback.md",
      "destination": "/private/var/folders/1_/m2vfg4n10n9_50cz0bmvnmx80000gn/T/trio-v2-production-fresh-MTEHPx/authority/.agents/skills/trio/dev/references/pr-feedback.md",
      "action": "update",
      "execution": "managed",
      "conflict": false
    },
    {
      "targetId": "codex",
      "surface": "chiefops/references/delegated-execution.md",
      "destination": "/private/var/folders/1_/m2vfg4n10n9_50cz0bmvnmx80000gn/T/trio-v2-production-fresh-MTEHPx/authority/.agents/skills/chiefops/references/delegated-execution.md",
      "action": "update",
      "execution": "managed",
      "conflict": false
    },
    {
      "targetId": "codex",
      "surface": "office/references/source-backed-work.md",
      "destination": "/private/var/folders/1_/m2vfg4n10n9_50cz0bmvnmx80000gn/T/trio-v2-production-fresh-MTEHPx/authority/.agents/skills/trio/office/references/source-backed-work.md",
      "action": "update",
      "execution": "managed",
      "conflict": false
    },
    {
      "targetId": "codex",
      "surface": "office/references/artifact-and-delivery.md",
      "destination": "/private/var/folders/1_/m2vfg4n10n9_50cz0bmvnmx80000gn/T/trio-v2-production-fresh-MTEHPx/authority/.agents/skills/trio/office/references/artifact-and-delivery.md",
      "action": "update",
      "execution": "managed",
      "conflict": false
    }
  ],
  "conflicts": []
}
{
  "schemaVersion": 2,
  "runtime": "trio",
  "mode": "check",
  "descriptors": [
    {
      "targetId": "codex",
      "surface": "entry",
      "destination": "/private/var/folders/1_/m2vfg4n10n9_50cz0bmvnmx80000gn/T/trio-v2-production-fresh-MTEHPx/authority/AGENTS.md",
      "action": "update",
      "execution": "managed",
      "conflict": false
    },
    {
      "targetId": "codex",
      "surface": "trio",
      "destination": "/private/var/folders/1_/m2vfg4n10n9_50cz0bmvnmx80000gn/T/trio-v2-production-fresh-MTEHPx/authority/.agents/skills/trio/SKILL.md",
      "action": "update",
      "execution": "managed",
      "conflict": false
    },
    {
      "targetId": "codex",
      "surface": "dev",
      "destination": "/private/var/folders/1_/m2vfg4n10n9_50cz0bmvnmx80000gn/T/trio-v2-production-fresh-MTEHPx/authority/.agents/skills/trio/dev/SKILL.md",
      "action": "update",
      "execution": "managed",
      "conflict": false
    },
    {
      "targetId": "codex",
      "surface": "office",
      "destination": "/private/var/folders/1_/m2vfg4n10n9_50cz0bmvnmx80000gn/T/trio-v2-production-fresh-MTEHPx/authority/.agents/skills/trio/office/SKILL.md",
      "action": "update",
      "execution": "managed",
      "conflict": false
    },
    {
      "targetId": "codex",
      "surface": "safety",
      "destination": "/private/var/folders/1_/m2vfg4n10n9_50cz0bmvnmx80000gn/T/trio-v2-production-fresh-MTEHPx/authority/.agents/skills/trio/safety/SKILL.md",
      "action": "update",
      "execution": "managed",
      "conflict": false
    },
    {
      "targetId": "codex",
      "surface": "chiefops",
      "destination": "/private/var/folders/1_/m2vfg4n10n9_50cz0bmvnmx80000gn/T/trio-v2-production-fresh-MTEHPx/authority/.agents/skills/chiefops/SKILL.md",
      "action": "update",
      "execution": "managed",
      "conflict": false
    },
    {
      "targetId": "codex",
      "surface": "trio/references/execution.md",
      "destination": "/private/var/folders/1_/m2vfg4n10n9_50cz0bmvnmx80000gn/T/trio-v2-production-fresh-MTEHPx/authority/.agents/skills/trio/references/execution.md",
      "action": "update",
      "execution": "managed",
      "conflict": false
    },
    {
      "targetId": "codex",
      "surface": "dev/references/methods.md",
      "destination": "/private/var/folders/1_/m2vfg4n10n9_50cz0bmvnmx80000gn/T/trio-v2-production-fresh-MTEHPx/authority/.agents/skills/trio/dev/references/methods.md",
      "action": "update",
      "execution": "managed",
      "conflict": false
    },
    {
      "targetId": "codex",
      "surface": "dev/references/review.md",
      "destination": "/private/var/folders/1_/m2vfg4n10n9_50cz0bmvnmx80000gn/T/trio-v2-production-fresh-MTEHPx/authority/.agents/skills/trio/dev/references/review.md",
      "action": "update",
      "execution": "managed",
      "conflict": false
    },
    {
      "targetId": "codex",
      "surface": "dev/references/pr-feedback.md",
      "destination": "/private/var/folders/1_/m2vfg4n10n9_50cz0bmvnmx80000gn/T/trio-v2-production-fresh-MTEHPx/authority/.agents/skills/trio/dev/references/pr-feedback.md",
      "action": "update",
      "execution": "managed",
      "conflict": false
    },
    {
      "targetId": "codex",
      "surface": "chiefops/references/delegated-execution.md",
      "destination": "/private/var/folders/1_/m2vfg4n10n9_50cz0bmvnmx80000gn/T/trio-v2-production-fresh-MTEHPx/authority/.agents/skills/chiefops/references/delegated-execution.md",
      "action": "update",
      "execution": "managed",
      "conflict": false
    },
    {
      "targetId": "codex",
      "surface": "office/references/source-backed-work.md",
      "destination": "/private/var/folders/1_/m2vfg4n10n9_50cz0bmvnmx80000gn/T/trio-v2-production-fresh-MTEHPx/authority/.agents/skills/trio/office/references/source-backed-work.md",
      "action": "update",
      "execution": "managed",
      "conflict": false
    },
    {
      "targetId": "codex",
      "surface": "office/references/artifact-and-delivery.md",
      "destination": "/private/var/folders/1_/m2vfg4n10n9_50cz0bmvnmx80000gn/T/trio-v2-production-fresh-MTEHPx/authority/.agents/skills/trio/office/references/artifact-and-delivery.md",
      "action": "update",
      "execution": "managed",
      "conflict": false
    }
  ],
  "conflicts": []
}
{
  "schemaVersion": 2,
  "runtime": "trio",
  "mode": "apply",
  "descriptors": [
    {
      "targetId": "codex",
      "surface": "entry",
      "destination": "/private/var/folders/1_/m2vfg4n10n9_50cz0bmvnmx80000gn/T/trio-v2-production-fresh-MTEHPx/authority/AGENTS.md",
      "action": "update",
      "execution": "managed",
      "conflict": false
    },
    {
      "targetId": "codex",
      "surface": "trio",
      "destination": "/private/var/folders/1_/m2vfg4n10n9_50cz0bmvnmx80000gn/T/trio-v2-production-fresh-MTEHPx/authority/.agents/skills/trio/SKILL.md",
      "action": "update",
      "execution": "managed",
      "conflict": false
    },
    {
      "targetId": "codex",
      "surface": "dev",
      "destination": "/private/var/folders/1_/m2vfg4n10n9_50cz0bmvnmx80000gn/T/trio-v2-production-fresh-MTEHPx/authority/.agents/skills/trio/dev/SKILL.md",
      "action": "update",
      "execution": "managed",
      "conflict": false
    },
    {
      "targetId": "codex",
      "surface": "office",
      "destination": "/private/var/folders/1_/m2vfg4n10n9_50cz0bmvnmx80000gn/T/trio-v2-production-fresh-MTEHPx/authority/.agents/skills/trio/office/SKILL.md",
      "action": "update",
      "execution": "managed",
      "conflict": false
    },
    {
      "targetId": "codex",
      "surface": "safety",
      "destination": "/private/var/folders/1_/m2vfg4n10n9_50cz0bmvnmx80000gn/T/trio-v2-production-fresh-MTEHPx/authority/.agents/skills/trio/safety/SKILL.md",
      "action": "update",
      "execution": "managed",
      "conflict": false
    },
    {
      "targetId": "codex",
      "surface": "chiefops",
      "destination": "/private/var/folders/1_/m2vfg4n10n9_50cz0bmvnmx80000gn/T/trio-v2-production-fresh-MTEHPx/authority/.agents/skills/chiefops/SKILL.md",
      "action": "update",
      "execution": "managed",
      "conflict": false
    },
    {
      "targetId": "codex",
      "surface": "trio/references/execution.md",
      "destination": "/private/var/folders/1_/m2vfg4n10n9_50cz0bmvnmx80000gn/T/trio-v2-production-fresh-MTEHPx/authority/.agents/skills/trio/references/execution.md",
      "action": "update",
      "execution": "managed",
      "conflict": false
    },
    {
      "targetId": "codex",
      "surface": "dev/references/methods.md",
      "destination": "/private/var/folders/1_/m2vfg4n10n9_50cz0bmvnmx80000gn/T/trio-v2-production-fresh-MTEHPx/authority/.agents/skills/trio/dev/references/methods.md",
      "action": "update",
      "execution": "managed",
      "conflict": false
    },
    {
      "targetId": "codex",
      "surface": "dev/references/review.md",
      "destination": "/private/var/folders/1_/m2vfg4n10n9_50cz0bmvnmx80000gn/T/trio-v2-production-fresh-MTEHPx/authority/.agents/skills/trio/dev/references/review.md",
      "action": "update",
      "execution": "managed",
      "conflict": false
    },
    {
      "targetId": "codex",
      "surface": "dev/references/pr-feedback.md",
      "destination": "/private/var/folders/1_/m2vfg4n10n9_50cz0bmvnmx80000gn/T/trio-v2-production-fresh-MTEHPx/authority/.agents/skills/trio/dev/references/pr-feedback.md",
      "action": "update",
      "execution": "managed",
      "conflict": false
    },
    {
      "targetId": "codex",
      "surface": "chiefops/references/delegated-execution.md",
      "destination": "/private/var/folders/1_/m2vfg4n10n9_50cz0bmvnmx80000gn/T/trio-v2-production-fresh-MTEHPx/authority/.agents/skills/chiefops/references/delegated-execution.md",
      "action": "update",
      "execution": "managed",
      "conflict": false
    },
    {
      "targetId": "codex",
      "surface": "office/references/source-backed-work.md",
      "destination": "/private/var/folders/1_/m2vfg4n10n9_50cz0bmvnmx80000gn/T/trio-v2-production-fresh-MTEHPx/authority/.agents/skills/trio/office/references/source-backed-work.md",
      "action": "update",
      "execution": "managed",
      "conflict": false
    },
    {
      "targetId": "codex",
      "surface": "office/references/artifact-and-delivery.md",
      "destination": "/private/var/folders/1_/m2vfg4n10n9_50cz0bmvnmx80000gn/T/trio-v2-production-fresh-MTEHPx/authority/.agents/skills/trio/office/references/artifact-and-delivery.md",
      "action": "update",
      "execution": "managed",
      "conflict": false
    }
  ],
  "conflicts": []
}
{
  "schemaVersion": 2,
  "runtime": "trio",
  "readable": true,
  "descriptorCount": 13,
  "conflicts": [],
  "mode": "check-only"
}
{
  "schemaVersion": 2,
  "runtime": "trio",
  "opened": true,
  "rendered": false,
  "descriptorCount": 13,
  "conflicts": []
}
✔ production no-state defaults to Trio and uses one scope-aware environment for lifecycle commands (1400.390125ms)
✔ Trio projection passes externally captured target and parent conditions to every publication (409.0155ms)
{
  "runtime": "trio",
  "mode": "fresh",
  "writes": [
    "/private/var/folders/1_/m2vfg4n10n9_50cz0bmvnmx80000gn/T/trio-v2-production-concurrent-install-4Obp2v/authority/AGENTS.md",
    "/private/var/folders/1_/m2vfg4n10n9_50cz0bmvnmx80000gn/T/trio-v2-production-concurrent-install-4Obp2v/authority/.agents/skills/trio/SKILL.md",
    "/private/var/folders/1_/m2vfg4n10n9_50cz0bmvnmx80000gn/T/trio-v2-production-concurrent-install-4Obp2v/authority/.agents/skills/trio/dev/SKILL.md",
    "/private/var/folders/1_/m2vfg4n10n9_50cz0bmvnmx80000gn/T/trio-v2-production-concurrent-install-4Obp2v/authority/.agents/skills/trio/office/SKILL.md",
    "/private/var/folders/1_/m2vfg4n10n9_50cz0bmvnmx80000gn/T/trio-v2-production-concurrent-install-4Obp2v/authority/.agents/skills/trio/safety/SKILL.md",
    "/private/var/folders/1_/m2vfg4n10n9_50cz0bmvnmx80000gn/T/trio-v2-production-concurrent-install-4Obp2v/authority/.agents/skills/chiefops/SKILL.md",
    "/private/var/folders/1_/m2vfg4n10n9_50cz0bmvnmx80000gn/T/trio-v2-production-concurrent-install-4Obp2v/authority/.agents/skills/trio/references/execution.md",
    "/private/var/folders/1_/m2vfg4n10n9_50cz0bmvnmx80000gn/T/trio-v2-production-concurrent-install-4Obp2v/authority/.agents/skills/trio/dev/references/methods.md",
    "/private/var/folders/1_/m2vfg4n10n9_50cz0bmvnmx80000gn/T/trio-v2-production-concurrent-install-4Obp2v/authority/.agents/skills/trio/dev/references/review.md",
    "/private/var/folders/1_/m2vfg4n10n9_50cz0bmvnmx80000gn/T/trio-v2-production-concurrent-install-4Obp2v/authority/.agents/skills/trio/dev/references/pr-feedback.md",
    "/private/var/folders/1_/m2vfg4n10n9_50cz0bmvnmx80000gn/T/trio-v2-production-concurrent-install-4Obp2v/authority/.agents/skills/chiefops/references/delegated-execution.md",
    "/private/var/folders/1_/m2vfg4n10n9_50cz0bmvnmx80000gn/T/trio-v2-production-concurrent-install-4Obp2v/authority/.agents/skills/trio/office/references/source-backed-work.md",
    "/private/var/folders/1_/m2vfg4n10n9_50cz0bmvnmx80000gn/T/trio-v2-production-concurrent-install-4Obp2v/authority/.agents/skills/trio/office/references/artifact-and-delivery.md"
  ],
  "conflicts": []
}
{
  "runtime": "trio",
  "mode": "reinstall",
  "writes": [
    "/private/var/folders/1_/m2vfg4n10n9_50cz0bmvnmx80000gn/T/trio-v2-production-concurrent-install-4Obp2v/authority/AGENTS.md",
    "/private/var/folders/1_/m2vfg4n10n9_50cz0bmvnmx80000gn/T/trio-v2-production-concurrent-install-4Obp2v/authority/.agents/skills/trio/SKILL.md",
    "/private/var/folders/1_/m2vfg4n10n9_50cz0bmvnmx80000gn/T/trio-v2-production-concurrent-install-4Obp2v/authority/.agents/skills/trio/dev/SKILL.md",
    "/private/var/folders/1_/m2vfg4n10n9_50cz0bmvnmx80000gn/T/trio-v2-production-concurrent-install-4Obp2v/authority/.agents/skills/trio/office/SKILL.md",
    "/private/var/folders/1_/m2vfg4n10n9_50cz0bmvnmx80000gn/T/trio-v2-production-concurrent-install-4Obp2v/authority/.agents/skills/trio/safety/SKILL.md",
    "/private/var/folders/1_/m2vfg4n10n9_50cz0bmvnmx80000gn/T/trio-v2-production-concurrent-install-4Obp2v/authority/.agents/skills/chiefops/SKILL.md",
    "/private/var/folders/1_/m2vfg4n10n9_50cz0bmvnmx80000gn/T/trio-v2-production-concurrent-install-4Obp2v/authority/.agents/skills/trio/references/execution.md",
    "/private/var/folders/1_/m2vfg4n10n9_50cz0bmvnmx80000gn/T/trio-v2-production-concurrent-install-4Obp2v/authority/.agents/skills/trio/dev/references/methods.md",
    "/private/var/folders/1_/m2vfg4n10n9_50cz0bmvnmx80000gn/T/trio-v2-production-concurrent-install-4Obp2v/authority/.agents/skills/trio/dev/references/review.md",
    "/private/var/folders/1_/m2vfg4n10n9_50cz0bmvnmx80000gn/T/trio-v2-production-concurrent-install-4Obp2v/authority/.agents/skills/trio/dev/references/pr-feedback.md",
    "/private/var/folders/1_/m2vfg4n10n9_50cz0bmvnmx80000gn/T/trio-v2-production-concurrent-install-4Obp2v/authority/.agents/skills/chiefops/references/delegated-execution.md",
    "/private/var/folders/1_/m2vfg4n10n9_50cz0bmvnmx80000gn/T/trio-v2-production-concurrent-install-4Obp2v/authority/.agents/skills/trio/office/references/source-backed-work.md",
    "/private/var/folders/1_/m2vfg4n10n9_50cz0bmvnmx80000gn/T/trio-v2-production-concurrent-install-4Obp2v/authority/.agents/skills/trio/office/references/artifact-and-delivery.md"
  ],
  "conflicts": []
}
✔ concurrent production installs serialize and re-probe state inside the authority publication lock (999.992708ms)
✔ a residual publication lock makes actual production install time out before any state or target mutation (2099.01125ms)
✔ a persisted V1 fixture requires explicit upgrade and never falls through to fresh Trio overwrite (24.278416ms)
{
  "runtime": "trio",
  "mode": "fresh",
  "writes": [
    "/private/var/folders/1_/m2vfg4n10n9_50cz0bmvnmx80000gn/T/trio-v2-production-v2-reinstall-uFM2fy/authority/AGENTS.md",
    "/private/var/folders/1_/m2vfg4n10n9_50cz0bmvnmx80000gn/T/trio-v2-production-v2-reinstall-uFM2fy/authority/.agents/skills/trio/SKILL.md",
    "/private/var/folders/1_/m2vfg4n10n9_50cz0bmvnmx80000gn/T/trio-v2-production-v2-reinstall-uFM2fy/authority/.agents/skills/trio/dev/SKILL.md",
    "/private/var/folders/1_/m2vfg4n10n9_50cz0bmvnmx80000gn/T/trio-v2-production-v2-reinstall-uFM2fy/authority/.agents/skills/trio/office/SKILL.md",
    "/private/var/folders/1_/m2vfg4n10n9_50cz0bmvnmx80000gn/T/trio-v2-production-v2-reinstall-uFM2fy/authority/.agents/skills/trio/safety/SKILL.md",
    "/private/var/folders/1_/m2vfg4n10n9_50cz0bmvnmx80000gn/T/trio-v2-production-v2-reinstall-uFM2fy/authority/.agents/skills/chiefops/SKILL.md",
    "/private/var/folders/1_/m2vfg4n10n9_50cz0bmvnmx80000gn/T/trio-v2-production-v2-reinstall-uFM2fy/authority/.agents/skills/trio/references/execution.md",
    "/private/var/folders/1_/m2vfg4n10n9_50cz0bmvnmx80000gn/T/trio-v2-production-v2-reinstall-uFM2fy/authority/.agents/skills/trio/dev/references/methods.md",
    "/private/var/folders/1_/m2vfg4n10n9_50cz0bmvnmx80000gn/T/trio-v2-production-v2-reinstall-uFM2fy/authority/.agents/skills/trio/dev/references/review.md",
    "/private/var/folders/1_/m2vfg4n10n9_50cz0bmvnmx80000gn/T/trio-v2-production-v2-reinstall-uFM2fy/authority/.agents/skills/trio/dev/references/pr-feedback.md",
    "/private/var/folders/1_/m2vfg4n10n9_50cz0bmvnmx80000gn/T/trio-v2-production-v2-reinstall-uFM2fy/authority/.agents/skills/chiefops/references/delegated-execution.md",
    "/private/var/folders/1_/m2vfg4n10n9_50cz0bmvnmx80000gn/T/trio-v2-production-v2-reinstall-uFM2fy/authority/.agents/skills/trio/office/references/source-backed-work.md",
    "/private/var/folders/1_/m2vfg4n10n9_50cz0bmvnmx80000gn/T/trio-v2-production-v2-reinstall-uFM2fy/authority/.agents/skills/trio/office/references/artifact-and-delivery.md"
  ],
  "conflicts": []
}
{
  "runtime": "trio",
  "mode": "reinstall",
  "writes": [
    "/private/var/folders/1_/m2vfg4n10n9_50cz0bmvnmx80000gn/T/trio-v2-production-v2-reinstall-uFM2fy/authority/AGENTS.md",
    "/private/var/folders/1_/m2vfg4n10n9_50cz0bmvnmx80000gn/T/trio-v2-production-v2-reinstall-uFM2fy/authority/.agents/skills/trio/SKILL.md",
    "/private/var/folders/1_/m2vfg4n10n9_50cz0bmvnmx80000gn/T/trio-v2-production-v2-reinstall-uFM2fy/authority/.agents/skills/trio/dev/SKILL.md",
    "/private/var/folders/1_/m2vfg4n10n9_50cz0bmvnmx80000gn/T/trio-v2-production-v2-reinstall-uFM2fy/authority/.agents/skills/trio/office/SKILL.md",
    "/private/var/folders/1_/m2vfg4n10n9_50cz0bmvnmx80000gn/T/trio-v2-production-v2-reinstall-uFM2fy/authority/.agents/skills/trio/safety/SKILL.md",
    "/private/var/folders/1_/m2vfg4n10n9_50cz0bmvnmx80000gn/T/trio-v2-production-v2-reinstall-uFM2fy/authority/.agents/skills/chiefops/SKILL.md",
    "/private/var/folders/1_/m2vfg4n10n9_50cz0bmvnmx80000gn/T/trio-v2-production-v2-reinstall-uFM2fy/authority/.agents/skills/trio/references/execution.md",
    "/private/var/folders/1_/m2vfg4n10n9_50cz0bmvnmx80000gn/T/trio-v2-production-v2-reinstall-uFM2fy/authority/.agents/skills/trio/dev/references/methods.md",
    "/private/var/folders/1_/m2vfg4n10n9_50cz0bmvnmx80000gn/T/trio-v2-production-v2-reinstall-uFM2fy/authority/.agents/skills/trio/dev/references/review.md",
    "/private/var/folders/1_/m2vfg4n10n9_50cz0bmvnmx80000gn/T/trio-v2-production-v2-reinstall-uFM2fy/authority/.agents/skills/trio/dev/references/pr-feedback.md",
    "/private/var/folders/1_/m2vfg4n10n9_50cz0bmvnmx80000gn/T/trio-v2-production-v2-reinstall-uFM2fy/authority/.agents/skills/chiefops/references/delegated-execution.md",
    "/private/var/folders/1_/m2vfg4n10n9_50cz0bmvnmx80000gn/T/trio-v2-production-v2-reinstall-uFM2fy/authority/.agents/skills/trio/office/references/source-backed-work.md",
    "/private/var/folders/1_/m2vfg4n10n9_50cz0bmvnmx80000gn/T/trio-v2-production-v2-reinstall-uFM2fy/authority/.agents/skills/trio/office/references/artifact-and-delivery.md"
  ],
  "conflicts": []
}
✔ production V2 reinstall preserves recovery and ownership while refusing user-owned drift (974.919333ms)
✔ production projection settles zero, single-scope, and both-scope managed surface cardinalities (1368.465666ms)
{
  "runtime": "trio",
  "mode": "fresh",
  "writes": [
    "/private/var/folders/1_/m2vfg4n10n9_50cz0bmvnmx80000gn/T/trio-v2-production-diagnostic-missing-38RF1B/authority/AGENTS.md",
    "/private/var/folders/1_/m2vfg4n10n9_50cz0bmvnmx80000gn/T/trio-v2-production-diagnostic-missing-38RF1B/authority/.agents/skills/trio/SKILL.md",
    "/private/var/folders/1_/m2vfg4n10n9_50cz0bmvnmx80000gn/T/trio-v2-production-diagnostic-missing-38RF1B/authority/.agents/skills/trio/dev/SKILL.md",
    "/private/var/folders/1_/m2vfg4n10n9_50cz0bmvnmx80000gn/T/trio-v2-production-diagnostic-missing-38RF1B/authority/.agents/skills/trio/office/SKILL.md",
    "/private/var/folders/1_/m2vfg4n10n9_50cz0bmvnmx80000gn/T/trio-v2-production-diagnostic-missing-38RF1B/authority/.agents/skills/trio/safety/SKILL.md",
    "/private/var/folders/1_/m2vfg4n10n9_50cz0bmvnmx80000gn/T/trio-v2-production-diagnostic-missing-38RF1B/authority/.agents/skills/chiefops/SKILL.md",
    "/private/var/folders/1_/m2vfg4n10n9_50cz0bmvnmx80000gn/T/trio-v2-production-diagnostic-missing-38RF1B/authority/.agents/skills/trio/references/execution.md",
    "/private/var/folders/1_/m2vfg4n10n9_50cz0bmvnmx80000gn/T/trio-v2-production-diagnostic-missing-38RF1B/authority/.agents/skills/trio/dev/references/methods.md",
    "/private/var/folders/1_/m2vfg4n10n9_50cz0bmvnmx80000gn/T/trio-v2-production-diagnostic-missing-38RF1B/authority/.agents/skills/trio/dev/references/review.md",
    "/private/var/folders/1_/m2vfg4n10n9_50cz0bmvnmx80000gn/T/trio-v2-production-diagnostic-missing-38RF1B/authority/.agents/skills/trio/dev/references/pr-feedback.md",
    "/private/var/folders/1_/m2vfg4n10n9_50cz0bmvnmx80000gn/T/trio-v2-production-diagnostic-missing-38RF1B/authority/.agents/skills/chiefops/references/delegated-execution.md",
    "/private/var/folders/1_/m2vfg4n10n9_50cz0bmvnmx80000gn/T/trio-v2-production-diagnostic-missing-38RF1B/authority/.agents/skills/trio/office/references/source-backed-work.md",
    "/private/var/folders/1_/m2vfg4n10n9_50cz0bmvnmx80000gn/T/trio-v2-production-diagnostic-missing-38RF1B/authority/.agents/skills/trio/office/references/artifact-and-delivery.md"
  ],
  "conflicts": []
}
✔ production doctor and verify fail closed on a missing managed projection (475.408833ms)
{
  "runtime": "trio",
  "mode": "fresh",
  "writes": [
    "/private/var/folders/1_/m2vfg4n10n9_50cz0bmvnmx80000gn/T/trio-v2-production-diagnostic-content-drift-LhIlR5/authority/AGENTS.md",
    "/private/var/folders/1_/m2vfg4n10n9_50cz0bmvnmx80000gn/T/trio-v2-production-diagnostic-content-drift-LhIlR5/authority/.agents/skills/trio/SKILL.md",
    "/private/var/folders/1_/m2vfg4n10n9_50cz0bmvnmx80000gn/T/trio-v2-production-diagnostic-content-drift-LhIlR5/authority/.agents/skills/trio/dev/SKILL.md",
    "/private/var/folders/1_/m2vfg4n10n9_50cz0bmvnmx80000gn/T/trio-v2-production-diagnostic-content-drift-LhIlR5/authority/.agents/skills/trio/office/SKILL.md",
    "/private/var/folders/1_/m2vfg4n10n9_50cz0bmvnmx80000gn/T/trio-v2-production-diagnostic-content-drift-LhIlR5/authority/.agents/skills/trio/safety/SKILL.md",
    "/private/var/folders/1_/m2vfg4n10n9_50cz0bmvnmx80000gn/T/trio-v2-production-diagnostic-content-drift-LhIlR5/authority/.agents/skills/chiefops/SKILL.md",
    "/private/var/folders/1_/m2vfg4n10n9_50cz0bmvnmx80000gn/T/trio-v2-production-diagnostic-content-drift-LhIlR5/authority/.agents/skills/trio/references/execution.md",
    "/private/var/folders/1_/m2vfg4n10n9_50cz0bmvnmx80000gn/T/trio-v2-production-diagnostic-content-drift-LhIlR5/authority/.agents/skills/trio/dev/references/methods.md",
    "/private/var/folders/1_/m2vfg4n10n9_50cz0bmvnmx80000gn/T/trio-v2-production-diagnostic-content-drift-LhIlR5/authority/.agents/skills/trio/dev/references/review.md",
    "/private/var/folders/1_/m2vfg4n10n9_50cz0bmvnmx80000gn/T/trio-v2-production-diagnostic-content-drift-LhIlR5/authority/.agents/skills/trio/dev/references/pr-feedback.md",
    "/private/var/folders/1_/m2vfg4n10n9_50cz0bmvnmx80000gn/T/trio-v2-production-diagnostic-content-drift-LhIlR5/authority/.agents/skills/chiefops/references/delegated-execution.md",
    "/private/var/folders/1_/m2vfg4n10n9_50cz0bmvnmx80000gn/T/trio-v2-production-diagnostic-content-drift-LhIlR5/authority/.agents/skills/trio/office/references/source-backed-work.md",
    "/private/var/folders/1_/m2vfg4n10n9_50cz0bmvnmx80000gn/T/trio-v2-production-diagnostic-content-drift-LhIlR5/authority/.agents/skills/trio/office/references/artifact-and-delivery.md"
  ],
  "conflicts": []
}
✔ production doctor and verify fail closed on user content drift (406.155916ms)
{
  "runtime": "trio",
  "mode": "fresh",
  "writes": [
    "/private/var/folders/1_/m2vfg4n10n9_50cz0bmvnmx80000gn/T/trio-v2-production-diagnostic-ownership-drift-rNxpJN/authority/AGENTS.md",
    "/private/var/folders/1_/m2vfg4n10n9_50cz0bmvnmx80000gn/T/trio-v2-production-diagnostic-ownership-drift-rNxpJN/authority/.agents/skills/trio/SKILL.md",
    "/private/var/folders/1_/m2vfg4n10n9_50cz0bmvnmx80000gn/T/trio-v2-production-diagnostic-ownership-drift-rNxpJN/authority/.agents/skills/trio/dev/SKILL.md",
    "/private/var/folders/1_/m2vfg4n10n9_50cz0bmvnmx80000gn/T/trio-v2-production-diagnostic-ownership-drift-rNxpJN/authority/.agents/skills/trio/office/SKILL.md",
    "/private/var/folders/1_/m2vfg4n10n9_50cz0bmvnmx80000gn/T/trio-v2-production-diagnostic-ownership-drift-rNxpJN/authority/.agents/skills/trio/safety/SKILL.md",
    "/private/var/folders/1_/m2vfg4n10n9_50cz0bmvnmx80000gn/T/trio-v2-production-diagnostic-ownership-drift-rNxpJN/authority/.agents/skills/chiefops/SKILL.md",
    "/private/var/folders/1_/m2vfg4n10n9_50cz0bmvnmx80000gn/T/trio-v2-production-diagnostic-ownership-drift-rNxpJN/authority/.agents/skills/trio/references/execution.md",
    "/private/var/folders/1_/m2vfg4n10n9_50cz0bmvnmx80000gn/T/trio-v2-production-diagnostic-ownership-drift-rNxpJN/authority/.agents/skills/trio/dev/references/methods.md",
    "/private/var/folders/1_/m2vfg4n10n9_50cz0bmvnmx80000gn/T/trio-v2-production-diagnostic-ownership-drift-rNxpJN/authority/.agents/skills/trio/dev/references/review.md",
    "/private/var/folders/1_/m2vfg4n10n9_50cz0bmvnmx80000gn/T/trio-v2-production-diagnostic-ownership-drift-rNxpJN/authority/.agents/skills/trio/dev/references/pr-feedback.md",
    "/private/var/folders/1_/m2vfg4n10n9_50cz0bmvnmx80000gn/T/trio-v2-production-diagnostic-ownership-drift-rNxpJN/authority/.agents/skills/chiefops/references/delegated-execution.md",
    "/private/var/folders/1_/m2vfg4n10n9_50cz0bmvnmx80000gn/T/trio-v2-production-diagnostic-ownership-drift-rNxpJN/authority/.agents/skills/trio/office/references/source-backed-work.md",
    "/private/var/folders/1_/m2vfg4n10n9_50cz0bmvnmx80000gn/T/trio-v2-production-diagnostic-ownership-drift-rNxpJN/authority/.agents/skills/trio/office/references/artifact-and-delivery.md"
  ],
  "conflicts": []
}
✔ production doctor and verify fail closed on ownership evidence drift (381.361834ms)
{
  "runtime": "trio",
  "mode": "fresh",
  "writes": [
    "/private/var/folders/1_/m2vfg4n10n9_50cz0bmvnmx80000gn/T/trio-v2-production-diagnostic-physical-gate-Z8SmBN/authority/AGENTS.md",
    "/private/var/folders/1_/m2vfg4n10n9_50cz0bmvnmx80000gn/T/trio-v2-production-diagnostic-physical-gate-Z8SmBN/authority/.agents/skills/trio/SKILL.md",
    "/private/var/folders/1_/m2vfg4n10n9_50cz0bmvnmx80000gn/T/trio-v2-production-diagnostic-physical-gate-Z8SmBN/authority/.agents/skills/trio/dev/SKILL.md",
    "/private/var/folders/1_/m2vfg4n10n9_50cz0bmvnmx80000gn/T/trio-v2-production-diagnostic-physical-gate-Z8SmBN/authority/.agents/skills/trio/office/SKILL.md",
    "/private/var/folders/1_/m2vfg4n10n9_50cz0bmvnmx80000gn/T/trio-v2-production-diagnostic-physical-gate-Z8SmBN/authority/.agents/skills/trio/safety/SKILL.md",
    "/private/var/folders/1_/m2vfg4n10n9_50cz0bmvnmx80000gn/T/trio-v2-production-diagnostic-physical-gate-Z8SmBN/authority/.agents/skills/chiefops/SKILL.md",
    "/private/var/folders/1_/m2vfg4n10n9_50cz0bmvnmx80000gn/T/trio-v2-production-diagnostic-physical-gate-Z8SmBN/authority/.agents/skills/trio/references/execution.md",
    "/private/var/folders/1_/m2vfg4n10n9_50cz0bmvnmx80000gn/T/trio-v2-production-diagnostic-physical-gate-Z8SmBN/authority/.agents/skills/trio/dev/references/methods.md",
    "/private/var/folders/1_/m2vfg4n10n9_50cz0bmvnmx80000gn/T/trio-v2-production-diagnostic-physical-gate-Z8SmBN/authority/.agents/skills/trio/dev/references/review.md",
    "/private/var/folders/1_/m2vfg4n10n9_50cz0bmvnmx80000gn/T/trio-v2-production-diagnostic-physical-gate-Z8SmBN/authority/.agents/skills/trio/dev/references/pr-feedback.md",
    "/private/var/folders/1_/m2vfg4n10n9_50cz0bmvnmx80000gn/T/trio-v2-production-diagnostic-physical-gate-Z8SmBN/authority/.agents/skills/chiefops/references/delegated-execution.md",
    "/private/var/folders/1_/m2vfg4n10n9_50cz0bmvnmx80000gn/T/trio-v2-production-diagnostic-physical-gate-Z8SmBN/authority/.agents/skills/trio/office/references/source-backed-work.md",
    "/private/var/folders/1_/m2vfg4n10n9_50cz0bmvnmx80000gn/T/trio-v2-production-diagnostic-physical-gate-Z8SmBN/authority/.agents/skills/trio/office/references/artifact-and-delivery.md"
  ],
  "conflicts": []
}
✔ production doctor and verify preserve physical-gate failure for a symlinked projection (383.10975ms)
✔ Trio apply preserves a foreign create after an absent precondition and reports incomplete rollback honestly (47.396958ms)
✔ production install retains foreign V1 state injected immediately after its lock-held absent probe (210.549791ms)
✔ Trio apply consumes a thrown Core publication receipt and compensates its proven identity (43.485375ms)
✔ Trio compensation preserves a stable parent replacement encountered after a proven publication (43.729625ms)
✔ Trio apply preserves a stable real parent replacement with zero later target or state mutation (22.182042ms)
{
  "runtime": "trio",
  "mode": "upgrade",
  "writes": [
    "/private/var/folders/1_/m2vfg4n10n9_50cz0bmvnmx80000gn/T/trio-v2-production-upgrade-v1-standard-q5Umqs/home/.codex/AGENTS.md",
    "/private/var/folders/1_/m2vfg4n10n9_50cz0bmvnmx80000gn/T/trio-v2-production-upgrade-v1-standard-q5Umqs/home/.agents/skills/trio/SKILL.md",
    "/private/var/folders/1_/m2vfg4n10n9_50cz0bmvnmx80000gn/T/trio-v2-production-upgrade-v1-standard-q5Umqs/home/.agents/skills/trio/dev/SKILL.md",
    "/private/var/folders/1_/m2vfg4n10n9_50cz0bmvnmx80000gn/T/trio-v2-production-upgrade-v1-standard-q5Umqs/home/.agents/skills/trio/office/SKILL.md",
    "/private/var/folders/1_/m2vfg4n10n9_50cz0bmvnmx80000gn/T/trio-v2-production-upgrade-v1-standard-q5Umqs/home/.agents/skills/trio/safety/SKILL.md",
    "/private/var/folders/1_/m2vfg4n10n9_50cz0bmvnmx80000gn/T/trio-v2-production-upgrade-v1-standard-q5Umqs/home/.agents/skills/chiefops/SKILL.md",
    "/private/var/folders/1_/m2vfg4n10n9_50cz0bmvnmx80000gn/T/trio-v2-production-upgrade-v1-standard-q5Umqs/home/.agents/skills/trio/references/execution.md",
    "/private/var/folders/1_/m2vfg4n10n9_50cz0bmvnmx80000gn/T/trio-v2-production-upgrade-v1-standard-q5Umqs/home/.agents/skills/trio/dev/references/methods.md",
    "/private/var/folders/1_/m2vfg4n10n9_50cz0bmvnmx80000gn/T/trio-v2-production-upgrade-v1-standard-q5Umqs/home/.agents/skills/trio/dev/references/review.md",
    "/private/var/folders/1_/m2vfg4n10n9_50cz0bmvnmx80000gn/T/trio-v2-production-upgrade-v1-standard-q5Umqs/home/.agents/skills/trio/dev/references/pr-feedback.md",
    "/private/var/folders/1_/m2vfg4n10n9_50cz0bmvnmx80000gn/T/trio-v2-production-upgrade-v1-standard-q5Umqs/home/.agents/skills/chiefops/references/delegated-execution.md",
    "/private/var/folders/1_/m2vfg4n10n9_50cz0bmvnmx80000gn/T/trio-v2-production-upgrade-v1-standard-q5Umqs/home/.agents/skills/trio/office/references/source-backed-work.md",
    "/private/var/folders/1_/m2vfg4n10n9_50cz0bmvnmx80000gn/T/trio-v2-production-upgrade-v1-standard-q5Umqs/home/.agents/skills/trio/office/references/artifact-and-delivery.md"
  ],
  "conflicts": [
    {
      "targetId": "cursor",
      "surface": "entry",
      "destination": "/private/var/folders/1_/m2vfg4n10n9_50cz0bmvnmx80000gn/T/trio-v2-production-upgrade-v1-standard-q5Umqs/home/manual/cursor/entry-policy.md",
      "reason": "destination-observation-unknown"
    },
    {
      "targetId": "cursor",
      "surface": "trio",
      "destination": "/private/var/folders/1_/m2vfg4n10n9_50cz0bmvnmx80000gn/T/trio-v2-production-upgrade-v1-standard-q5Umqs/home/manual/cursor/skills/trio/SKILL.md",
      "reason": "destination-observation-unknown"
    },
    {
      "targetId": "cursor",
      "surface": "dev",
      "destination": "/private/var/folders/1_/m2vfg4n10n9_50cz0bmvnmx80000gn/T/trio-v2-production-upgrade-v1-standard-q5Umqs/home/manual/cursor/skills/trio/dev/SKILL.md",
      "reason": "destination-observation-unknown"
    },
    {
      "targetId": "cursor",
      "surface": "office",
      "destination": "/private/var/folders/1_/m2vfg4n10n9_50cz0bmvnmx80000gn/T/trio-v2-production-upgrade-v1-standard-q5Umqs/home/manual/cursor/skills/trio/office/SKILL.md",
      "reason": "destination-observation-unknown"
    },
    {
      "targetId": "cursor",
      "surface": "safety",
      "destination": "/private/var/folders/1_/m2vfg4n10n9_50cz0bmvnmx80000gn/T/trio-v2-production-upgrade-v1-standard-q5Umqs/home/manual/cursor/skills/trio/safety/SKILL.md",
      "reason": "destination-observation-unknown"
    },
    {
      "targetId": "cursor",
      "surface": "chiefops",
      "destination": "/private/var/folders/1_/m2vfg4n10n9_50cz0bmvnmx80000gn/T/trio-v2-production-upgrade-v1-standard-q5Umqs/home/manual/cursor/skills/chiefops/SKILL.md",
      "reason": "destination-observation-unknown"
    },
    {
      "targetId": "cursor",
      "surface": "trio/references/execution.md",
      "destination": "/private/var/folders/1_/m2vfg4n10n9_50cz0bmvnmx80000gn/T/trio-v2-production-upgrade-v1-standard-q5Umqs/home/manual/cursor/skills/trio/references/execution.md",
      "reason": "destination-observation-unknown"
    },
    {
      "targetId": "cursor",
      "surface": "dev/references/methods.md",
      "destination": "/private/var/folders/1_/m2vfg4n10n9_50cz0bmvnmx80000gn/T/trio-v2-production-upgrade-v1-standard-q5Umqs/home/manual/cursor/skills/trio/dev/references/methods.md",
      "reason": "destination-observation-unknown"
    },
    {
      "targetId": "cursor",
      "surface": "dev/references/review.md",
      "destination": "/private/var/folders/1_/m2vfg4n10n9_50cz0bmvnmx80000gn/T/trio-v2-production-upgrade-v1-standard-q5Umqs/home/manual/cursor/skills/trio/dev/references/review.md",
      "reason": "destination-observation-unknown"
    },
    {
      "targetId": "cursor",
      "surface": "dev/references/pr-feedback.md",
      "destination": "/private/var/folders/1_/m2vfg4n10n9_50cz0bmvnmx80000gn/T/trio-v2-production-upgrade-v1-standard-q5Umqs/home/manual/cursor/skills/trio/dev/references/pr-feedback.md",
      "reason": "destination-observation-unknown"
    },
    {
      "targetId": "cursor",
      "surface": "chiefops/references/delegated-execution.md",
      "destination": "/private/var/folders/1_/m2vfg4n10n9_50cz0bmvnmx80000gn/T/trio-v2-production-upgrade-v1-standard-q5Umqs/home/manual/cursor/skills/chiefops/references/delegated-execution.md",
      "reason": "destination-observation-unknown"
    },
    {
      "targetId": "cursor",
      "surface": "office/references/source-backed-work.md",
      "destination": "/private/var/folders/1_/m2vfg4n10n9_50cz0bmvnmx80000gn/T/trio-v2-production-upgrade-v1-standard-q5Umqs/home/manual/cursor/skills/trio/office/references/source-backed-work.md",
      "reason": "destination-observation-unknown"
    },
    {
      "targetId": "cursor",
      "surface": "office/references/artifact-and-delivery.md",
      "destination": "/private/var/folders/1_/m2vfg4n10n9_50cz0bmvnmx80000gn/T/trio-v2-production-upgrade-v1-standard-q5Umqs/home/manual/cursor/skills/trio/office/references/artifact-and-delivery.md",
      "reason": "destination-observation-unknown"
    }
  ]
}
{
  "schemaVersion": 2,
  "runtime": "trio",
  "mode": "dry-run",
  "descriptors": [
    {
      "targetId": "codex",
      "surface": "entry",
      "destination": "/private/var/folders/1_/m2vfg4n10n9_50cz0bmvnmx80000gn/T/trio-v2-production-upgrade-v1-standard-q5Umqs/home/.codex/AGENTS.md",
      "action": "update",
      "execution": "managed",
      "conflict": false
    },
    {
      "targetId": "codex",
      "surface": "trio",
      "destination": "/private/var/folders/1_/m2vfg4n10n9_50cz0bmvnmx80000gn/T/trio-v2-production-upgrade-v1-standard-q5Umqs/home/.agents/skills/trio/SKILL.md",
      "action": "update",
      "execution": "managed",
      "conflict": false
    },
    {
      "targetId": "codex",
      "surface": "dev",
      "destination": "/private/var/folders/1_/m2vfg4n10n9_50cz0bmvnmx80000gn/T/trio-v2-production-upgrade-v1-standard-q5Umqs/home/.agents/skills/trio/dev/SKILL.md",
      "action": "update",
      "execution": "managed",
      "conflict": false
    },
    {
      "targetId": "codex",
      "surface": "office",
      "destination": "/private/var/folders/1_/m2vfg4n10n9_50cz0bmvnmx80000gn/T/trio-v2-production-upgrade-v1-standard-q5Umqs/home/.agents/skills/trio/office/SKILL.md",
      "action": "update",
      "execution": "managed",
      "conflict": false
    },
    {
      "targetId": "codex",
      "surface": "safety",
      "destination": "/private/var/folders/1_/m2vfg4n10n9_50cz0bmvnmx80000gn/T/trio-v2-production-upgrade-v1-standard-q5Umqs/home/.agents/skills/trio/safety/SKILL.md",
      "action": "update",
      "execution": "managed",
      "conflict": false
    },
    {
      "targetId": "codex",
      "surface": "chiefops",
      "destination": "/private/var/folders/1_/m2vfg4n10n9_50cz0bmvnmx80000gn/T/trio-v2-production-upgrade-v1-standard-q5Umqs/home/.agents/skills/chiefops/SKILL.md",
      "action": "update",
      "execution": "managed",
      "conflict": false
    },
    {
      "targetId": "codex",
      "surface": "trio/references/execution.md",
      "destination": "/private/var/folders/1_/m2vfg4n10n9_50cz0bmvnmx80000gn/T/trio-v2-production-upgrade-v1-standard-q5Umqs/home/.agents/skills/trio/references/execution.md",
      "action": "update",
      "execution": "managed",
      "conflict": false
    },
    {
      "targetId": "codex",
      "surface": "dev/references/methods.md",
      "destination": "/private/var/folders/1_/m2vfg4n10n9_50cz0bmvnmx80000gn/T/trio-v2-production-upgrade-v1-standard-q5Umqs/home/.agents/skills/trio/dev/references/methods.md",
      "action": "update",
      "execution": "managed",
      "conflict": false
    },
    {
      "targetId": "codex",
      "surface": "dev/references/review.md",
      "destination": "/private/var/folders/1_/m2vfg4n10n9_50cz0bmvnmx80000gn/T/trio-v2-production-upgrade-v1-standard-q5Umqs/home/.agents/skills/trio/dev/references/review.md",
      "action": "update",
      "execution": "managed",
      "conflict": false
    },
    {
      "targetId": "codex",
      "surface": "dev/references/pr-feedback.md",
      "destination": "/private/var/folders/1_/m2vfg4n10n9_50cz0bmvnmx80000gn/T/trio-v2-production-upgrade-v1-standard-q5Umqs/home/.agents/skills/trio/dev/references/pr-feedback.md",
      "action": "update",
      "execution": "managed",
      "conflict": false
    },
    {
      "targetId": "codex",
      "surface": "chiefops/references/delegated-execution.md",
      "destination": "/private/var/folders/1_/m2vfg4n10n9_50cz0bmvnmx80000gn/T/trio-v2-production-upgrade-v1-standard-q5Umqs/home/.agents/skills/chiefops/references/delegated-execution.md",
      "action": "update",
      "execution": "managed",
      "conflict": false
    },
    {
      "targetId": "codex",
      "surface": "office/references/source-backed-work.md",
      "destination": "/private/var/folders/1_/m2vfg4n10n9_50cz0bmvnmx80000gn/T/trio-v2-production-upgrade-v1-standard-q5Umqs/home/.agents/skills/trio/office/references/source-backed-work.md",
      "action": "update",
      "execution": "managed",
      "conflict": false
    },
    {
      "targetId": "codex",
      "surface": "office/references/artifact-and-delivery.md",
      "destination": "/private/var/folders/1_/m2vfg4n10n9_50cz0bmvnmx80000gn/T/trio-v2-production-upgrade-v1-standard-q5Umqs/home/.agents/skills/trio/office/references/artifact-and-delivery.md",
      "action": "update",
      "execution": "managed",
      "conflict": false
    },
    {
      "targetId": "cursor",
      "surface": "entry",
      "destination": "/private/var/folders/1_/m2vfg4n10n9_50cz0bmvnmx80000gn/T/trio-v2-production-upgrade-v1-standard-q5Umqs/home/manual/cursor/entry-policy.md",
      "action": "preserve",
      "execution": "manual",
      "conflict": true
    },
    {
      "targetId": "cursor",
      "surface": "trio",
      "destination": "/private/var/folders/1_/m2vfg4n10n9_50cz0bmvnmx80000gn/T/trio-v2-production-upgrade-v1-standard-q5Umqs/home/manual/cursor/skills/trio/SKILL.md",
      "action": "preserve",
      "execution": "manual",
      "conflict": true
    },
    {
      "targetId": "cursor",
      "surface": "dev",
      "destination": "/private/var/folders/1_/m2vfg4n10n9_50cz0bmvnmx80000gn/T/trio-v2-production-upgrade-v1-standard-q5Umqs/home/manual/cursor/skills/trio/dev/SKILL.md",
      "action": "preserve",
      "execution": "manual",
      "conflict": true
    },
    {
      "targetId": "cursor",
      "surface": "office",
      "destination": "/private/var/folders/1_/m2vfg4n10n9_50cz0bmvnmx80000gn/T/trio-v2-production-upgrade-v1-standard-q5Umqs/home/manual/cursor/skills/trio/office/SKILL.md",
      "action": "preserve",
      "execution": "manual",
      "conflict": true
    },
    {
      "targetId": "cursor",
      "surface": "safety",
      "destination": "/private/var/folders/1_/m2vfg4n10n9_50cz0bmvnmx80000gn/T/trio-v2-production-upgrade-v1-standard-q5Umqs/home/manual/cursor/skills/trio/safety/SKILL.md",
      "action": "preserve",
      "execution": "manual",
      "conflict": true
    },
    {
      "targetId": "cursor",
      "surface": "chiefops",
      "destination": "/private/var/folders/1_/m2vfg4n10n9_50cz0bmvnmx80000gn/T/trio-v2-production-upgrade-v1-standard-q5Umqs/home/manual/cursor/skills/chiefops/SKILL.md",
      "action": "preserve",
      "execution": "manual",
      "conflict": true
    },
    {
      "targetId": "cursor",
      "surface": "trio/references/execution.md",
      "destination": "/private/var/folders/1_/m2vfg4n10n9_50cz0bmvnmx80000gn/T/trio-v2-production-upgrade-v1-standard-q5Umqs/home/manual/cursor/skills/trio/references/execution.md",
      "action": "preserve",
      "execution": "manual",
      "conflict": true
    },
    {
      "targetId": "cursor",
      "surface": "dev/references/methods.md",
      "destination": "/private/var/folders/1_/m2vfg4n10n9_50cz0bmvnmx80000gn/T/trio-v2-production-upgrade-v1-standard-q5Umqs/home/manual/cursor/skills/trio/dev/references/methods.md",
      "action": "preserve",
      "execution": "manual",
      "conflict": true
    },
    {
      "targetId": "cursor",
      "surface": "dev/references/review.md",
      "destination": "/private/var/folders/1_/m2vfg4n10n9_50cz0bmvnmx80000gn/T/trio-v2-production-upgrade-v1-standard-q5Umqs/home/manual/cursor/skills/trio/dev/references/review.md",
      "action": "preserve",
      "execution": "manual",
      "conflict": true
    },
    {
      "targetId": "cursor",
      "surface": "dev/references/pr-feedback.md",
      "destination": "/private/var/folders/1_/m2vfg4n10n9_50cz0bmvnmx80000gn/T/trio-v2-production-upgrade-v1-standard-q5Umqs/home/manual/cursor/skills/trio/dev/references/pr-feedback.md",
      "action": "preserve",
      "execution": "manual",
      "conflict": true
    },
    {
      "targetId": "cursor",
      "surface": "chiefops/references/delegated-execution.md",
      "destination": "/private/var/folders/1_/m2vfg4n10n9_50cz0bmvnmx80000gn/T/trio-v2-production-upgrade-v1-standard-q5Umqs/home/manual/cursor/skills/chiefops/references/delegated-execution.md",
      "action": "preserve",
      "execution": "manual",
      "conflict": true
    },
    {
      "targetId": "cursor",
      "surface": "office/references/source-backed-work.md",
      "destination": "/private/var/folders/1_/m2vfg4n10n9_50cz0bmvnmx80000gn/T/trio-v2-production-upgrade-v1-standard-q5Umqs/home/manual/cursor/skills/trio/office/references/source-backed-work.md",
      "action": "preserve",
      "execution": "manual",
      "conflict": true
    },
    {
      "targetId": "cursor",
      "surface": "office/references/artifact-and-delivery.md",
      "destination": "/private/var/folders/1_/m2vfg4n10n9_50cz0bmvnmx80000gn/T/trio-v2-production-upgrade-v1-standard-q5Umqs/home/manual/cursor/skills/trio/office/references/artifact-and-delivery.md",
      "action": "preserve",
      "execution": "manual",
      "conflict": true
    }
  ],
  "conflicts": [
    {
      "targetId": "cursor",
      "surface": "entry",
      "destination": "/private/var/folders/1_/m2vfg4n10n9_50cz0bmvnmx80000gn/T/trio-v2-production-upgrade-v1-standard-q5Umqs/home/manual/cursor/entry-policy.md",
      "reason": "destination-observation-unknown"
    },
    {
      "targetId": "cursor",
      "surface": "trio",
      "destination": "/private/var/folders/1_/m2vfg4n10n9_50cz0bmvnmx80000gn/T/trio-v2-production-upgrade-v1-standard-q5Umqs/home/manual/cursor/skills/trio/SKILL.md",
      "reason": "destination-observation-unknown"
    },
    {
      "targetId": "cursor",
      "surface": "dev",
      "destination": "/private/var/folders/1_/m2vfg4n10n9_50cz0bmvnmx80000gn/T/trio-v2-production-upgrade-v1-standard-q5Umqs/home/manual/cursor/skills/trio/dev/SKILL.md",
      "reason": "destination-observation-unknown"
    },
    {
      "targetId": "cursor",
      "surface": "office",
      "destination": "/private/var/folders/1_/m2vfg4n10n9_50cz0bmvnmx80000gn/T/trio-v2-production-upgrade-v1-standard-q5Umqs/home/manual/cursor/skills/trio/office/SKILL.md",
      "reason": "destination-observation-unknown"
    },
    {
      "targetId": "cursor",
      "surface": "safety",
      "destination": "/private/var/folders/1_/m2vfg4n10n9_50cz0bmvnmx80000gn/T/trio-v2-production-upgrade-v1-standard-q5Umqs/home/manual/cursor/skills/trio/safety/SKILL.md",
      "reason": "destination-observation-unknown"
    },
    {
      "targetId": "cursor",
      "surface": "chiefops",
      "destination": "/private/var/folders/1_/m2vfg4n10n9_50cz0bmvnmx80000gn/T/trio-v2-production-upgrade-v1-standard-q5Umqs/home/manual/cursor/skills/chiefops/SKILL.md",
      "reason": "destination-observation-unknown"
    },
    {
      "targetId": "cursor",
      "surface": "trio/references/execution.md",
      "destination": "/private/var/folders/1_/m2vfg4n10n9_50cz0bmvnmx80000gn/T/trio-v2-production-upgrade-v1-standard-q5Umqs/home/manual/cursor/skills/trio/references/execution.md",
      "reason": "destination-observation-unknown"
    },
    {
      "targetId": "cursor",
      "surface": "dev/references/methods.md",
      "destination": "/private/var/folders/1_/m2vfg4n10n9_50cz0bmvnmx80000gn/T/trio-v2-production-upgrade-v1-standard-q5Umqs/home/manual/cursor/skills/trio/dev/references/methods.md",
      "reason": "destination-observation-unknown"
    },
    {
      "targetId": "cursor",
      "surface": "dev/references/review.md",
      "destination": "/private/var/folders/1_/m2vfg4n10n9_50cz0bmvnmx80000gn/T/trio-v2-production-upgrade-v1-standard-q5Umqs/home/manual/cursor/skills/trio/dev/references/review.md",
      "reason": "destination-observation-unknown"
    },
    {
      "targetId": "cursor",
      "surface": "dev/references/pr-feedback.md",
      "destination": "/private/var/folders/1_/m2vfg4n10n9_50cz0bmvnmx80000gn/T/trio-v2-production-upgrade-v1-standard-q5Umqs/home/manual/cursor/skills/trio/dev/references/pr-feedback.md",
      "reason": "destination-observation-unknown"
    },
    {
      "targetId": "cursor",
      "surface": "chiefops/references/delegated-execution.md",
      "destination": "/private/var/folders/1_/m2vfg4n10n9_50cz0bmvnmx80000gn/T/trio-v2-production-upgrade-v1-standard-q5Umqs/home/manual/cursor/skills/chiefops/references/delegated-execution.md",
      "reason": "destination-observation-unknown"
    },
    {
      "targetId": "cursor",
      "surface": "office/references/source-backed-work.md",
      "destination": "/private/var/folders/1_/m2vfg4n10n9_50cz0bmvnmx80000gn/T/trio-v2-production-upgrade-v1-standard-q5Umqs/home/manual/cursor/skills/trio/office/references/source-backed-work.md",
      "reason": "destination-observation-unknown"
    },
    {
      "targetId": "cursor",
      "surface": "office/references/artifact-and-delivery.md",
      "destination": "/private/var/folders/1_/m2vfg4n10n9_50cz0bmvnmx80000gn/T/trio-v2-production-upgrade-v1-standard-q5Umqs/home/manual/cursor/skills/trio/office/references/artifact-and-delivery.md",
      "reason": "destination-observation-unknown"
    }
  ]
}
{
  "schemaVersion": 2,
  "runtime": "trio",
  "mode": "check",
  "descriptors": [
    {
      "targetId": "codex",
      "surface": "entry",
      "destination": "/private/var/folders/1_/m2vfg4n10n9_50cz0bmvnmx80000gn/T/trio-v2-production-upgrade-v1-standard-q5Umqs/home/.codex/AGENTS.md",
      "action": "update",
      "execution": "managed",
      "conflict": false
    },
    {
      "targetId": "codex",
      "surface": "trio",
      "destination": "/private/var/folders/1_/m2vfg4n10n9_50cz0bmvnmx80000gn/T/trio-v2-production-upgrade-v1-standard-q5Umqs/home/.agents/skills/trio/SKILL.md",
      "action": "update",
      "execution": "managed",
      "conflict": false
    },
    {
      "targetId": "codex",
      "surface": "dev",
      "destination": "/private/var/folders/1_/m2vfg4n10n9_50cz0bmvnmx80000gn/T/trio-v2-production-upgrade-v1-standard-q5Umqs/home/.agents/skills/trio/dev/SKILL.md",
      "action": "update",
      "execution": "managed",
      "conflict": false
    },
    {
      "targetId": "codex",
      "surface": "office",
      "destination": "/private/var/folders/1_/m2vfg4n10n9_50cz0bmvnmx80000gn/T/trio-v2-production-upgrade-v1-standard-q5Umqs/home/.agents/skills/trio/office/SKILL.md",
      "action": "update",
      "execution": "managed",
      "conflict": false
    },
    {
      "targetId": "codex",
      "surface": "safety",
      "destination": "/private/var/folders/1_/m2vfg4n10n9_50cz0bmvnmx80000gn/T/trio-v2-production-upgrade-v1-standard-q5Umqs/home/.agents/skills/trio/safety/SKILL.md",
      "action": "update",
      "execution": "managed",
      "conflict": false
    },
    {
      "targetId": "codex",
      "surface": "chiefops",
      "destination": "/private/var/folders/1_/m2vfg4n10n9_50cz0bmvnmx80000gn/T/trio-v2-production-upgrade-v1-standard-q5Umqs/home/.agents/skills/chiefops/SKILL.md",
      "action": "update",
      "execution": "managed",
      "conflict": false
    },
    {
      "targetId": "codex",
      "surface": "trio/references/execution.md",
      "destination": "/private/var/folders/1_/m2vfg4n10n9_50cz0bmvnmx80000gn/T/trio-v2-production-upgrade-v1-standard-q5Umqs/home/.agents/skills/trio/references/execution.md",
      "action": "update",
      "execution": "managed",
      "conflict": false
    },
    {
      "targetId": "codex",
      "surface": "dev/references/methods.md",
      "destination": "/private/var/folders/1_/m2vfg4n10n9_50cz0bmvnmx80000gn/T/trio-v2-production-upgrade-v1-standard-q5Umqs/home/.agents/skills/trio/dev/references/methods.md",
      "action": "update",
      "execution": "managed",
      "conflict": false
    },
    {
      "targetId": "codex",
      "surface": "dev/references/review.md",
      "destination": "/private/var/folders/1_/m2vfg4n10n9_50cz0bmvnmx80000gn/T/trio-v2-production-upgrade-v1-standard-q5Umqs/home/.agents/skills/trio/dev/references/review.md",
      "action": "update",
      "execution": "managed",
      "conflict": false
    },
    {
      "targetId": "codex",
      "surface": "dev/references/pr-feedback.md",
      "destination": "/private/var/folders/1_/m2vfg4n10n9_50cz0bmvnmx80000gn/T/trio-v2-production-upgrade-v1-standard-q5Umqs/home/.agents/skills/trio/dev/references/pr-feedback.md",
      "action": "update",
      "execution": "managed",
      "conflict": false
    },
    {
      "targetId": "codex",
      "surface": "chiefops/references/delegated-execution.md",
      "destination": "/private/var/folders/1_/m2vfg4n10n9_50cz0bmvnmx80000gn/T/trio-v2-production-upgrade-v1-standard-q5Umqs/home/.agents/skills/chiefops/references/delegated-execution.md",
      "action": "update",
      "execution": "managed",
      "conflict": false
    },
    {
      "targetId": "codex",
      "surface": "office/references/source-backed-work.md",
      "destination": "/private/var/folders/1_/m2vfg4n10n9_50cz0bmvnmx80000gn/T/trio-v2-production-upgrade-v1-standard-q5Umqs/home/.agents/skills/trio/office/references/source-backed-work.md",
      "action": "update",
      "execution": "managed",
      "conflict": false
    },
    {
      "targetId": "codex",
      "surface": "office/references/artifact-and-delivery.md",
      "destination": "/private/var/folders/1_/m2vfg4n10n9_50cz0bmvnmx80000gn/T/trio-v2-production-upgrade-v1-standard-q5Umqs/home/.agents/skills/trio/office/references/artifact-and-delivery.md",
      "action": "update",
      "execution": "managed",
      "conflict": false
    },
    {
      "targetId": "cursor",
      "surface": "entry",
      "destination": "/private/var/folders/1_/m2vfg4n10n9_50cz0bmvnmx80000gn/T/trio-v2-production-upgrade-v1-standard-q5Umqs/home/manual/cursor/entry-policy.md",
      "action": "preserve",
      "execution": "manual",
      "conflict": true
    },
    {
      "targetId": "cursor",
      "surface": "trio",
      "destination": "/private/var/folders/1_/m2vfg4n10n9_50cz0bmvnmx80000gn/T/trio-v2-production-upgrade-v1-standard-q5Umqs/home/manual/cursor/skills/trio/SKILL.md",
      "action": "preserve",
      "execution": "manual",
      "conflict": true
    },
    {
      "targetId": "cursor",
      "surface": "dev",
      "destination": "/private/var/folders/1_/m2vfg4n10n9_50cz0bmvnmx80000gn/T/trio-v2-production-upgrade-v1-standard-q5Umqs/home/manual/cursor/skills/trio/dev/SKILL.md",
      "action": "preserve",
      "execution": "manual",
      "conflict": true
    },
    {
      "targetId": "cursor",
      "surface": "office",
      "destination": "/private/var/folders/1_/m2vfg4n10n9_50cz0bmvnmx80000gn/T/trio-v2-production-upgrade-v1-standard-q5Umqs/home/manual/cursor/skills/trio/office/SKILL.md",
      "action": "preserve",
      "execution": "manual",
      "conflict": true
    },
    {
      "targetId": "cursor",
      "surface": "safety",
      "destination": "/private/var/folders/1_/m2vfg4n10n9_50cz0bmvnmx80000gn/T/trio-v2-production-upgrade-v1-standard-q5Umqs/home/manual/cursor/skills/trio/safety/SKILL.md",
      "action": "preserve",
      "execution": "manual",
      "conflict": true
    },
    {
      "targetId": "cursor",
      "surface": "chiefops",
      "destination": "/private/var/folders/1_/m2vfg4n10n9_50cz0bmvnmx80000gn/T/trio-v2-production-upgrade-v1-standard-q5Umqs/home/manual/cursor/skills/chiefops/SKILL.md",
      "action": "preserve",
      "execution": "manual",
      "conflict": true
    },
    {
      "targetId": "cursor",
      "surface": "trio/references/execution.md",
      "destination": "/private/var/folders/1_/m2vfg4n10n9_50cz0bmvnmx80000gn/T/trio-v2-production-upgrade-v1-standard-q5Umqs/home/manual/cursor/skills/trio/references/execution.md",
      "action": "preserve",
      "execution": "manual",
      "conflict": true
    },
    {
      "targetId": "cursor",
      "surface": "dev/references/methods.md",
      "destination": "/private/var/folders/1_/m2vfg4n10n9_50cz0bmvnmx80000gn/T/trio-v2-production-upgrade-v1-standard-q5Umqs/home/manual/cursor/skills/trio/dev/references/methods.md",
      "action": "preserve",
      "execution": "manual",
      "conflict": true
    },
    {
      "targetId": "cursor",
      "surface": "dev/references/review.md",
      "destination": "/private/var/folders/1_/m2vfg4n10n9_50cz0bmvnmx80000gn/T/trio-v2-production-upgrade-v1-standard-q5Umqs/home/manual/cursor/skills/trio/dev/references/review.md",
      "action": "preserve",
      "execution": "manual",
      "conflict": true
    },
    {
      "targetId": "cursor",
      "surface": "dev/references/pr-feedback.md",
      "destination": "/private/var/folders/1_/m2vfg4n10n9_50cz0bmvnmx80000gn/T/trio-v2-production-upgrade-v1-standard-q5Umqs/home/manual/cursor/skills/trio/dev/references/pr-feedback.md",
      "action": "preserve",
      "execution": "manual",
      "conflict": true
    },
    {
      "targetId": "cursor",
      "surface": "chiefops/references/delegated-execution.md",
      "destination": "/private/var/folders/1_/m2vfg4n10n9_50cz0bmvnmx80000gn/T/trio-v2-production-upgrade-v1-standard-q5Umqs/home/manual/cursor/skills/chiefops/references/delegated-execution.md",
      "action": "preserve",
      "execution": "manual",
      "conflict": true
    },
    {
      "targetId": "cursor",
      "surface": "office/references/source-backed-work.md",
      "destination": "/private/var/folders/1_/m2vfg4n10n9_50cz0bmvnmx80000gn/T/trio-v2-production-upgrade-v1-standard-q5Umqs/home/manual/cursor/skills/trio/office/references/source-backed-work.md",
      "action": "preserve",
      "execution": "manual",
      "conflict": true
    },
    {
      "targetId": "cursor",
      "surface": "office/references/artifact-and-delivery.md",
      "destination": "/private/var/folders/1_/m2vfg4n10n9_50cz0bmvnmx80000gn/T/trio-v2-production-upgrade-v1-standard-q5Umqs/home/manual/cursor/skills/trio/office/references/artifact-and-delivery.md",
      "action": "preserve",
      "execution": "manual",
      "conflict": true
    }
  ],
  "conflicts": [
    {
      "targetId": "cursor",
      "surface": "entry",
      "destination": "/private/var/folders/1_/m2vfg4n10n9_50cz0bmvnmx80000gn/T/trio-v2-production-upgrade-v1-standard-q5Umqs/home/manual/cursor/entry-policy.md",
      "reason": "destination-observation-unknown"
    },
    {
      "targetId": "cursor",
      "surface": "trio",
      "destination": "/private/var/folders/1_/m2vfg4n10n9_50cz0bmvnmx80000gn/T/trio-v2-production-upgrade-v1-standard-q5Umqs/home/manual/cursor/skills/trio/SKILL.md",
      "reason": "destination-observation-unknown"
    },
    {
      "targetId": "cursor",
      "surface": "dev",
      "destination": "/private/var/folders/1_/m2vfg4n10n9_50cz0bmvnmx80000gn/T/trio-v2-production-upgrade-v1-standard-q5Umqs/home/manual/cursor/skills/trio/dev/SKILL.md",
      "reason": "destination-observation-unknown"
    },
    {
      "targetId": "cursor",
      "surface": "office",
      "destination": "/private/var/folders/1_/m2vfg4n10n9_50cz0bmvnmx80000gn/T/trio-v2-production-upgrade-v1-standard-q5Umqs/home/manual/cursor/skills/trio/office/SKILL.md",
      "reason": "destination-observation-unknown"
    },
    {
      "targetId": "cursor",
      "surface": "safety",
      "destination": "/private/var/folders/1_/m2vfg4n10n9_50cz0bmvnmx80000gn/T/trio-v2-production-upgrade-v1-standard-q5Umqs/home/manual/cursor/skills/trio/safety/SKILL.md",
      "reason": "destination-observation-unknown"
    },
    {
      "targetId": "cursor",
      "surface": "chiefops",
      "destination": "/private/var/folders/1_/m2vfg4n10n9_50cz0bmvnmx80000gn/T/trio-v2-production-upgrade-v1-standard-q5Umqs/home/manual/cursor/skills/chiefops/SKILL.md",
      "reason": "destination-observation-unknown"
    },
    {
      "targetId": "cursor",
      "surface": "trio/references/execution.md",
      "destination": "/private/var/folders/1_/m2vfg4n10n9_50cz0bmvnmx80000gn/T/trio-v2-production-upgrade-v1-standard-q5Umqs/home/manual/cursor/skills/trio/references/execution.md",
      "reason": "destination-observation-unknown"
    },
    {
      "targetId": "cursor",
      "surface": "dev/references/methods.md",
      "destination": "/private/var/folders/1_/m2vfg4n10n9_50cz0bmvnmx80000gn/T/trio-v2-production-upgrade-v1-standard-q5Umqs/home/manual/cursor/skills/trio/dev/references/methods.md",
      "reason": "destination-observation-unknown"
    },
    {
      "targetId": "cursor",
      "surface": "dev/references/review.md",
      "destination": "/private/var/folders/1_/m2vfg4n10n9_50cz0bmvnmx80000gn/T/trio-v2-production-upgrade-v1-standard-q5Umqs/home/manual/cursor/skills/trio/dev/references/review.md",
      "reason": "destination-observation-unknown"
    },
    {
      "targetId": "cursor",
      "surface": "dev/references/pr-feedback.md",
      "destination": "/private/var/folders/1_/m2vfg4n10n9_50cz0bmvnmx80000gn/T/trio-v2-production-upgrade-v1-standard-q5Umqs/home/manual/cursor/skills/trio/dev/references/pr-feedback.md",
      "reason": "destination-observation-unknown"
    },
    {
      "targetId": "cursor",
      "surface": "chiefops/references/delegated-execution.md",
      "destination": "/private/var/folders/1_/m2vfg4n10n9_50cz0bmvnmx80000gn/T/trio-v2-production-upgrade-v1-standard-q5Umqs/home/manual/cursor/skills/chiefops/references/delegated-execution.md",
      "reason": "destination-observation-unknown"
    },
    {
      "targetId": "cursor",
      "surface": "office/references/source-backed-work.md",
      "destination": "/private/var/folders/1_/m2vfg4n10n9_50cz0bmvnmx80000gn/T/trio-v2-production-upgrade-v1-standard-q5Umqs/home/manual/cursor/skills/trio/office/references/source-backed-work.md",
      "reason": "destination-observation-unknown"
    },
    {
      "targetId": "cursor",
      "surface": "office/references/artifact-and-delivery.md",
      "destination": "/private/var/folders/1_/m2vfg4n10n9_50cz0bmvnmx80000gn/T/trio-v2-production-upgrade-v1-standard-q5Umqs/home/manual/cursor/skills/trio/office/references/artifact-and-delivery.md",
      "reason": "destination-observation-unknown"
    }
  ]
}
{
  "schemaVersion": 2,
  "runtime": "trio",
  "mode": "apply",
  "descriptors": [
    {
      "targetId": "codex",
      "surface": "entry",
      "destination": "/private/var/folders/1_/m2vfg4n10n9_50cz0bmvnmx80000gn/T/trio-v2-production-upgrade-v1-standard-q5Umqs/home/.codex/AGENTS.md",
      "action": "update",
      "execution": "managed",
      "conflict": false
    },
    {
      "targetId": "codex",
      "surface": "trio",
      "destination": "/private/var/folders/1_/m2vfg4n10n9_50cz0bmvnmx80000gn/T/trio-v2-production-upgrade-v1-standard-q5Umqs/home/.agents/skills/trio/SKILL.md",
      "action": "update",
      "execution": "managed",
      "conflict": false
    },
    {
      "targetId": "codex",
      "surface": "dev",
      "destination": "/private/var/folders/1_/m2vfg4n10n9_50cz0bmvnmx80000gn/T/trio-v2-production-upgrade-v1-standard-q5Umqs/home/.agents/skills/trio/dev/SKILL.md",
      "action": "update",
      "execution": "managed",
      "conflict": false
    },
    {
      "targetId": "codex",
      "surface": "office",
      "destination": "/private/var/folders/1_/m2vfg4n10n9_50cz0bmvnmx80000gn/T/trio-v2-production-upgrade-v1-standard-q5Umqs/home/.agents/skills/trio/office/SKILL.md",
      "action": "update",
      "execution": "managed",
      "conflict": false
    },
    {
      "targetId": "codex",
      "surface": "safety",
      "destination": "/private/var/folders/1_/m2vfg4n10n9_50cz0bmvnmx80000gn/T/trio-v2-production-upgrade-v1-standard-q5Umqs/home/.agents/skills/trio/safety/SKILL.md",
      "action": "update",
      "execution": "managed",
      "conflict": false
    },
    {
      "targetId": "codex",
      "surface": "chiefops",
      "destination": "/private/var/folders/1_/m2vfg4n10n9_50cz0bmvnmx80000gn/T/trio-v2-production-upgrade-v1-standard-q5Umqs/home/.agents/skills/chiefops/SKILL.md",
      "action": "update",
      "execution": "managed",
      "conflict": false
    },
    {
      "targetId": "codex",
      "surface": "trio/references/execution.md",
      "destination": "/private/var/folders/1_/m2vfg4n10n9_50cz0bmvnmx80000gn/T/trio-v2-production-upgrade-v1-standard-q5Umqs/home/.agents/skills/trio/references/execution.md",
      "action": "update",
      "execution": "managed",
      "conflict": false
    },
    {
      "targetId": "codex",
      "surface": "dev/references/methods.md",
      "destination": "/private/var/folders/1_/m2vfg4n10n9_50cz0bmvnmx80000gn/T/trio-v2-production-upgrade-v1-standard-q5Umqs/home/.agents/skills/trio/dev/references/methods.md",
      "action": "update",
      "execution": "managed",
      "conflict": false
    },
    {
      "targetId": "codex",
      "surface": "dev/references/review.md",
      "destination": "/private/var/folders/1_/m2vfg4n10n9_50cz0bmvnmx80000gn/T/trio-v2-production-upgrade-v1-standard-q5Umqs/home/.agents/skills/trio/dev/references/review.md",
      "action": "update",
      "execution": "managed",
      "conflict": false
    },
    {
      "targetId": "codex",
      "surface": "dev/references/pr-feedback.md",
      "destination": "/private/var/folders/1_/m2vfg4n10n9_50cz0bmvnmx80000gn/T/trio-v2-production-upgrade-v1-standard-q5Umqs/home/.agents/skills/trio/dev/references/pr-feedback.md",
      "action": "update",
      "execution": "managed",
      "conflict": false
    },
    {
      "targetId": "codex",
      "surface": "chiefops/references/delegated-execution.md",
      "destination": "/private/var/folders/1_/m2vfg4n10n9_50cz0bmvnmx80000gn/T/trio-v2-production-upgrade-v1-standard-q5Umqs/home/.agents/skills/chiefops/references/delegated-execution.md",
      "action": "update",
      "execution": "managed",
      "conflict": false
    },
    {
      "targetId": "codex",
      "surface": "office/references/source-backed-work.md",
      "destination": "/private/var/folders/1_/m2vfg4n10n9_50cz0bmvnmx80000gn/T/trio-v2-production-upgrade-v1-standard-q5Umqs/home/.agents/skills/trio/office/references/source-backed-work.md",
      "action": "update",
      "execution": "managed",
      "conflict": false
    },
    {
      "targetId": "codex",
      "surface": "office/references/artifact-and-delivery.md",
      "destination": "/private/var/folders/1_/m2vfg4n10n9_50cz0bmvnmx80000gn/T/trio-v2-production-upgrade-v1-standard-q5Umqs/home/.agents/skills/trio/office/references/artifact-and-delivery.md",
      "action": "update",
      "execution": "managed",
      "conflict": false
    },
    {
      "targetId": "cursor",
      "surface": "entry",
      "destination": "/private/var/folders/1_/m2vfg4n10n9_50cz0bmvnmx80000gn/T/trio-v2-production-upgrade-v1-standard-q5Umqs/home/manual/cursor/entry-policy.md",
      "action": "preserve",
      "execution": "manual",
      "conflict": true
    },
    {
      "targetId": "cursor",
      "surface": "trio",
      "destination": "/private/var/folders/1_/m2vfg4n10n9_50cz0bmvnmx80000gn/T/trio-v2-production-upgrade-v1-standard-q5Umqs/home/manual/cursor/skills/trio/SKILL.md",
      "action": "preserve",
      "execution": "manual",
      "conflict": true
    },
    {
      "targetId": "cursor",
      "surface": "dev",
      "destination": "/private/var/folders/1_/m2vfg4n10n9_50cz0bmvnmx80000gn/T/trio-v2-production-upgrade-v1-standard-q5Umqs/home/manual/cursor/skills/trio/dev/SKILL.md",
      "action": "preserve",
      "execution": "manual",
      "conflict": true
    },
    {
      "targetId": "cursor",
      "surface": "office",
      "destination": "/private/var/folders/1_/m2vfg4n10n9_50cz0bmvnmx80000gn/T/trio-v2-production-upgrade-v1-standard-q5Umqs/home/manual/cursor/skills/trio/office/SKILL.md",
      "action": "preserve",
      "execution": "manual",
      "conflict": true
    },
    {
      "targetId": "cursor",
      "surface": "safety",
      "destination": "/private/var/folders/1_/m2vfg4n10n9_50cz0bmvnmx80000gn/T/trio-v2-production-upgrade-v1-standard-q5Umqs/home/manual/cursor/skills/trio/safety/SKILL.md",
      "action": "preserve",
      "execution": "manual",
      "conflict": true
    },
    {
      "targetId": "cursor",
      "surface": "chiefops",
      "destination": "/private/var/folders/1_/m2vfg4n10n9_50cz0bmvnmx80000gn/T/trio-v2-production-upgrade-v1-standard-q5Umqs/home/manual/cursor/skills/chiefops/SKILL.md",
      "action": "preserve",
      "execution": "manual",
      "conflict": true
    },
    {
      "targetId": "cursor",
      "surface": "trio/references/execution.md",
      "destination": "/private/var/folders/1_/m2vfg4n10n9_50cz0bmvnmx80000gn/T/trio-v2-production-upgrade-v1-standard-q5Umqs/home/manual/cursor/skills/trio/references/execution.md",
      "action": "preserve",
      "execution": "manual",
      "conflict": true
    },
    {
      "targetId": "cursor",
      "surface": "dev/references/methods.md",
      "destination": "/private/var/folders/1_/m2vfg4n10n9_50cz0bmvnmx80000gn/T/trio-v2-production-upgrade-v1-standard-q5Umqs/home/manual/cursor/skills/trio/dev/references/methods.md",
      "action": "preserve",
      "execution": "manual",
      "conflict": true
    },
    {
      "targetId": "cursor",
      "surface": "dev/references/review.md",
      "destination": "/private/var/folders/1_/m2vfg4n10n9_50cz0bmvnmx80000gn/T/trio-v2-production-upgrade-v1-standard-q5Umqs/home/manual/cursor/skills/trio/dev/references/review.md",
      "action": "preserve",
      "execution": "manual",
      "conflict": true
    },
    {
      "targetId": "cursor",
      "surface": "dev/references/pr-feedback.md",
      "destination": "/private/var/folders/1_/m2vfg4n10n9_50cz0bmvnmx80000gn/T/trio-v2-production-upgrade-v1-standard-q5Umqs/home/manual/cursor/skills/trio/dev/references/pr-feedback.md",
      "action": "preserve",
      "execution": "manual",
      "conflict": true
    },
    {
      "targetId": "cursor",
      "surface": "chiefops/references/delegated-execution.md",
      "destination": "/private/var/folders/1_/m2vfg4n10n9_50cz0bmvnmx80000gn/T/trio-v2-production-upgrade-v1-standard-q5Umqs/home/manual/cursor/skills/chiefops/references/delegated-execution.md",
      "action": "preserve",
      "execution": "manual",
      "conflict": true
    },
    {
      "targetId": "cursor",
      "surface": "office/references/source-backed-work.md",
      "destination": "/private/var/folders/1_/m2vfg4n10n9_50cz0bmvnmx80000gn/T/trio-v2-production-upgrade-v1-standard-q5Umqs/home/manual/cursor/skills/trio/office/references/source-backed-work.md",
      "action": "preserve",
      "execution": "manual",
      "conflict": true
    },
    {
      "targetId": "cursor",
      "surface": "office/references/artifact-and-delivery.md",
      "destination": "/private/var/folders/1_/m2vfg4n10n9_50cz0bmvnmx80000gn/T/trio-v2-production-upgrade-v1-standard-q5Umqs/home/manual/cursor/skills/trio/office/references/artifact-and-delivery.md",
      "action": "preserve",
      "execution": "manual",
      "conflict": true
    }
  ],
  "conflicts": [
    {
      "targetId": "cursor",
      "surface": "entry",
      "destination": "/private/var/folders/1_/m2vfg4n10n9_50cz0bmvnmx80000gn/T/trio-v2-production-upgrade-v1-standard-q5Umqs/home/manual/cursor/entry-policy.md",
      "reason": "destination-observation-unknown"
    },
    {
      "targetId": "cursor",
      "surface": "trio",
      "destination": "/private/var/folders/1_/m2vfg4n10n9_50cz0bmvnmx80000gn/T/trio-v2-production-upgrade-v1-standard-q5Umqs/home/manual/cursor/skills/trio/SKILL.md",
      "reason": "destination-observation-unknown"
    },
    {
      "targetId": "cursor",
      "surface": "dev",
      "destination": "/private/var/folders/1_/m2vfg4n10n9_50cz0bmvnmx80000gn/T/trio-v2-production-upgrade-v1-standard-q5Umqs/home/manual/cursor/skills/trio/dev/SKILL.md",
      "reason": "destination-observation-unknown"
    },
    {
      "targetId": "cursor",
      "surface": "office",
      "destination": "/private/var/folders/1_/m2vfg4n10n9_50cz0bmvnmx80000gn/T/trio-v2-production-upgrade-v1-standard-q5Umqs/home/manual/cursor/skills/trio/office/SKILL.md",
      "reason": "destination-observation-unknown"
    },
    {
      "targetId": "cursor",
      "surface": "safety",
      "destination": "/private/var/folders/1_/m2vfg4n10n9_50cz0bmvnmx80000gn/T/trio-v2-production-upgrade-v1-standard-q5Umqs/home/manual/cursor/skills/trio/safety/SKILL.md",
      "reason": "destination-observation-unknown"
    },
    {
      "targetId": "cursor",
      "surface": "chiefops",
      "destination": "/private/var/folders/1_/m2vfg4n10n9_50cz0bmvnmx80000gn/T/trio-v2-production-upgrade-v1-standard-q5Umqs/home/manual/cursor/skills/chiefops/SKILL.md",
      "reason": "destination-observation-unknown"
    },
    {
      "targetId": "cursor",
      "surface": "trio/references/execution.md",
      "destination": "/private/var/folders/1_/m2vfg4n10n9_50cz0bmvnmx80000gn/T/trio-v2-production-upgrade-v1-standard-q5Umqs/home/manual/cursor/skills/trio/references/execution.md",
      "reason": "destination-observation-unknown"
    },
    {
      "targetId": "cursor",
      "surface": "dev/references/methods.md",
      "destination": "/private/var/folders/1_/m2vfg4n10n9_50cz0bmvnmx80000gn/T/trio-v2-production-upgrade-v1-standard-q5Umqs/home/manual/cursor/skills/trio/dev/references/methods.md",
      "reason": "destination-observation-unknown"
    },
    {
      "targetId": "cursor",
      "surface": "dev/references/review.md",
      "destination": "/private/var/folders/1_/m2vfg4n10n9_50cz0bmvnmx80000gn/T/trio-v2-production-upgrade-v1-standard-q5Umqs/home/manual/cursor/skills/trio/dev/references/review.md",
      "reason": "destination-observation-unknown"
    },
    {
      "targetId": "cursor",
      "surface": "dev/references/pr-feedback.md",
      "destination": "/private/var/folders/1_/m2vfg4n10n9_50cz0bmvnmx80000gn/T/trio-v2-production-upgrade-v1-standard-q5Umqs/home/manual/cursor/skills/trio/dev/references/pr-feedback.md",
      "reason": "destination-observation-unknown"
    },
    {
      "targetId": "cursor",
      "surface": "chiefops/references/delegated-execution.md",
      "destination": "/private/var/folders/1_/m2vfg4n10n9_50cz0bmvnmx80000gn/T/trio-v2-production-upgrade-v1-standard-q5Umqs/home/manual/cursor/skills/chiefops/references/delegated-execution.md",
      "reason": "destination-observation-unknown"
    },
    {
      "targetId": "cursor",
      "surface": "office/references/source-backed-work.md",
      "destination": "/private/var/folders/1_/m2vfg4n10n9_50cz0bmvnmx80000gn/T/trio-v2-production-upgrade-v1-standard-q5Umqs/home/manual/cursor/skills/trio/office/references/source-backed-work.md",
      "reason": "destination-observation-unknown"
    },
    {
      "targetId": "cursor",
      "surface": "office/references/artifact-and-delivery.md",
      "destination": "/private/var/folders/1_/m2vfg4n10n9_50cz0bmvnmx80000gn/T/trio-v2-production-upgrade-v1-standard-q5Umqs/home/manual/cursor/skills/trio/office/references/artifact-and-delivery.md",
      "reason": "destination-observation-unknown"
    }
  ]
}
{
  "schemaVersion": 2,
  "runtime": "trio",
  "readable": true,
  "descriptorCount": 26,
  "conflicts": [
    {
      "targetId": "cursor",
      "surface": "entry",
      "destination": "/private/var/folders/1_/m2vfg4n10n9_50cz0bmvnmx80000gn/T/trio-v2-production-upgrade-v1-standard-q5Umqs/home/manual/cursor/entry-policy.md",
      "reason": "destination-observation-unknown"
    },
    {
      "targetId": "cursor",
      "surface": "trio",
      "destination": "/private/var/folders/1_/m2vfg4n10n9_50cz0bmvnmx80000gn/T/trio-v2-production-upgrade-v1-standard-q5Umqs/home/manual/cursor/skills/trio/SKILL.md",
      "reason": "destination-observation-unknown"
    },
    {
      "targetId": "cursor",
      "surface": "dev",
      "destination": "/private/var/folders/1_/m2vfg4n10n9_50cz0bmvnmx80000gn/T/trio-v2-production-upgrade-v1-standard-q5Umqs/home/manual/cursor/skills/trio/dev/SKILL.md",
      "reason": "destination-observation-unknown"
    },
    {
      "targetId": "cursor",
      "surface": "office",
      "destination": "/private/var/folders/1_/m2vfg4n10n9_50cz0bmvnmx80000gn/T/trio-v2-production-upgrade-v1-standard-q5Umqs/home/manual/cursor/skills/trio/office/SKILL.md",
      "reason": "destination-observation-unknown"
    },
    {
      "targetId": "cursor",
      "surface": "safety",
      "destination": "/private/var/folders/1_/m2vfg4n10n9_50cz0bmvnmx80000gn/T/trio-v2-production-upgrade-v1-standard-q5Umqs/home/manual/cursor/skills/trio/safety/SKILL.md",
      "reason": "destination-observation-unknown"
    },
    {
      "targetId": "cursor",
      "surface": "chiefops",
      "destination": "/private/var/folders/1_/m2vfg4n10n9_50cz0bmvnmx80000gn/T/trio-v2-production-upgrade-v1-standard-q5Umqs/home/manual/cursor/skills/chiefops/SKILL.md",
      "reason": "destination-observation-unknown"
    },
    {
      "targetId": "cursor",
      "surface": "trio/references/execution.md",
      "destination": "/private/var/folders/1_/m2vfg4n10n9_50cz0bmvnmx80000gn/T/trio-v2-production-upgrade-v1-standard-q5Umqs/home/manual/cursor/skills/trio/references/execution.md",
      "reason": "destination-observation-unknown"
    },
    {
      "targetId": "cursor",
      "surface": "dev/references/methods.md",
      "destination": "/private/var/folders/1_/m2vfg4n10n9_50cz0bmvnmx80000gn/T/trio-v2-production-upgrade-v1-standard-q5Umqs/home/manual/cursor/skills/trio/dev/references/methods.md",
      "reason": "destination-observation-unknown"
    },
    {
      "targetId": "cursor",
      "surface": "dev/references/review.md",
      "destination": "/private/var/folders/1_/m2vfg4n10n9_50cz0bmvnmx80000gn/T/trio-v2-production-upgrade-v1-standard-q5Umqs/home/manual/cursor/skills/trio/dev/references/review.md",
      "reason": "destination-observation-unknown"
    },
    {
      "targetId": "cursor",
      "surface": "dev/references/pr-feedback.md",
      "destination": "/private/var/folders/1_/m2vfg4n10n9_50cz0bmvnmx80000gn/T/trio-v2-production-upgrade-v1-standard-q5Umqs/home/manual/cursor/skills/trio/dev/references/pr-feedback.md",
      "reason": "destination-observation-unknown"
    },
    {
      "targetId": "cursor",
      "surface": "chiefops/references/delegated-execution.md",
      "destination": "/private/var/folders/1_/m2vfg4n10n9_50cz0bmvnmx80000gn/T/trio-v2-production-upgrade-v1-standard-q5Umqs/home/manual/cursor/skills/chiefops/references/delegated-execution.md",
      "reason": "destination-observation-unknown"
    },
    {
      "targetId": "cursor",
      "surface": "office/references/source-backed-work.md",
      "destination": "/private/var/folders/1_/m2vfg4n10n9_50cz0bmvnmx80000gn/T/trio-v2-production-upgrade-v1-standard-q5Umqs/home/manual/cursor/skills/trio/office/references/source-backed-work.md",
      "reason": "destination-observation-unknown"
    },
    {
      "targetId": "cursor",
      "surface": "office/references/artifact-and-delivery.md",
      "destination": "/private/var/folders/1_/m2vfg4n10n9_50cz0bmvnmx80000gn/T/trio-v2-production-upgrade-v1-standard-q5Umqs/home/manual/cursor/skills/trio/office/references/artifact-and-delivery.md",
      "reason": "destination-observation-unknown"
    }
  ],
  "mode": "check-only"
}
{
  "schemaVersion": 2,
  "runtime": "trio",
  "opened": true,
  "rendered": false,
  "descriptorCount": 26,
  "conflicts": [
    {
      "targetId": "cursor",
      "surface": "entry",
      "destination": "/private/var/folders/1_/m2vfg4n10n9_50cz0bmvnmx80000gn/T/trio-v2-production-upgrade-v1-standard-q5Umqs/home/manual/cursor/entry-policy.md",
      "reason": "destination-observation-unknown"
    },
    {
      "targetId": "cursor",
      "surface": "trio",
      "destination": "/private/var/folders/1_/m2vfg4n10n9_50cz0bmvnmx80000gn/T/trio-v2-production-upgrade-v1-standard-q5Umqs/home/manual/cursor/skills/trio/SKILL.md",
      "reason": "destination-observation-unknown"
    },
    {
      "targetId": "cursor",
      "surface": "dev",
      "destination": "/private/var/folders/1_/m2vfg4n10n9_50cz0bmvnmx80000gn/T/trio-v2-production-upgrade-v1-standard-q5Umqs/home/manual/cursor/skills/trio/dev/SKILL.md",
      "reason": "destination-observation-unknown"
    },
    {
      "targetId": "cursor",
      "surface": "office",
      "destination": "/private/var/folders/1_/m2vfg4n10n9_50cz0bmvnmx80000gn/T/trio-v2-production-upgrade-v1-standard-q5Umqs/home/manual/cursor/skills/trio/office/SKILL.md",
      "reason": "destination-observation-unknown"
    },
    {
      "targetId": "cursor",
      "surface": "safety",
      "destination": "/private/var/folders/1_/m2vfg4n10n9_50cz0bmvnmx80000gn/T/trio-v2-production-upgrade-v1-standard-q5Umqs/home/manual/cursor/skills/trio/safety/SKILL.md",
      "reason": "destination-observation-unknown"
    },
    {
      "targetId": "cursor",
      "surface": "chiefops",
      "destination": "/private/var/folders/1_/m2vfg4n10n9_50cz0bmvnmx80000gn/T/trio-v2-production-upgrade-v1-standard-q5Umqs/home/manual/cursor/skills/chiefops/SKILL.md",
      "reason": "destination-observation-unknown"
    },
    {
      "targetId": "cursor",
      "surface": "trio/references/execution.md",
      "destination": "/private/var/folders/1_/m2vfg4n10n9_50cz0bmvnmx80000gn/T/trio-v2-production-upgrade-v1-standard-q5Umqs/home/manual/cursor/skills/trio/references/execution.md",
      "reason": "destination-observation-unknown"
    },
    {
      "targetId": "cursor",
      "surface": "dev/references/methods.md",
      "destination": "/private/var/folders/1_/m2vfg4n10n9_50cz0bmvnmx80000gn/T/trio-v2-production-upgrade-v1-standard-q5Umqs/home/manual/cursor/skills/trio/dev/references/methods.md",
      "reason": "destination-observation-unknown"
    },
    {
      "targetId": "cursor",
      "surface": "dev/references/review.md",
      "destination": "/private/var/folders/1_/m2vfg4n10n9_50cz0bmvnmx80000gn/T/trio-v2-production-upgrade-v1-standard-q5Umqs/home/manual/cursor/skills/trio/dev/references/review.md",
      "reason": "destination-observation-unknown"
    },
    {
      "targetId": "cursor",
      "surface": "dev/references/pr-feedback.md",
      "destination": "/private/var/folders/1_/m2vfg4n10n9_50cz0bmvnmx80000gn/T/trio-v2-production-upgrade-v1-standard-q5Umqs/home/manual/cursor/skills/trio/dev/references/pr-feedback.md",
      "reason": "destination-observation-unknown"
    },
    {
      "targetId": "cursor",
      "surface": "chiefops/references/delegated-execution.md",
      "destination": "/private/var/folders/1_/m2vfg4n10n9_50cz0bmvnmx80000gn/T/trio-v2-production-upgrade-v1-standard-q5Umqs/home/manual/cursor/skills/chiefops/references/delegated-execution.md",
      "reason": "destination-observation-unknown"
    },
    {
      "targetId": "cursor",
      "surface": "office/references/source-backed-work.md",
      "destination": "/private/var/folders/1_/m2vfg4n10n9_50cz0bmvnmx80000gn/T/trio-v2-production-upgrade-v1-standard-q5Umqs/home/manual/cursor/skills/trio/office/references/source-backed-work.md",
      "reason": "destination-observation-unknown"
    },
    {
      "targetId": "cursor",
      "surface": "office/references/artifact-and-delivery.md",
      "destination": "/private/var/folders/1_/m2vfg4n10n9_50cz0bmvnmx80000gn/T/trio-v2-production-upgrade-v1-standard-q5Umqs/home/manual/cursor/skills/trio/office/references/artifact-and-delivery.md",
      "reason": "destination-observation-unknown"
    }
  ]
}
✔ production V1 stays legacy until explicit checkpointed upgrade, then uses the V2 lifecycle (1027.567917ms)
✔ production V1 upgrade rejects a hard-linked recovery before state or destination writes (20.959041ms)
{
  "runtime": "trio",
  "mode": "upgrade",
  "writes": [
    "/private/var/folders/1_/m2vfg4n10n9_50cz0bmvnmx80000gn/T/trio-v2-command-upgrade-v1-standard-ULl5g6/home/.codex/AGENTS.md",
    "/private/var/folders/1_/m2vfg4n10n9_50cz0bmvnmx80000gn/T/trio-v2-command-upgrade-v1-standard-ULl5g6/home/.agents/skills/trio/SKILL.md",
    "/private/var/folders/1_/m2vfg4n10n9_50cz0bmvnmx80000gn/T/trio-v2-command-upgrade-v1-standard-ULl5g6/home/.agents/skills/trio/dev/SKILL.md",
    "/private/var/folders/1_/m2vfg4n10n9_50cz0bmvnmx80000gn/T/trio-v2-command-upgrade-v1-standard-ULl5g6/home/.agents/skills/trio/office/SKILL.md",
    "/private/var/folders/1_/m2vfg4n10n9_50cz0bmvnmx80000gn/T/trio-v2-command-upgrade-v1-standard-ULl5g6/home/.agents/skills/trio/safety/SKILL.md",
    "/private/var/folders/1_/m2vfg4n10n9_50cz0bmvnmx80000gn/T/trio-v2-command-upgrade-v1-standard-ULl5g6/home/.agents/skills/chiefops/SKILL.md",
    "/private/var/folders/1_/m2vfg4n10n9_50cz0bmvnmx80000gn/T/trio-v2-command-upgrade-v1-standard-ULl5g6/home/.agents/skills/trio/references/execution.md",
    "/private/var/folders/1_/m2vfg4n10n9_50cz0bmvnmx80000gn/T/trio-v2-command-upgrade-v1-standard-ULl5g6/home/.agents/skills/trio/dev/references/methods.md",
    "/private/var/folders/1_/m2vfg4n10n9_50cz0bmvnmx80000gn/T/trio-v2-command-upgrade-v1-standard-ULl5g6/home/.agents/skills/trio/dev/references/review.md",
    "/private/var/folders/1_/m2vfg4n10n9_50cz0bmvnmx80000gn/T/trio-v2-command-upgrade-v1-standard-ULl5g6/home/.agents/skills/trio/dev/references/pr-feedback.md",
    "/private/var/folders/1_/m2vfg4n10n9_50cz0bmvnmx80000gn/T/trio-v2-command-upgrade-v1-standard-ULl5g6/home/.agents/skills/chiefops/references/delegated-execution.md",
    "/private/var/folders/1_/m2vfg4n10n9_50cz0bmvnmx80000gn/T/trio-v2-command-upgrade-v1-standard-ULl5g6/home/.agents/skills/trio/office/references/source-backed-work.md",
    "/private/var/folders/1_/m2vfg4n10n9_50cz0bmvnmx80000gn/T/trio-v2-command-upgrade-v1-standard-ULl5g6/home/.agents/skills/trio/office/references/artifact-and-delivery.md"
  ],
  "conflicts": [
    {
      "targetId": "cursor",
      "surface": "entry",
      "destination": "/private/var/folders/1_/m2vfg4n10n9_50cz0bmvnmx80000gn/T/trio-v2-command-upgrade-v1-standard-ULl5g6/home/manual/cursor/entry-policy.md",
      "reason": "destination-observation-unknown"
    },
    {
      "targetId": "cursor",
      "surface": "trio",
      "destination": "/private/var/folders/1_/m2vfg4n10n9_50cz0bmvnmx80000gn/T/trio-v2-command-upgrade-v1-standard-ULl5g6/home/manual/cursor/skills/trio/SKILL.md",
      "reason": "destination-observation-unknown"
    },
    {
      "targetId": "cursor",
      "surface": "dev",
      "destination": "/private/var/folders/1_/m2vfg4n10n9_50cz0bmvnmx80000gn/T/trio-v2-command-upgrade-v1-standard-ULl5g6/home/manual/cursor/skills/trio/dev/SKILL.md",
      "reason": "destination-observation-unknown"
    },
    {
      "targetId": "cursor",
      "surface": "office",
      "destination": "/private/var/folders/1_/m2vfg4n10n9_50cz0bmvnmx80000gn/T/trio-v2-command-upgrade-v1-standard-ULl5g6/home/manual/cursor/skills/trio/office/SKILL.md",
      "reason": "destination-observation-unknown"
    },
    {
      "targetId": "cursor",
      "surface": "safety",
      "destination": "/private/var/folders/1_/m2vfg4n10n9_50cz0bmvnmx80000gn/T/trio-v2-command-upgrade-v1-standard-ULl5g6/home/manual/cursor/skills/trio/safety/SKILL.md",
      "reason": "destination-observation-unknown"
    },
    {
      "targetId": "cursor",
      "surface": "chiefops",
      "destination": "/private/var/folders/1_/m2vfg4n10n9_50cz0bmvnmx80000gn/T/trio-v2-command-upgrade-v1-standard-ULl5g6/home/manual/cursor/skills/chiefops/SKILL.md",
      "reason": "destination-observation-unknown"
    },
    {
      "targetId": "cursor",
      "surface": "trio/references/execution.md",
      "destination": "/private/var/folders/1_/m2vfg4n10n9_50cz0bmvnmx80000gn/T/trio-v2-command-upgrade-v1-standard-ULl5g6/home/manual/cursor/skills/trio/references/execution.md",
      "reason": "destination-observation-unknown"
    },
    {
      "targetId": "cursor",
      "surface": "dev/references/methods.md",
      "destination": "/private/var/folders/1_/m2vfg4n10n9_50cz0bmvnmx80000gn/T/trio-v2-command-upgrade-v1-standard-ULl5g6/home/manual/cursor/skills/trio/dev/references/methods.md",
      "reason": "destination-observation-unknown"
    },
    {
      "targetId": "cursor",
      "surface": "dev/references/review.md",
      "destination": "/private/var/folders/1_/m2vfg4n10n9_50cz0bmvnmx80000gn/T/trio-v2-command-upgrade-v1-standard-ULl5g6/home/manual/cursor/skills/trio/dev/references/review.md",
      "reason": "destination-observation-unknown"
    },
    {
      "targetId": "cursor",
      "surface": "dev/references/pr-feedback.md",
      "destination": "/private/var/folders/1_/m2vfg4n10n9_50cz0bmvnmx80000gn/T/trio-v2-command-upgrade-v1-standard-ULl5g6/home/manual/cursor/skills/trio/dev/references/pr-feedback.md",
      "reason": "destination-observation-unknown"
    },
    {
      "targetId": "cursor",
      "surface": "chiefops/references/delegated-execution.md",
      "destination": "/private/var/folders/1_/m2vfg4n10n9_50cz0bmvnmx80000gn/T/trio-v2-command-upgrade-v1-standard-ULl5g6/home/manual/cursor/skills/chiefops/references/delegated-execution.md",
      "reason": "destination-observation-unknown"
    },
    {
      "targetId": "cursor",
      "surface": "office/references/source-backed-work.md",
      "destination": "/private/var/folders/1_/m2vfg4n10n9_50cz0bmvnmx80000gn/T/trio-v2-command-upgrade-v1-standard-ULl5g6/home/manual/cursor/skills/trio/office/references/source-backed-work.md",
      "reason": "destination-observation-unknown"
    },
    {
      "targetId": "cursor",
      "surface": "office/references/artifact-and-delivery.md",
      "destination": "/private/var/folders/1_/m2vfg4n10n9_50cz0bmvnmx80000gn/T/trio-v2-command-upgrade-v1-standard-ULl5g6/home/manual/cursor/skills/trio/office/references/artifact-and-delivery.md",
      "reason": "destination-observation-unknown"
    }
  ]
}
{
  "schemaVersion": 2,
  "runtime": "trio",
  "mode": "dry-run",
  "descriptors": [
    {
      "targetId": "codex",
      "surface": "entry",
      "destination": "/private/var/folders/1_/m2vfg4n10n9_50cz0bmvnmx80000gn/T/trio-v2-command-upgrade-v1-standard-ULl5g6/home/.codex/AGENTS.md",
      "action": "update",
      "execution": "managed",
      "conflict": false
    },
    {
      "targetId": "codex",
      "surface": "trio",
      "destination": "/private/var/folders/1_/m2vfg4n10n9_50cz0bmvnmx80000gn/T/trio-v2-command-upgrade-v1-standard-ULl5g6/home/.agents/skills/trio/SKILL.md",
      "action": "update",
      "execution": "managed",
      "conflict": false
    },
    {
      "targetId": "codex",
      "surface": "dev",
      "destination": "/private/var/folders/1_/m2vfg4n10n9_50cz0bmvnmx80000gn/T/trio-v2-command-upgrade-v1-standard-ULl5g6/home/.agents/skills/trio/dev/SKILL.md",
      "action": "update",
      "execution": "managed",
      "conflict": false
    },
    {
      "targetId": "codex",
      "surface": "office",
      "destination": "/private/var/folders/1_/m2vfg4n10n9_50cz0bmvnmx80000gn/T/trio-v2-command-upgrade-v1-standard-ULl5g6/home/.agents/skills/trio/office/SKILL.md",
      "action": "update",
      "execution": "managed",
      "conflict": false
    },
    {
      "targetId": "codex",
      "surface": "safety",
      "destination": "/private/var/folders/1_/m2vfg4n10n9_50cz0bmvnmx80000gn/T/trio-v2-command-upgrade-v1-standard-ULl5g6/home/.agents/skills/trio/safety/SKILL.md",
      "action": "update",
      "execution": "managed",
      "conflict": false
    },
    {
      "targetId": "codex",
      "surface": "chiefops",
      "destination": "/private/var/folders/1_/m2vfg4n10n9_50cz0bmvnmx80000gn/T/trio-v2-command-upgrade-v1-standard-ULl5g6/home/.agents/skills/chiefops/SKILL.md",
      "action": "update",
      "execution": "managed",
      "conflict": false
    },
    {
      "targetId": "codex",
      "surface": "trio/references/execution.md",
      "destination": "/private/var/folders/1_/m2vfg4n10n9_50cz0bmvnmx80000gn/T/trio-v2-command-upgrade-v1-standard-ULl5g6/home/.agents/skills/trio/references/execution.md",
      "action": "update",
      "execution": "managed",
      "conflict": false
    },
    {
      "targetId": "codex",
      "surface": "dev/references/methods.md",
      "destination": "/private/var/folders/1_/m2vfg4n10n9_50cz0bmvnmx80000gn/T/trio-v2-command-upgrade-v1-standard-ULl5g6/home/.agents/skills/trio/dev/references/methods.md",
      "action": "update",
      "execution": "managed",
      "conflict": false
    },
    {
      "targetId": "codex",
      "surface": "dev/references/review.md",
      "destination": "/private/var/folders/1_/m2vfg4n10n9_50cz0bmvnmx80000gn/T/trio-v2-command-upgrade-v1-standard-ULl5g6/home/.agents/skills/trio/dev/references/review.md",
      "action": "update",
      "execution": "managed",
      "conflict": false
    },
    {
      "targetId": "codex",
      "surface": "dev/references/pr-feedback.md",
      "destination": "/private/var/folders/1_/m2vfg4n10n9_50cz0bmvnmx80000gn/T/trio-v2-command-upgrade-v1-standard-ULl5g6/home/.agents/skills/trio/dev/references/pr-feedback.md",
      "action": "update",
      "execution": "managed",
      "conflict": false
    },
    {
      "targetId": "codex",
      "surface": "chiefops/references/delegated-execution.md",
      "destination": "/private/var/folders/1_/m2vfg4n10n9_50cz0bmvnmx80000gn/T/trio-v2-command-upgrade-v1-standard-ULl5g6/home/.agents/skills/chiefops/references/delegated-execution.md",
      "action": "update",
      "execution": "managed",
      "conflict": false
    },
    {
      "targetId": "codex",
      "surface": "office/references/source-backed-work.md",
      "destination": "/private/var/folders/1_/m2vfg4n10n9_50cz0bmvnmx80000gn/T/trio-v2-command-upgrade-v1-standard-ULl5g6/home/.agents/skills/trio/office/references/source-backed-work.md",
      "action": "update",
      "execution": "managed",
      "conflict": false
    },
    {
      "targetId": "codex",
      "surface": "office/references/artifact-and-delivery.md",
      "destination": "/private/var/folders/1_/m2vfg4n10n9_50cz0bmvnmx80000gn/T/trio-v2-command-upgrade-v1-standard-ULl5g6/home/.agents/skills/trio/office/references/artifact-and-delivery.md",
      "action": "update",
      "execution": "managed",
      "conflict": false
    },
    {
      "targetId": "cursor",
      "surface": "entry",
      "destination": "/private/var/folders/1_/m2vfg4n10n9_50cz0bmvnmx80000gn/T/trio-v2-command-upgrade-v1-standard-ULl5g6/home/manual/cursor/entry-policy.md",
      "action": "preserve",
      "execution": "manual",
      "conflict": true
    },
    {
      "targetId": "cursor",
      "surface": "trio",
      "destination": "/private/var/folders/1_/m2vfg4n10n9_50cz0bmvnmx80000gn/T/trio-v2-command-upgrade-v1-standard-ULl5g6/home/manual/cursor/skills/trio/SKILL.md",
      "action": "preserve",
      "execution": "manual",
      "conflict": true
    },
    {
      "targetId": "cursor",
      "surface": "dev",
      "destination": "/private/var/folders/1_/m2vfg4n10n9_50cz0bmvnmx80000gn/T/trio-v2-command-upgrade-v1-standard-ULl5g6/home/manual/cursor/skills/trio/dev/SKILL.md",
      "action": "preserve",
      "execution": "manual",
      "conflict": true
    },
    {
      "targetId": "cursor",
      "surface": "office",
      "destination": "/private/var/folders/1_/m2vfg4n10n9_50cz0bmvnmx80000gn/T/trio-v2-command-upgrade-v1-standard-ULl5g6/home/manual/cursor/skills/trio/office/SKILL.md",
      "action": "preserve",
      "execution": "manual",
      "conflict": true
    },
    {
      "targetId": "cursor",
      "surface": "safety",
      "destination": "/private/var/folders/1_/m2vfg4n10n9_50cz0bmvnmx80000gn/T/trio-v2-command-upgrade-v1-standard-ULl5g6/home/manual/cursor/skills/trio/safety/SKILL.md",
      "action": "preserve",
      "execution": "manual",
      "conflict": true
    },
    {
      "targetId": "cursor",
      "surface": "chiefops",
      "destination": "/private/var/folders/1_/m2vfg4n10n9_50cz0bmvnmx80000gn/T/trio-v2-command-upgrade-v1-standard-ULl5g6/home/manual/cursor/skills/chiefops/SKILL.md",
      "action": "preserve",
      "execution": "manual",
      "conflict": true
    },
    {
      "targetId": "cursor",
      "surface": "trio/references/execution.md",
      "destination": "/private/var/folders/1_/m2vfg4n10n9_50cz0bmvnmx80000gn/T/trio-v2-command-upgrade-v1-standard-ULl5g6/home/manual/cursor/skills/trio/references/execution.md",
      "action": "preserve",
      "execution": "manual",
      "conflict": true
    },
    {
      "targetId": "cursor",
      "surface": "dev/references/methods.md",
      "destination": "/private/var/folders/1_/m2vfg4n10n9_50cz0bmvnmx80000gn/T/trio-v2-command-upgrade-v1-standard-ULl5g6/home/manual/cursor/skills/trio/dev/references/methods.md",
      "action": "preserve",
      "execution": "manual",
      "conflict": true
    },
    {
      "targetId": "cursor",
      "surface": "dev/references/review.md",
      "destination": "/private/var/folders/1_/m2vfg4n10n9_50cz0bmvnmx80000gn/T/trio-v2-command-upgrade-v1-standard-ULl5g6/home/manual/cursor/skills/trio/dev/references/review.md",
      "action": "preserve",
      "execution": "manual",
      "conflict": true
    },
    {
      "targetId": "cursor",
      "surface": "dev/references/pr-feedback.md",
      "destination": "/private/var/folders/1_/m2vfg4n10n9_50cz0bmvnmx80000gn/T/trio-v2-command-upgrade-v1-standard-ULl5g6/home/manual/cursor/skills/trio/dev/references/pr-feedback.md",
      "action": "preserve",
      "execution": "manual",
      "conflict": true
    },
    {
      "targetId": "cursor",
      "surface": "chiefops/references/delegated-execution.md",
      "destination": "/private/var/folders/1_/m2vfg4n10n9_50cz0bmvnmx80000gn/T/trio-v2-command-upgrade-v1-standard-ULl5g6/home/manual/cursor/skills/chiefops/references/delegated-execution.md",
      "action": "preserve",
      "execution": "manual",
      "conflict": true
    },
    {
      "targetId": "cursor",
      "surface": "office/references/source-backed-work.md",
      "destination": "/private/var/folders/1_/m2vfg4n10n9_50cz0bmvnmx80000gn/T/trio-v2-command-upgrade-v1-standard-ULl5g6/home/manual/cursor/skills/trio/office/references/source-backed-work.md",
      "action": "preserve",
      "execution": "manual",
      "conflict": true
    },
    {
      "targetId": "cursor",
      "surface": "office/references/artifact-and-delivery.md",
      "destination": "/private/var/folders/1_/m2vfg4n10n9_50cz0bmvnmx80000gn/T/trio-v2-command-upgrade-v1-standard-ULl5g6/home/manual/cursor/skills/trio/office/references/artifact-and-delivery.md",
      "action": "preserve",
      "execution": "manual",
      "conflict": true
    }
  ],
  "conflicts": [
    {
      "targetId": "cursor",
      "surface": "entry",
      "destination": "/private/var/folders/1_/m2vfg4n10n9_50cz0bmvnmx80000gn/T/trio-v2-command-upgrade-v1-standard-ULl5g6/home/manual/cursor/entry-policy.md",
      "reason": "destination-observation-unknown"
    },
    {
      "targetId": "cursor",
      "surface": "trio",
      "destination": "/private/var/folders/1_/m2vfg4n10n9_50cz0bmvnmx80000gn/T/trio-v2-command-upgrade-v1-standard-ULl5g6/home/manual/cursor/skills/trio/SKILL.md",
      "reason": "destination-observation-unknown"
    },
    {
      "targetId": "cursor",
      "surface": "dev",
      "destination": "/private/var/folders/1_/m2vfg4n10n9_50cz0bmvnmx80000gn/T/trio-v2-command-upgrade-v1-standard-ULl5g6/home/manual/cursor/skills/trio/dev/SKILL.md",
      "reason": "destination-observation-unknown"
    },
    {
      "targetId": "cursor",
      "surface": "office",
      "destination": "/private/var/folders/1_/m2vfg4n10n9_50cz0bmvnmx80000gn/T/trio-v2-command-upgrade-v1-standard-ULl5g6/home/manual/cursor/skills/trio/office/SKILL.md",
      "reason": "destination-observation-unknown"
    },
    {
      "targetId": "cursor",
      "surface": "safety",
      "destination": "/private/var/folders/1_/m2vfg4n10n9_50cz0bmvnmx80000gn/T/trio-v2-command-upgrade-v1-standard-ULl5g6/home/manual/cursor/skills/trio/safety/SKILL.md",
      "reason": "destination-observation-unknown"
    },
    {
      "targetId": "cursor",
      "surface": "chiefops",
      "destination": "/private/var/folders/1_/m2vfg4n10n9_50cz0bmvnmx80000gn/T/trio-v2-command-upgrade-v1-standard-ULl5g6/home/manual/cursor/skills/chiefops/SKILL.md",
      "reason": "destination-observation-unknown"
    },
    {
      "targetId": "cursor",
      "surface": "trio/references/execution.md",
      "destination": "/private/var/folders/1_/m2vfg4n10n9_50cz0bmvnmx80000gn/T/trio-v2-command-upgrade-v1-standard-ULl5g6/home/manual/cursor/skills/trio/references/execution.md",
      "reason": "destination-observation-unknown"
    },
    {
      "targetId": "cursor",
      "surface": "dev/references/methods.md",
      "destination": "/private/var/folders/1_/m2vfg4n10n9_50cz0bmvnmx80000gn/T/trio-v2-command-upgrade-v1-standard-ULl5g6/home/manual/cursor/skills/trio/dev/references/methods.md",
      "reason": "destination-observation-unknown"
    },
    {
      "targetId": "cursor",
      "surface": "dev/references/review.md",
      "destination": "/private/var/folders/1_/m2vfg4n10n9_50cz0bmvnmx80000gn/T/trio-v2-command-upgrade-v1-standard-ULl5g6/home/manual/cursor/skills/trio/dev/references/review.md",
      "reason": "destination-observation-unknown"
    },
    {
      "targetId": "cursor",
      "surface": "dev/references/pr-feedback.md",
      "destination": "/private/var/folders/1_/m2vfg4n10n9_50cz0bmvnmx80000gn/T/trio-v2-command-upgrade-v1-standard-ULl5g6/home/manual/cursor/skills/trio/dev/references/pr-feedback.md",
      "reason": "destination-observation-unknown"
    },
    {
      "targetId": "cursor",
      "surface": "chiefops/references/delegated-execution.md",
      "destination": "/private/var/folders/1_/m2vfg4n10n9_50cz0bmvnmx80000gn/T/trio-v2-command-upgrade-v1-standard-ULl5g6/home/manual/cursor/skills/chiefops/references/delegated-execution.md",
      "reason": "destination-observation-unknown"
    },
    {
      "targetId": "cursor",
      "surface": "office/references/source-backed-work.md",
      "destination": "/private/var/folders/1_/m2vfg4n10n9_50cz0bmvnmx80000gn/T/trio-v2-command-upgrade-v1-standard-ULl5g6/home/manual/cursor/skills/trio/office/references/source-backed-work.md",
      "reason": "destination-observation-unknown"
    },
    {
      "targetId": "cursor",
      "surface": "office/references/artifact-and-delivery.md",
      "destination": "/private/var/folders/1_/m2vfg4n10n9_50cz0bmvnmx80000gn/T/trio-v2-command-upgrade-v1-standard-ULl5g6/home/manual/cursor/skills/trio/office/references/artifact-and-delivery.md",
      "reason": "destination-observation-unknown"
    }
  ]
}
{
  "schemaVersion": 2,
  "runtime": "trio",
  "readable": true,
  "descriptorCount": 26,
  "conflicts": [
    {
      "targetId": "cursor",
      "surface": "entry",
      "destination": "/private/var/folders/1_/m2vfg4n10n9_50cz0bmvnmx80000gn/T/trio-v2-command-upgrade-v1-standard-ULl5g6/home/manual/cursor/entry-policy.md",
      "reason": "destination-observation-unknown"
    },
    {
      "targetId": "cursor",
      "surface": "trio",
      "destination": "/private/var/folders/1_/m2vfg4n10n9_50cz0bmvnmx80000gn/T/trio-v2-command-upgrade-v1-standard-ULl5g6/home/manual/cursor/skills/trio/SKILL.md",
      "reason": "destination-observation-unknown"
    },
    {
      "targetId": "cursor",
      "surface": "dev",
      "destination": "/private/var/folders/1_/m2vfg4n10n9_50cz0bmvnmx80000gn/T/trio-v2-command-upgrade-v1-standard-ULl5g6/home/manual/cursor/skills/trio/dev/SKILL.md",
      "reason": "destination-observation-unknown"
    },
    {
      "targetId": "cursor",
      "surface": "office",
      "destination": "/private/var/folders/1_/m2vfg4n10n9_50cz0bmvnmx80000gn/T/trio-v2-command-upgrade-v1-standard-ULl5g6/home/manual/cursor/skills/trio/office/SKILL.md",
      "reason": "destination-observation-unknown"
    },
    {
      "targetId": "cursor",
      "surface": "safety",
      "destination": "/private/var/folders/1_/m2vfg4n10n9_50cz0bmvnmx80000gn/T/trio-v2-command-upgrade-v1-standard-ULl5g6/home/manual/cursor/skills/trio/safety/SKILL.md",
      "reason": "destination-observation-unknown"
    },
    {
      "targetId": "cursor",
      "surface": "chiefops",
      "destination": "/private/var/folders/1_/m2vfg4n10n9_50cz0bmvnmx80000gn/T/trio-v2-command-upgrade-v1-standard-ULl5g6/home/manual/cursor/skills/chiefops/SKILL.md",
      "reason": "destination-observation-unknown"
    },
    {
      "targetId": "cursor",
      "surface": "trio/references/execution.md",
      "destination": "/private/var/folders/1_/m2vfg4n10n9_50cz0bmvnmx80000gn/T/trio-v2-command-upgrade-v1-standard-ULl5g6/home/manual/cursor/skills/trio/references/execution.md",
      "reason": "destination-observation-unknown"
    },
    {
      "targetId": "cursor",
      "surface": "dev/references/methods.md",
      "destination": "/private/var/folders/1_/m2vfg4n10n9_50cz0bmvnmx80000gn/T/trio-v2-command-upgrade-v1-standard-ULl5g6/home/manual/cursor/skills/trio/dev/references/methods.md",
      "reason": "destination-observation-unknown"
    },
    {
      "targetId": "cursor",
      "surface": "dev/references/review.md",
      "destination": "/private/var/folders/1_/m2vfg4n10n9_50cz0bmvnmx80000gn/T/trio-v2-command-upgrade-v1-standard-ULl5g6/home/manual/cursor/skills/trio/dev/references/review.md",
      "reason": "destination-observation-unknown"
    },
    {
      "targetId": "cursor",
      "surface": "dev/references/pr-feedback.md",
      "destination": "/private/var/folders/1_/m2vfg4n10n9_50cz0bmvnmx80000gn/T/trio-v2-command-upgrade-v1-standard-ULl5g6/home/manual/cursor/skills/trio/dev/references/pr-feedback.md",
      "reason": "destination-observation-unknown"
    },
    {
      "targetId": "cursor",
      "surface": "chiefops/references/delegated-execution.md",
      "destination": "/private/var/folders/1_/m2vfg4n10n9_50cz0bmvnmx80000gn/T/trio-v2-command-upgrade-v1-standard-ULl5g6/home/manual/cursor/skills/chiefops/references/delegated-execution.md",
      "reason": "destination-observation-unknown"
    },
    {
      "targetId": "cursor",
      "surface": "office/references/source-backed-work.md",
      "destination": "/private/var/folders/1_/m2vfg4n10n9_50cz0bmvnmx80000gn/T/trio-v2-command-upgrade-v1-standard-ULl5g6/home/manual/cursor/skills/trio/office/references/source-backed-work.md",
      "reason": "destination-observation-unknown"
    },
    {
      "targetId": "cursor",
      "surface": "office/references/artifact-and-delivery.md",
      "destination": "/private/var/folders/1_/m2vfg4n10n9_50cz0bmvnmx80000gn/T/trio-v2-command-upgrade-v1-standard-ULl5g6/home/manual/cursor/skills/trio/office/references/artifact-and-delivery.md",
      "reason": "destination-observation-unknown"
    }
  ],
  "mode": "check-only"
}
{
  "schemaVersion": 2,
  "runtime": "trio",
  "opened": true,
  "rendered": false,
  "descriptorCount": 26,
  "conflicts": [
    {
      "targetId": "cursor",
      "surface": "entry",
      "destination": "/private/var/folders/1_/m2vfg4n10n9_50cz0bmvnmx80000gn/T/trio-v2-command-upgrade-v1-standard-ULl5g6/home/manual/cursor/entry-policy.md",
      "reason": "destination-observation-unknown"
    },
    {
      "targetId": "cursor",
      "surface": "trio",
      "destination": "/private/var/folders/1_/m2vfg4n10n9_50cz0bmvnmx80000gn/T/trio-v2-command-upgrade-v1-standard-ULl5g6/home/manual/cursor/skills/trio/SKILL.md",
      "reason": "destination-observation-unknown"
    },
    {
      "targetId": "cursor",
      "surface": "dev",
      "destination": "/private/var/folders/1_/m2vfg4n10n9_50cz0bmvnmx80000gn/T/trio-v2-command-upgrade-v1-standard-ULl5g6/home/manual/cursor/skills/trio/dev/SKILL.md",
      "reason": "destination-observation-unknown"
    },
    {
      "targetId": "cursor",
      "surface": "office",
      "destination": "/private/var/folders/1_/m2vfg4n10n9_50cz0bmvnmx80000gn/T/trio-v2-command-upgrade-v1-standard-ULl5g6/home/manual/cursor/skills/trio/office/SKILL.md",
      "reason": "destination-observation-unknown"
    },
    {
      "targetId": "cursor",
      "surface": "safety",
      "destination": "/private/var/folders/1_/m2vfg4n10n9_50cz0bmvnmx80000gn/T/trio-v2-command-upgrade-v1-standard-ULl5g6/home/manual/cursor/skills/trio/safety/SKILL.md",
      "reason": "destination-observation-unknown"
    },
    {
      "targetId": "cursor",
      "surface": "chiefops",
      "destination": "/private/var/folders/1_/m2vfg4n10n9_50cz0bmvnmx80000gn/T/trio-v2-command-upgrade-v1-standard-ULl5g6/home/manual/cursor/skills/chiefops/SKILL.md",
      "reason": "destination-observation-unknown"
    },
    {
      "targetId": "cursor",
      "surface": "trio/references/execution.md",
      "destination": "/private/var/folders/1_/m2vfg4n10n9_50cz0bmvnmx80000gn/T/trio-v2-command-upgrade-v1-standard-ULl5g6/home/manual/cursor/skills/trio/references/execution.md",
      "reason": "destination-observation-unknown"
    },
    {
      "targetId": "cursor",
      "surface": "dev/references/methods.md",
      "destination": "/private/var/folders/1_/m2vfg4n10n9_50cz0bmvnmx80000gn/T/trio-v2-command-upgrade-v1-standard-ULl5g6/home/manual/cursor/skills/trio/dev/references/methods.md",
      "reason": "destination-observation-unknown"
    },
    {
      "targetId": "cursor",
      "surface": "dev/references/review.md",
      "destination": "/private/var/folders/1_/m2vfg4n10n9_50cz0bmvnmx80000gn/T/trio-v2-command-upgrade-v1-standard-ULl5g6/home/manual/cursor/skills/trio/dev/references/review.md",
      "reason": "destination-observation-unknown"
    },
    {
      "targetId": "cursor",
      "surface": "dev/references/pr-feedback.md",
      "destination": "/private/var/folders/1_/m2vfg4n10n9_50cz0bmvnmx80000gn/T/trio-v2-command-upgrade-v1-standard-ULl5g6/home/manual/cursor/skills/trio/dev/references/pr-feedback.md",
      "reason": "destination-observation-unknown"
    },
    {
      "targetId": "cursor",
      "surface": "chiefops/references/delegated-execution.md",
      "destination": "/private/var/folders/1_/m2vfg4n10n9_50cz0bmvnmx80000gn/T/trio-v2-command-upgrade-v1-standard-ULl5g6/home/manual/cursor/skills/chiefops/references/delegated-execution.md",
      "reason": "destination-observation-unknown"
    },
    {
      "targetId": "cursor",
      "surface": "office/references/source-backed-work.md",
      "destination": "/private/var/folders/1_/m2vfg4n10n9_50cz0bmvnmx80000gn/T/trio-v2-command-upgrade-v1-standard-ULl5g6/home/manual/cursor/skills/trio/office/references/source-backed-work.md",
      "reason": "destination-observation-unknown"
    },
    {
      "targetId": "cursor",
      "surface": "office/references/artifact-and-delivery.md",
      "destination": "/private/var/folders/1_/m2vfg4n10n9_50cz0bmvnmx80000gn/T/trio-v2-command-upgrade-v1-standard-ULl5g6/home/manual/cursor/skills/trio/office/references/artifact-and-delivery.md",
      "reason": "destination-observation-unknown"
    }
  ]
}
✔ Trio V1 standard upgrade applies only managed Codex surfaces and keeps generic targets manual (413.401541ms)
{
  "runtime": "trio",
  "mode": "fresh",
  "writes": [
    "/private/var/folders/1_/m2vfg4n10n9_50cz0bmvnmx80000gn/T/trio-v2-fresh-command-uqrz6R/workspace/AGENTS.md",
    "/private/var/folders/1_/m2vfg4n10n9_50cz0bmvnmx80000gn/T/trio-v2-fresh-command-uqrz6R/workspace/.agents/skills/trio/SKILL.md",
    "/private/var/folders/1_/m2vfg4n10n9_50cz0bmvnmx80000gn/T/trio-v2-fresh-command-uqrz6R/workspace/.agents/skills/trio/dev/SKILL.md",
    "/private/var/folders/1_/m2vfg4n10n9_50cz0bmvnmx80000gn/T/trio-v2-fresh-command-uqrz6R/workspace/.agents/skills/trio/office/SKILL.md",
    "/private/var/folders/1_/m2vfg4n10n9_50cz0bmvnmx80000gn/T/trio-v2-fresh-command-uqrz6R/workspace/.agents/skills/trio/safety/SKILL.md",
    "/private/var/folders/1_/m2vfg4n10n9_50cz0bmvnmx80000gn/T/trio-v2-fresh-command-uqrz6R/workspace/.agents/skills/chiefops/SKILL.md",
    "/private/var/folders/1_/m2vfg4n10n9_50cz0bmvnmx80000gn/T/trio-v2-fresh-command-uqrz6R/workspace/.agents/skills/trio/references/execution.md",
    "/private/var/folders/1_/m2vfg4n10n9_50cz0bmvnmx80000gn/T/trio-v2-fresh-command-uqrz6R/workspace/.agents/skills/trio/dev/references/methods.md",
    "/private/var/folders/1_/m2vfg4n10n9_50cz0bmvnmx80000gn/T/trio-v2-fresh-command-uqrz6R/workspace/.agents/skills/trio/dev/references/review.md",
    "/private/var/folders/1_/m2vfg4n10n9_50cz0bmvnmx80000gn/T/trio-v2-fresh-command-uqrz6R/workspace/.agents/skills/trio/dev/references/pr-feedback.md",
    "/private/var/folders/1_/m2vfg4n10n9_50cz0bmvnmx80000gn/T/trio-v2-fresh-command-uqrz6R/workspace/.agents/skills/chiefops/references/delegated-execution.md",
    "/private/var/folders/1_/m2vfg4n10n9_50cz0bmvnmx80000gn/T/trio-v2-fresh-command-uqrz6R/workspace/.agents/skills/trio/office/references/source-backed-work.md",
    "/private/var/folders/1_/m2vfg4n10n9_50cz0bmvnmx80000gn/T/trio-v2-fresh-command-uqrz6R/workspace/.agents/skills/trio/office/references/artifact-and-delivery.md"
  ],
  "conflicts": []
}
{
  "schemaVersion": 2,
  "runtime": "trio",
  "mode": "dry-run",
  "descriptors": [
    {
      "targetId": "codex",
      "surface": "entry",
      "destination": "/private/var/folders/1_/m2vfg4n10n9_50cz0bmvnmx80000gn/T/trio-v2-fresh-command-uqrz6R/workspace/AGENTS.md",
      "action": "update",
      "execution": "managed",
      "conflict": false
    },
    {
      "targetId": "codex",
      "surface": "trio",
      "destination": "/private/var/folders/1_/m2vfg4n10n9_50cz0bmvnmx80000gn/T/trio-v2-fresh-command-uqrz6R/workspace/.agents/skills/trio/SKILL.md",
      "action": "update",
      "execution": "managed",
      "conflict": false
    },
    {
      "targetId": "codex",
      "surface": "dev",
      "destination": "/private/var/folders/1_/m2vfg4n10n9_50cz0bmvnmx80000gn/T/trio-v2-fresh-command-uqrz6R/workspace/.agents/skills/trio/dev/SKILL.md",
      "action": "update",
      "execution": "managed",
      "conflict": false
    },
    {
      "targetId": "codex",
      "surface": "office",
      "destination": "/private/var/folders/1_/m2vfg4n10n9_50cz0bmvnmx80000gn/T/trio-v2-fresh-command-uqrz6R/workspace/.agents/skills/trio/office/SKILL.md",
      "action": "update",
      "execution": "managed",
      "conflict": false
    },
    {
      "targetId": "codex",
      "surface": "safety",
      "destination": "/private/var/folders/1_/m2vfg4n10n9_50cz0bmvnmx80000gn/T/trio-v2-fresh-command-uqrz6R/workspace/.agents/skills/trio/safety/SKILL.md",
      "action": "update",
      "execution": "managed",
      "conflict": false
    },
    {
      "targetId": "codex",
      "surface": "chiefops",
      "destination": "/private/var/folders/1_/m2vfg4n10n9_50cz0bmvnmx80000gn/T/trio-v2-fresh-command-uqrz6R/workspace/.agents/skills/chiefops/SKILL.md",
      "action": "update",
      "execution": "managed",
      "conflict": false
    },
    {
      "targetId": "codex",
      "surface": "trio/references/execution.md",
      "destination": "/private/var/folders/1_/m2vfg4n10n9_50cz0bmvnmx80000gn/T/trio-v2-fresh-command-uqrz6R/workspace/.agents/skills/trio/references/execution.md",
      "action": "update",
      "execution": "managed",
      "conflict": false
    },
    {
      "targetId": "codex",
      "surface": "dev/references/methods.md",
      "destination": "/private/var/folders/1_/m2vfg4n10n9_50cz0bmvnmx80000gn/T/trio-v2-fresh-command-uqrz6R/workspace/.agents/skills/trio/dev/references/methods.md",
      "action": "update",
      "execution": "managed",
      "conflict": false
    },
    {
      "targetId": "codex",
      "surface": "dev/references/review.md",
      "destination": "/private/var/folders/1_/m2vfg4n10n9_50cz0bmvnmx80000gn/T/trio-v2-fresh-command-uqrz6R/workspace/.agents/skills/trio/dev/references/review.md",
      "action": "update",
      "execution": "managed",
      "conflict": false
    },
    {
      "targetId": "codex",
      "surface": "dev/references/pr-feedback.md",
      "destination": "/private/var/folders/1_/m2vfg4n10n9_50cz0bmvnmx80000gn/T/trio-v2-fresh-command-uqrz6R/workspace/.agents/skills/trio/dev/references/pr-feedback.md",
      "action": "update",
      "execution": "managed",
      "conflict": false
    },
    {
      "targetId": "codex",
      "surface": "chiefops/references/delegated-execution.md",
      "destination": "/private/var/folders/1_/m2vfg4n10n9_50cz0bmvnmx80000gn/T/trio-v2-fresh-command-uqrz6R/workspace/.agents/skills/chiefops/references/delegated-execution.md",
      "action": "update",
      "execution": "managed",
      "conflict": false
    },
    {
      "targetId": "codex",
      "surface": "office/references/source-backed-work.md",
      "destination": "/private/var/folders/1_/m2vfg4n10n9_50cz0bmvnmx80000gn/T/trio-v2-fresh-command-uqrz6R/workspace/.agents/skills/trio/office/references/source-backed-work.md",
      "action": "update",
      "execution": "managed",
      "conflict": false
    },
    {
      "targetId": "codex",
      "surface": "office/references/artifact-and-delivery.md",
      "destination": "/private/var/folders/1_/m2vfg4n10n9_50cz0bmvnmx80000gn/T/trio-v2-fresh-command-uqrz6R/workspace/.agents/skills/trio/office/references/artifact-and-delivery.md",
      "action": "update",
      "execution": "managed",
      "conflict": false
    }
  ],
  "conflicts": []
}
{
  "schemaVersion": 2,
  "runtime": "trio",
  "readable": true,
  "descriptorCount": 13,
  "conflicts": [],
  "mode": "check-only"
}
{
  "schemaVersion": 2,
  "runtime": "trio",
  "opened": true,
  "rendered": false,
  "descriptorCount": 13,
  "conflicts": []
}
✔ Trio fresh install persists exact V2 state and public reports remain read-only (352.871583ms)
{
  "runtime": "trio",
  "mode": "fresh",
  "writes": [
    "/private/var/folders/1_/m2vfg4n10n9_50cz0bmvnmx80000gn/T/trio-v2-sync-check-required-FR6AYq/workspace/AGENTS.md",
    "/private/var/folders/1_/m2vfg4n10n9_50cz0bmvnmx80000gn/T/trio-v2-sync-check-required-FR6AYq/workspace/.agents/skills/trio/SKILL.md",
    "/private/var/folders/1_/m2vfg4n10n9_50cz0bmvnmx80000gn/T/trio-v2-sync-check-required-FR6AYq/workspace/.agents/skills/trio/dev/SKILL.md",
    "/private/var/folders/1_/m2vfg4n10n9_50cz0bmvnmx80000gn/T/trio-v2-sync-check-required-FR6AYq/workspace/.agents/skills/trio/office/SKILL.md",
    "/private/var/folders/1_/m2vfg4n10n9_50cz0bmvnmx80000gn/T/trio-v2-sync-check-required-FR6AYq/workspace/.agents/skills/trio/safety/SKILL.md",
    "/private/var/folders/1_/m2vfg4n10n9_50cz0bmvnmx80000gn/T/trio-v2-sync-check-required-FR6AYq/workspace/.agents/skills/chiefops/SKILL.md",
    "/private/var/folders/1_/m2vfg4n10n9_50cz0bmvnmx80000gn/T/trio-v2-sync-check-required-FR6AYq/workspace/.agents/skills/trio/references/execution.md",
    "/private/var/folders/1_/m2vfg4n10n9_50cz0bmvnmx80000gn/T/trio-v2-sync-check-required-FR6AYq/workspace/.agents/skills/trio/dev/references/methods.md",
    "/private/var/folders/1_/m2vfg4n10n9_50cz0bmvnmx80000gn/T/trio-v2-sync-check-required-FR6AYq/workspace/.agents/skills/trio/dev/references/review.md",
    "/private/var/folders/1_/m2vfg4n10n9_50cz0bmvnmx80000gn/T/trio-v2-sync-check-required-FR6AYq/workspace/.agents/skills/trio/dev/references/pr-feedback.md",
    "/private/var/folders/1_/m2vfg4n10n9_50cz0bmvnmx80000gn/T/trio-v2-sync-check-required-FR6AYq/workspace/.agents/skills/chiefops/references/delegated-execution.md",
    "/private/var/folders/1_/m2vfg4n10n9_50cz0bmvnmx80000gn/T/trio-v2-sync-check-required-FR6AYq/workspace/.agents/skills/trio/office/references/source-backed-work.md",
    "/private/var/folders/1_/m2vfg4n10n9_50cz0bmvnmx80000gn/T/trio-v2-sync-check-required-FR6AYq/workspace/.agents/skills/trio/office/references/artifact-and-delivery.md"
  ],
  "conflicts": []
}
✔ Trio public sync rejects check modes before report output or writes (371.464625ms)
{
  "runtime": "trio",
  "mode": "fresh",
  "writes": [
    "/private/var/folders/1_/m2vfg4n10n9_50cz0bmvnmx80000gn/T/trio-v2-content-ownership-LVk1dX/workspace/AGENTS.md",
    "/private/var/folders/1_/m2vfg4n10n9_50cz0bmvnmx80000gn/T/trio-v2-content-ownership-LVk1dX/workspace/.agents/skills/trio/SKILL.md",
    "/private/var/folders/1_/m2vfg4n10n9_50cz0bmvnmx80000gn/T/trio-v2-content-ownership-LVk1dX/workspace/.agents/skills/trio/dev/SKILL.md",
    "/private/var/folders/1_/m2vfg4n10n9_50cz0bmvnmx80000gn/T/trio-v2-content-ownership-LVk1dX/workspace/.agents/skills/trio/office/SKILL.md",
    "/private/var/folders/1_/m2vfg4n10n9_50cz0bmvnmx80000gn/T/trio-v2-content-ownership-LVk1dX/workspace/.agents/skills/trio/safety/SKILL.md",
    "/private/var/folders/1_/m2vfg4n10n9_50cz0bmvnmx80000gn/T/trio-v2-content-ownership-LVk1dX/workspace/.agents/skills/chiefops/SKILL.md",
    "/private/var/folders/1_/m2vfg4n10n9_50cz0bmvnmx80000gn/T/trio-v2-content-ownership-LVk1dX/workspace/.agents/skills/trio/references/execution.md",
    "/private/var/folders/1_/m2vfg4n10n9_50cz0bmvnmx80000gn/T/trio-v2-content-ownership-LVk1dX/workspace/.agents/skills/trio/dev/references/methods.md",
    "/private/var/folders/1_/m2vfg4n10n9_50cz0bmvnmx80000gn/T/trio-v2-content-ownership-LVk1dX/workspace/.agents/skills/trio/dev/references/review.md",
    "/private/var/folders/1_/m2vfg4n10n9_50cz0bmvnmx80000gn/T/trio-v2-content-ownership-LVk1dX/workspace/.agents/skills/trio/dev/references/pr-feedback.md",
    "/private/var/folders/1_/m2vfg4n10n9_50cz0bmvnmx80000gn/T/trio-v2-content-ownership-LVk1dX/workspace/.agents/skills/chiefops/references/delegated-execution.md",
    "/private/var/folders/1_/m2vfg4n10n9_50cz0bmvnmx80000gn/T/trio-v2-content-ownership-LVk1dX/workspace/.agents/skills/trio/office/references/source-backed-work.md",
    "/private/var/folders/1_/m2vfg4n10n9_50cz0bmvnmx80000gn/T/trio-v2-content-ownership-LVk1dX/workspace/.agents/skills/trio/office/references/artifact-and-delivery.md"
  ],
  "conflicts": []
}
{
  "schemaVersion": 2,
  "runtime": "trio",
  "mode": "dry-run",
  "descriptors": [
    {
      "targetId": "codex",
      "surface": "entry",
      "destination": "/private/var/folders/1_/m2vfg4n10n9_50cz0bmvnmx80000gn/T/trio-v2-content-ownership-LVk1dX/workspace/AGENTS.md",
      "action": "update",
      "execution": "managed",
      "conflict": false
    },
    {
      "targetId": "codex",
      "surface": "trio",
      "destination": "/private/var/folders/1_/m2vfg4n10n9_50cz0bmvnmx80000gn/T/trio-v2-content-ownership-LVk1dX/workspace/.agents/skills/trio/SKILL.md",
      "action": "update",
      "execution": "managed",
      "conflict": false
    },
    {
      "targetId": "codex",
      "surface": "dev",
      "destination": "/private/var/folders/1_/m2vfg4n10n9_50cz0bmvnmx80000gn/T/trio-v2-content-ownership-LVk1dX/workspace/.agents/skills/trio/dev/SKILL.md",
      "action": "update",
      "execution": "managed",
      "conflict": false
    },
    {
      "targetId": "codex",
      "surface": "office",
      "destination": "/private/var/folders/1_/m2vfg4n10n9_50cz0bmvnmx80000gn/T/trio-v2-content-ownership-LVk1dX/workspace/.agents/skills/trio/office/SKILL.md",
      "action": "update",
      "execution": "managed",
      "conflict": false
    },
    {
      "targetId": "codex",
      "surface": "safety",
      "destination": "/private/var/folders/1_/m2vfg4n10n9_50cz0bmvnmx80000gn/T/trio-v2-content-ownership-LVk1dX/workspace/.agents/skills/trio/safety/SKILL.md",
      "action": "update",
      "execution": "managed",
      "conflict": false
    },
    {
      "targetId": "codex",
      "surface": "chiefops",
      "destination": "/private/var/folders/1_/m2vfg4n10n9_50cz0bmvnmx80000gn/T/trio-v2-content-ownership-LVk1dX/workspace/.agents/skills/chiefops/SKILL.md",
      "action": "update",
      "execution": "managed",
      "conflict": false
    },
    {
      "targetId": "codex",
      "surface": "trio/references/execution.md",
      "destination": "/private/var/folders/1_/m2vfg4n10n9_50cz0bmvnmx80000gn/T/trio-v2-content-ownership-LVk1dX/workspace/.agents/skills/trio/references/execution.md",
      "action": "update",
      "execution": "managed",
      "conflict": false
    },
    {
      "targetId": "codex",
      "surface": "dev/references/methods.md",
      "destination": "/private/var/folders/1_/m2vfg4n10n9_50cz0bmvnmx80000gn/T/trio-v2-content-ownership-LVk1dX/workspace/.agents/skills/trio/dev/references/methods.md",
      "action": "update",
      "execution": "managed",
      "conflict": false
    },
    {
      "targetId": "codex",
      "surface": "dev/references/review.md",
      "destination": "/private/var/folders/1_/m2vfg4n10n9_50cz0bmvnmx80000gn/T/trio-v2-content-ownership-LVk1dX/workspace/.agents/skills/trio/dev/references/review.md",
      "action": "update",
      "execution": "managed",
      "conflict": false
    },
    {
      "targetId": "codex",
      "surface": "dev/references/pr-feedback.md",
      "destination": "/private/var/folders/1_/m2vfg4n10n9_50cz0bmvnmx80000gn/T/trio-v2-content-ownership-LVk1dX/workspace/.agents/skills/trio/dev/references/pr-feedback.md",
      "action": "update",
      "execution": "managed",
      "conflict": false
    },
    {
      "targetId": "codex",
      "surface": "chiefops/references/delegated-execution.md",
      "destination": "/private/var/folders/1_/m2vfg4n10n9_50cz0bmvnmx80000gn/T/trio-v2-content-ownership-LVk1dX/workspace/.agents/skills/chiefops/references/delegated-execution.md",
      "action": "update",
      "execution": "managed",
      "conflict": false
    },
    {
      "targetId": "codex",
      "surface": "office/references/source-backed-work.md",
      "destination": "/private/var/folders/1_/m2vfg4n10n9_50cz0bmvnmx80000gn/T/trio-v2-content-ownership-LVk1dX/workspace/.agents/skills/trio/office/references/source-backed-work.md",
      "action": "update",
      "execution": "managed",
      "conflict": false
    },
    {
      "targetId": "codex",
      "surface": "office/references/artifact-and-delivery.md",
      "destination": "/private/var/folders/1_/m2vfg4n10n9_50cz0bmvnmx80000gn/T/trio-v2-content-ownership-LVk1dX/workspace/.agents/skills/trio/office/references/artifact-and-delivery.md",
      "action": "update",
      "execution": "managed",
      "conflict": false
    }
  ],
  "conflicts": []
}
{
  "schemaVersion": 2,
  "runtime": "trio",
  "mode": "dry-run",
  "descriptors": [
    {
      "targetId": "codex",
      "surface": "entry",
      "destination": "/private/var/folders/1_/m2vfg4n10n9_50cz0bmvnmx80000gn/T/trio-v2-content-ownership-LVk1dX/workspace/AGENTS.md",
      "action": "preserve",
      "execution": "manual",
      "conflict": true
    },
    {
      "targetId": "codex",
      "surface": "trio",
      "destination": "/private/var/folders/1_/m2vfg4n10n9_50cz0bmvnmx80000gn/T/trio-v2-content-ownership-LVk1dX/workspace/.agents/skills/trio/SKILL.md",
      "action": "update",
      "execution": "managed",
      "conflict": false
    },
    {
      "targetId": "codex",
      "surface": "dev",
      "destination": "/private/var/folders/1_/m2vfg4n10n9_50cz0bmvnmx80000gn/T/trio-v2-content-ownership-LVk1dX/workspace/.agents/skills/trio/dev/SKILL.md",
      "action": "update",
      "execution": "managed",
      "conflict": false
    },
    {
      "targetId": "codex",
      "surface": "office",
      "destination": "/private/var/folders/1_/m2vfg4n10n9_50cz0bmvnmx80000gn/T/trio-v2-content-ownership-LVk1dX/workspace/.agents/skills/trio/office/SKILL.md",
      "action": "update",
      "execution": "managed",
      "conflict": false
    },
    {
      "targetId": "codex",
      "surface": "safety",
      "destination": "/private/var/folders/1_/m2vfg4n10n9_50cz0bmvnmx80000gn/T/trio-v2-content-ownership-LVk1dX/workspace/.agents/skills/trio/safety/SKILL.md",
      "action": "update",
      "execution": "managed",
      "conflict": false
    },
    {
      "targetId": "codex",
      "surface": "chiefops",
      "destination": "/private/var/folders/1_/m2vfg4n10n9_50cz0bmvnmx80000gn/T/trio-v2-content-ownership-LVk1dX/workspace/.agents/skills/chiefops/SKILL.md",
      "action": "update",
      "execution": "managed",
      "conflict": false
    },
    {
      "targetId": "codex",
      "surface": "trio/references/execution.md",
      "destination": "/private/var/folders/1_/m2vfg4n10n9_50cz0bmvnmx80000gn/T/trio-v2-content-ownership-LVk1dX/workspace/.agents/skills/trio/references/execution.md",
      "action": "update",
      "execution": "managed",
      "conflict": false
    },
    {
      "targetId": "codex",
      "surface": "dev/references/methods.md",
      "destination": "/private/var/folders/1_/m2vfg4n10n9_50cz0bmvnmx80000gn/T/trio-v2-content-ownership-LVk1dX/workspace/.agents/skills/trio/dev/references/methods.md",
      "action": "update",
      "execution": "managed",
      "conflict": false
    },
    {
      "targetId": "codex",
      "surface": "dev/references/review.md",
      "destination": "/private/var/folders/1_/m2vfg4n10n9_50cz0bmvnmx80000gn/T/trio-v2-content-ownership-LVk1dX/workspace/.agents/skills/trio/dev/references/review.md",
      "action": "update",
      "execution": "managed",
      "conflict": false
    },
    {
      "targetId": "codex",
      "surface": "dev/references/pr-feedback.md",
      "destination": "/private/var/folders/1_/m2vfg4n10n9_50cz0bmvnmx80000gn/T/trio-v2-content-ownership-LVk1dX/workspace/.agents/skills/trio/dev/references/pr-feedback.md",
      "action": "update",
      "execution": "managed",
      "conflict": false
    },
    {
      "targetId": "codex",
      "surface": "chiefops/references/delegated-execution.md",
      "destination": "/private/var/folders/1_/m2vfg4n10n9_50cz0bmvnmx80000gn/T/trio-v2-content-ownership-LVk1dX/workspace/.agents/skills/chiefops/references/delegated-execution.md",
      "action": "update",
      "execution": "managed",
      "conflict": false
    },
    {
      "targetId": "codex",
      "surface": "office/references/source-backed-work.md",
      "destination": "/private/var/folders/1_/m2vfg4n10n9_50cz0bmvnmx80000gn/T/trio-v2-content-ownership-LVk1dX/workspace/.agents/skills/trio/office/references/source-backed-work.md",
      "action": "update",
      "execution": "managed",
      "conflict": false
    },
    {
      "targetId": "codex",
      "surface": "office/references/artifact-and-delivery.md",
      "destination": "/private/var/folders/1_/m2vfg4n10n9_50cz0bmvnmx80000gn/T/trio-v2-content-ownership-LVk1dX/workspace/.agents/skills/trio/office/references/artifact-and-delivery.md",
      "action": "update",
      "execution": "managed",
      "conflict": false
    }
  ],
  "conflicts": [
    {
      "targetId": "codex",
      "surface": "entry",
      "destination": "/private/var/folders/1_/m2vfg4n10n9_50cz0bmvnmx80000gn/T/trio-v2-content-ownership-LVk1dX/workspace/AGENTS.md",
      "reason": "destination-observation-unknown"
    }
  ]
}
✔ Trio uses settled content digests to allow source updates and preserve user drift (498.461084ms)
{
  "runtime": "trio",
  "mode": "fresh",
  "writes": [
    "/private/var/folders/1_/m2vfg4n10n9_50cz0bmvnmx80000gn/T/trio-v2-public-content-drift-2032nS/workspace/AGENTS.md",
    "/private/var/folders/1_/m2vfg4n10n9_50cz0bmvnmx80000gn/T/trio-v2-public-content-drift-2032nS/workspace/.agents/skills/trio/SKILL.md",
    "/private/var/folders/1_/m2vfg4n10n9_50cz0bmvnmx80000gn/T/trio-v2-public-content-drift-2032nS/workspace/.agents/skills/trio/dev/SKILL.md",
    "/private/var/folders/1_/m2vfg4n10n9_50cz0bmvnmx80000gn/T/trio-v2-public-content-drift-2032nS/workspace/.agents/skills/trio/office/SKILL.md",
    "/private/var/folders/1_/m2vfg4n10n9_50cz0bmvnmx80000gn/T/trio-v2-public-content-drift-2032nS/workspace/.agents/skills/trio/safety/SKILL.md",
    "/private/var/folders/1_/m2vfg4n10n9_50cz0bmvnmx80000gn/T/trio-v2-public-content-drift-2032nS/workspace/.agents/skills/chiefops/SKILL.md",
    "/private/var/folders/1_/m2vfg4n10n9_50cz0bmvnmx80000gn/T/trio-v2-public-content-drift-2032nS/workspace/.agents/skills/trio/references/execution.md",
    "/private/var/folders/1_/m2vfg4n10n9_50cz0bmvnmx80000gn/T/trio-v2-public-content-drift-2032nS/workspace/.agents/skills/trio/dev/references/methods.md",
    "/private/var/folders/1_/m2vfg4n10n9_50cz0bmvnmx80000gn/T/trio-v2-public-content-drift-2032nS/workspace/.agents/skills/trio/dev/references/review.md",
    "/private/var/folders/1_/m2vfg4n10n9_50cz0bmvnmx80000gn/T/trio-v2-public-content-drift-2032nS/workspace/.agents/skills/trio/dev/references/pr-feedback.md",
    "/private/var/folders/1_/m2vfg4n10n9_50cz0bmvnmx80000gn/T/trio-v2-public-content-drift-2032nS/workspace/.agents/skills/chiefops/references/delegated-execution.md",
    "/private/var/folders/1_/m2vfg4n10n9_50cz0bmvnmx80000gn/T/trio-v2-public-content-drift-2032nS/workspace/.agents/skills/trio/office/references/source-backed-work.md",
    "/private/var/folders/1_/m2vfg4n10n9_50cz0bmvnmx80000gn/T/trio-v2-public-content-drift-2032nS/workspace/.agents/skills/trio/office/references/artifact-and-delivery.md"
  ],
  "conflicts": []
}
{
  "schemaVersion": 2,
  "runtime": "trio",
  "mode": "dry-run",
  "descriptors": [
    {
      "targetId": "codex",
      "surface": "entry",
      "destination": "/private/var/folders/1_/m2vfg4n10n9_50cz0bmvnmx80000gn/T/trio-v2-public-content-drift-2032nS/workspace/AGENTS.md",
      "action": "update",
      "execution": "managed",
      "conflict": false
    },
    {
      "targetId": "codex",
      "surface": "trio",
      "destination": "/private/var/folders/1_/m2vfg4n10n9_50cz0bmvnmx80000gn/T/trio-v2-public-content-drift-2032nS/workspace/.agents/skills/trio/SKILL.md",
      "action": "update",
      "execution": "managed",
      "conflict": false
    },
    {
      "targetId": "codex",
      "surface": "dev",
      "destination": "/private/var/folders/1_/m2vfg4n10n9_50cz0bmvnmx80000gn/T/trio-v2-public-content-drift-2032nS/workspace/.agents/skills/trio/dev/SKILL.md",
      "action": "update",
      "execution": "managed",
      "conflict": false
    },
    {
      "targetId": "codex",
      "surface": "office",
      "destination": "/private/var/folders/1_/m2vfg4n10n9_50cz0bmvnmx80000gn/T/trio-v2-public-content-drift-2032nS/workspace/.agents/skills/trio/office/SKILL.md",
      "action": "update",
      "execution": "managed",
      "conflict": false
    },
    {
      "targetId": "codex",
      "surface": "safety",
      "destination": "/private/var/folders/1_/m2vfg4n10n9_50cz0bmvnmx80000gn/T/trio-v2-public-content-drift-2032nS/workspace/.agents/skills/trio/safety/SKILL.md",
      "action": "update",
      "execution": "managed",
      "conflict": false
    },
    {
      "targetId": "codex",
      "surface": "chiefops",
      "destination": "/private/var/folders/1_/m2vfg4n10n9_50cz0bmvnmx80000gn/T/trio-v2-public-content-drift-2032nS/workspace/.agents/skills/chiefops/SKILL.md",
      "action": "update",
      "execution": "managed",
      "conflict": false
    },
    {
      "targetId": "codex",
      "surface": "trio/references/execution.md",
      "destination": "/private/var/folders/1_/m2vfg4n10n9_50cz0bmvnmx80000gn/T/trio-v2-public-content-drift-2032nS/workspace/.agents/skills/trio/references/execution.md",
      "action": "update",
      "execution": "managed",
      "conflict": false
    },
    {
      "targetId": "codex",
      "surface": "dev/references/methods.md",
      "destination": "/private/var/folders/1_/m2vfg4n10n9_50cz0bmvnmx80000gn/T/trio-v2-public-content-drift-2032nS/workspace/.agents/skills/trio/dev/references/methods.md",
      "action": "update",
      "execution": "managed",
      "conflict": false
    },
    {
      "targetId": "codex",
      "surface": "dev/references/review.md",
      "destination": "/private/var/folders/1_/m2vfg4n10n9_50cz0bmvnmx80000gn/T/trio-v2-public-content-drift-2032nS/workspace/.agents/skills/trio/dev/references/review.md",
      "action": "update",
      "execution": "managed",
      "conflict": false
    },
    {
      "targetId": "codex",
      "surface": "dev/references/pr-feedback.md",
      "destination": "/private/var/folders/1_/m2vfg4n10n9_50cz0bmvnmx80000gn/T/trio-v2-public-content-drift-2032nS/workspace/.agents/skills/trio/dev/references/pr-feedback.md",
      "action": "update",
      "execution": "managed",
      "conflict": false
    },
    {
      "targetId": "codex",
      "surface": "chiefops/references/delegated-execution.md",
      "destination": "/private/var/folders/1_/m2vfg4n10n9_50cz0bmvnmx80000gn/T/trio-v2-public-content-drift-2032nS/workspace/.agents/skills/chiefops/references/delegated-execution.md",
      "action": "update",
      "execution": "managed",
      "conflict": false
    },
    {
      "targetId": "codex",
      "surface": "office/references/source-backed-work.md",
      "destination": "/private/var/folders/1_/m2vfg4n10n9_50cz0bmvnmx80000gn/T/trio-v2-public-content-drift-2032nS/workspace/.agents/skills/trio/office/references/source-backed-work.md",
      "action": "update",
      "execution": "managed",
      "conflict": false
    },
    {
      "targetId": "codex",
      "surface": "office/references/artifact-and-delivery.md",
      "destination": "/private/var/folders/1_/m2vfg4n10n9_50cz0bmvnmx80000gn/T/trio-v2-public-content-drift-2032nS/workspace/.agents/skills/trio/office/references/artifact-and-delivery.md",
      "action": "update",
      "execution": "managed",
      "conflict": false
    }
  ],
  "conflicts": []
}
{
  "schemaVersion": 2,
  "runtime": "trio",
  "mode": "dry-run",
  "descriptors": [
    {
      "targetId": "codex",
      "surface": "entry",
      "destination": "/private/var/folders/1_/m2vfg4n10n9_50cz0bmvnmx80000gn/T/trio-v2-public-content-drift-2032nS/workspace/AGENTS.md",
      "action": "preserve",
      "execution": "manual",
      "conflict": true
    },
    {
      "targetId": "codex",
      "surface": "trio",
      "destination": "/private/var/folders/1_/m2vfg4n10n9_50cz0bmvnmx80000gn/T/trio-v2-public-content-drift-2032nS/workspace/.agents/skills/trio/SKILL.md",
      "action": "update",
      "execution": "managed",
      "conflict": false
    },
    {
      "targetId": "codex",
      "surface": "dev",
      "destination": "/private/var/folders/1_/m2vfg4n10n9_50cz0bmvnmx80000gn/T/trio-v2-public-content-drift-2032nS/workspace/.agents/skills/trio/dev/SKILL.md",
      "action": "update",
      "execution": "managed",
      "conflict": false
    },
    {
      "targetId": "codex",
      "surface": "office",
      "destination": "/private/var/folders/1_/m2vfg4n10n9_50cz0bmvnmx80000gn/T/trio-v2-public-content-drift-2032nS/workspace/.agents/skills/trio/office/SKILL.md",
      "action": "update",
      "execution": "managed",
      "conflict": false
    },
    {
      "targetId": "codex",
      "surface": "safety",
      "destination": "/private/var/folders/1_/m2vfg4n10n9_50cz0bmvnmx80000gn/T/trio-v2-public-content-drift-2032nS/workspace/.agents/skills/trio/safety/SKILL.md",
      "action": "update",
      "execution": "managed",
      "conflict": false
    },
    {
      "targetId": "codex",
      "surface": "chiefops",
      "destination": "/private/var/folders/1_/m2vfg4n10n9_50cz0bmvnmx80000gn/T/trio-v2-public-content-drift-2032nS/workspace/.agents/skills/chiefops/SKILL.md",
      "action": "update",
      "execution": "managed",
      "conflict": false
    },
    {
      "targetId": "codex",
      "surface": "trio/references/execution.md",
      "destination": "/private/var/folders/1_/m2vfg4n10n9_50cz0bmvnmx80000gn/T/trio-v2-public-content-drift-2032nS/workspace/.agents/skills/trio/references/execution.md",
      "action": "update",
      "execution": "managed",
      "conflict": false
    },
    {
      "targetId": "codex",
      "surface": "dev/references/methods.md",
      "destination": "/private/var/folders/1_/m2vfg4n10n9_50cz0bmvnmx80000gn/T/trio-v2-public-content-drift-2032nS/workspace/.agents/skills/trio/dev/references/methods.md",
      "action": "update",
      "execution": "managed",
      "conflict": false
    },
    {
      "targetId": "codex",
      "surface": "dev/references/review.md",
      "destination": "/private/var/folders/1_/m2vfg4n10n9_50cz0bmvnmx80000gn/T/trio-v2-public-content-drift-2032nS/workspace/.agents/skills/trio/dev/references/review.md",
      "action": "update",
      "execution": "managed",
      "conflict": false
    },
    {
      "targetId": "codex",
      "surface": "dev/references/pr-feedback.md",
      "destination": "/private/var/folders/1_/m2vfg4n10n9_50cz0bmvnmx80000gn/T/trio-v2-public-content-drift-2032nS/workspace/.agents/skills/trio/dev/references/pr-feedback.md",
      "action": "update",
      "execution": "managed",
      "conflict": false
    },
    {
      "targetId": "codex",
      "surface": "chiefops/references/delegated-execution.md",
      "destination": "/private/var/folders/1_/m2vfg4n10n9_50cz0bmvnmx80000gn/T/trio-v2-public-content-drift-2032nS/workspace/.agents/skills/chiefops/references/delegated-execution.md",
      "action": "update",
      "execution": "managed",
      "conflict": false
    },
    {
      "targetId": "codex",
      "surface": "office/references/source-backed-work.md",
      "destination": "/private/var/folders/1_/m2vfg4n10n9_50cz0bmvnmx80000gn/T/trio-v2-public-content-drift-2032nS/workspace/.agents/skills/trio/office/references/source-backed-work.md",
      "action": "update",
      "execution": "managed",
      "conflict": false
    },
    {
      "targetId": "codex",
      "surface": "office/references/artifact-and-delivery.md",
      "destination": "/private/var/folders/1_/m2vfg4n10n9_50cz0bmvnmx80000gn/T/trio-v2-public-content-drift-2032nS/workspace/.agents/skills/trio/office/references/artifact-and-delivery.md",
      "action": "update",
      "execution": "managed",
      "conflict": false
    }
  ],
  "conflicts": [
    {
      "targetId": "codex",
      "surface": "entry",
      "destination": "/private/var/folders/1_/m2vfg4n10n9_50cz0bmvnmx80000gn/T/trio-v2-public-content-drift-2032nS/workspace/AGENTS.md",
      "reason": "destination-observation-unknown"
    }
  ]
}
✔ Trio public sync treats a content-digest mismatch as user-owned drift (455.019166ms)
✔ Trio physical fixture gate rejects a symlinked managed parent before state or target writes (11.130625ms)
✔ Trio internal apply compensates a mid-apply failure without changing V1 state (53.608375ms)
✔ Trio internal apply preserves the original state when the state publish fails before rename (398.360292ms)
✔ Trio rollback preserves an ambiguous post-publish target and restores prior receipts (61.67025ms)
✔ Trio rollback preserves an ambiguous post-publish state and restores target receipts (464.639416ms)
✔ Trio apply rechecks a post-observation target swap before its first write (9.435458ms)
✔ Trio selector and fixture inputs fail closed without legacy or target writes (1.198042ms)
✔ unknown Trio selectors reject help before emitting command usage (0.26275ms)
✔ production selector pollution rejects help before output (0.223458ms)
✔ Trio rollback preserves a same-content foreign replacement after publication (35.558625ms)
✔ Trio rollback preserves a replaced transaction-created directory (89.82275ms)
{
  "runtime": "trio",
  "mode": "fresh",
  "writes": [
    "/private/var/folders/1_/m2vfg4n10n9_50cz0bmvnmx80000gn/T/trio-v2-state-alias-OBmH6j/workspace/AGENTS.md",
    "/private/var/folders/1_/m2vfg4n10n9_50cz0bmvnmx80000gn/T/trio-v2-state-alias-OBmH6j/workspace/.agents/skills/trio/SKILL.md",
    "/private/var/folders/1_/m2vfg4n10n9_50cz0bmvnmx80000gn/T/trio-v2-state-alias-OBmH6j/workspace/.agents/skills/trio/dev/SKILL.md",
    "/private/var/folders/1_/m2vfg4n10n9_50cz0bmvnmx80000gn/T/trio-v2-state-alias-OBmH6j/workspace/.agents/skills/trio/office/SKILL.md",
    "/private/var/folders/1_/m2vfg4n10n9_50cz0bmvnmx80000gn/T/trio-v2-state-alias-OBmH6j/workspace/.agents/skills/trio/safety/SKILL.md",
    "/private/var/folders/1_/m2vfg4n10n9_50cz0bmvnmx80000gn/T/trio-v2-state-alias-OBmH6j/workspace/.agents/skills/chiefops/SKILL.md",
    "/private/var/folders/1_/m2vfg4n10n9_50cz0bmvnmx80000gn/T/trio-v2-state-alias-OBmH6j/workspace/.agents/skills/trio/references/execution.md",
    "/private/var/folders/1_/m2vfg4n10n9_50cz0bmvnmx80000gn/T/trio-v2-state-alias-OBmH6j/workspace/.agents/skills/trio/dev/references/methods.md",
    "/private/var/folders/1_/m2vfg4n10n9_50cz0bmvnmx80000gn/T/trio-v2-state-alias-OBmH6j/workspace/.agents/skills/trio/dev/references/review.md",
    "/private/var/folders/1_/m2vfg4n10n9_50cz0bmvnmx80000gn/T/trio-v2-state-alias-OBmH6j/workspace/.agents/skills/trio/dev/references/pr-feedback.md",
    "/private/var/folders/1_/m2vfg4n10n9_50cz0bmvnmx80000gn/T/trio-v2-state-alias-OBmH6j/workspace/.agents/skills/chiefops/references/delegated-execution.md",
    "/private/var/folders/1_/m2vfg4n10n9_50cz0bmvnmx80000gn/T/trio-v2-state-alias-OBmH6j/workspace/.agents/skills/trio/office/references/source-backed-work.md",
    "/private/var/folders/1_/m2vfg4n10n9_50cz0bmvnmx80000gn/T/trio-v2-state-alias-OBmH6j/workspace/.agents/skills/trio/office/references/artifact-and-delivery.md"
  ],
  "conflicts": []
}
✔ Trio physical fixture gate rejects descriptor-to-state aliases (387.540166ms)
{
  "runtime": "trio",
  "mode": "upgrade",
  "writes": [
    "/private/var/folders/1_/m2vfg4n10n9_50cz0bmvnmx80000gn/T/trio-v2-command-upgrade-v1-standard-rZXe8k/home/.codex/AGENTS.md",
    "/private/var/folders/1_/m2vfg4n10n9_50cz0bmvnmx80000gn/T/trio-v2-command-upgrade-v1-standard-rZXe8k/home/.agents/skills/trio/SKILL.md",
    "/private/var/folders/1_/m2vfg4n10n9_50cz0bmvnmx80000gn/T/trio-v2-command-upgrade-v1-standard-rZXe8k/home/.agents/skills/trio/dev/SKILL.md",
    "/private/var/folders/1_/m2vfg4n10n9_50cz0bmvnmx80000gn/T/trio-v2-command-upgrade-v1-standard-rZXe8k/home/.agents/skills/trio/office/SKILL.md",
    "/private/var/folders/1_/m2vfg4n10n9_50cz0bmvnmx80000gn/T/trio-v2-command-upgrade-v1-standard-rZXe8k/home/.agents/skills/trio/safety/SKILL.md",
    "/private/var/folders/1_/m2vfg4n10n9_50cz0bmvnmx80000gn/T/trio-v2-command-upgrade-v1-standard-rZXe8k/home/.agents/skills/chiefops/SKILL.md",
    "/private/var/folders/1_/m2vfg4n10n9_50cz0bmvnmx80000gn/T/trio-v2-command-upgrade-v1-standard-rZXe8k/home/.agents/skills/trio/references/execution.md",
    "/private/var/folders/1_/m2vfg4n10n9_50cz0bmvnmx80000gn/T/trio-v2-command-upgrade-v1-standard-rZXe8k/home/.agents/skills/trio/dev/references/methods.md",
    "/private/var/folders/1_/m2vfg4n10n9_50cz0bmvnmx80000gn/T/trio-v2-command-upgrade-v1-standard-rZXe8k/home/.agents/skills/trio/dev/references/review.md",
    "/private/var/folders/1_/m2vfg4n10n9_50cz0bmvnmx80000gn/T/trio-v2-command-upgrade-v1-standard-rZXe8k/home/.agents/skills/trio/dev/references/pr-feedback.md",
    "/private/var/folders/1_/m2vfg4n10n9_50cz0bmvnmx80000gn/T/trio-v2-command-upgrade-v1-standard-rZXe8k/home/.agents/skills/chiefops/references/delegated-execution.md",
    "/private/var/folders/1_/m2vfg4n10n9_50cz0bmvnmx80000gn/T/trio-v2-command-upgrade-v1-standard-rZXe8k/home/.agents/skills/trio/office/references/source-backed-work.md",
    "/private/var/folders/1_/m2vfg4n10n9_50cz0bmvnmx80000gn/T/trio-v2-command-upgrade-v1-standard-rZXe8k/home/.agents/skills/trio/office/references/artifact-and-delivery.md"
  ],
  "conflicts": [
    {
      "targetId": "cursor",
      "surface": "entry",
      "destination": "/private/var/folders/1_/m2vfg4n10n9_50cz0bmvnmx80000gn/T/trio-v2-command-upgrade-v1-standard-rZXe8k/home/manual/cursor/entry-policy.md",
      "reason": "destination-observation-unknown"
    },
    {
      "targetId": "cursor",
      "surface": "trio",
      "destination": "/private/var/folders/1_/m2vfg4n10n9_50cz0bmvnmx80000gn/T/trio-v2-command-upgrade-v1-standard-rZXe8k/home/manual/cursor/skills/trio/SKILL.md",
      "reason": "destination-observation-unknown"
    },
    {
      "targetId": "cursor",
      "surface": "dev",
      "destination": "/private/var/folders/1_/m2vfg4n10n9_50cz0bmvnmx80000gn/T/trio-v2-command-upgrade-v1-standard-rZXe8k/home/manual/cursor/skills/trio/dev/SKILL.md",
      "reason": "destination-observation-unknown"
    },
    {
      "targetId": "cursor",
      "surface": "office",
      "destination": "/private/var/folders/1_/m2vfg4n10n9_50cz0bmvnmx80000gn/T/trio-v2-command-upgrade-v1-standard-rZXe8k/home/manual/cursor/skills/trio/office/SKILL.md",
      "reason": "destination-observation-unknown"
    },
    {
      "targetId": "cursor",
      "surface": "safety",
      "destination": "/private/var/folders/1_/m2vfg4n10n9_50cz0bmvnmx80000gn/T/trio-v2-command-upgrade-v1-standard-rZXe8k/home/manual/cursor/skills/trio/safety/SKILL.md",
      "reason": "destination-observation-unknown"
    },
    {
      "targetId": "cursor",
      "surface": "chiefops",
      "destination": "/private/var/folders/1_/m2vfg4n10n9_50cz0bmvnmx80000gn/T/trio-v2-command-upgrade-v1-standard-rZXe8k/home/manual/cursor/skills/chiefops/SKILL.md",
      "reason": "destination-observation-unknown"
    },
    {
      "targetId": "cursor",
      "surface": "trio/references/execution.md",
      "destination": "/private/var/folders/1_/m2vfg4n10n9_50cz0bmvnmx80000gn/T/trio-v2-command-upgrade-v1-standard-rZXe8k/home/manual/cursor/skills/trio/references/execution.md",
      "reason": "destination-observation-unknown"
    },
    {
      "targetId": "cursor",
      "surface": "dev/references/methods.md",
      "destination": "/private/var/folders/1_/m2vfg4n10n9_50cz0bmvnmx80000gn/T/trio-v2-command-upgrade-v1-standard-rZXe8k/home/manual/cursor/skills/trio/dev/references/methods.md",
      "reason": "destination-observation-unknown"
    },
    {
      "targetId": "cursor",
      "surface": "dev/references/review.md",
      "destination": "/private/var/folders/1_/m2vfg4n10n9_50cz0bmvnmx80000gn/T/trio-v2-command-upgrade-v1-standard-rZXe8k/home/manual/cursor/skills/trio/dev/references/review.md",
      "reason": "destination-observation-unknown"
    },
    {
      "targetId": "cursor",
      "surface": "dev/references/pr-feedback.md",
      "destination": "/private/var/folders/1_/m2vfg4n10n9_50cz0bmvnmx80000gn/T/trio-v2-command-upgrade-v1-standard-rZXe8k/home/manual/cursor/skills/trio/dev/references/pr-feedback.md",
      "reason": "destination-observation-unknown"
    },
    {
      "targetId": "cursor",
      "surface": "chiefops/references/delegated-execution.md",
      "destination": "/private/var/folders/1_/m2vfg4n10n9_50cz0bmvnmx80000gn/T/trio-v2-command-upgrade-v1-standard-rZXe8k/home/manual/cursor/skills/chiefops/references/delegated-execution.md",
      "reason": "destination-observation-unknown"
    },
    {
      "targetId": "cursor",
      "surface": "office/references/source-backed-work.md",
      "destination": "/private/var/folders/1_/m2vfg4n10n9_50cz0bmvnmx80000gn/T/trio-v2-command-upgrade-v1-standard-rZXe8k/home/manual/cursor/skills/trio/office/references/source-backed-work.md",
      "reason": "destination-observation-unknown"
    },
    {
      "targetId": "cursor",
      "surface": "office/references/artifact-and-delivery.md",
      "destination": "/private/var/folders/1_/m2vfg4n10n9_50cz0bmvnmx80000gn/T/trio-v2-command-upgrade-v1-standard-rZXe8k/home/manual/cursor/skills/trio/office/references/artifact-and-delivery.md",
      "reason": "destination-observation-unknown"
    }
  ]
}
✔ Trio upgrade leaves legacy stale and retired sentinels untouched (371.133208ms)
✔ Trio upgrade rejects unmanaged evidence and unsafe recovery or hard-link inputs before writes (31.724541ms)
✔ install fixtures have exact roots/files and fresh input is strict V2 (5.665666ms)
✔ standard V1 migration consumes real raw bytes from a temp copy and preserves provenance (7.023334ms)
✔ migration requires content-addressed raw manifest and explicit recovery references (4.787875ms)
✔ V1 migration wrapper requires exactly four own fields (10.862625ms)
✔ migration rejects inherited V1 structural and selected manifest fields (14.269167ms)
✔ unmanaged V1 upgrade preserves the existing destination and never updates it (18.089875ms)
{
  "runtime": "trio",
  "mode": "takeover-chiefops",
  "writes": [
    "/private/var/folders/1_/m2vfg4n10n9_50cz0bmvnmx80000gn/T/trio-v2-production-takeover-success-oRj575/home/.codex/AGENTS.md",
    "/private/var/folders/1_/m2vfg4n10n9_50cz0bmvnmx80000gn/T/trio-v2-production-takeover-success-oRj575/home/.agents/skills/trio/SKILL.md",
    "/private/var/folders/1_/m2vfg4n10n9_50cz0bmvnmx80000gn/T/trio-v2-production-takeover-success-oRj575/home/.agents/skills/trio/dev/SKILL.md",
    "/private/var/folders/1_/m2vfg4n10n9_50cz0bmvnmx80000gn/T/trio-v2-production-takeover-success-oRj575/home/.agents/skills/trio/office/SKILL.md",
    "/private/var/folders/1_/m2vfg4n10n9_50cz0bmvnmx80000gn/T/trio-v2-production-takeover-success-oRj575/home/.agents/skills/trio/safety/SKILL.md",
    "/private/var/folders/1_/m2vfg4n10n9_50cz0bmvnmx80000gn/T/trio-v2-production-takeover-success-oRj575/home/.agents/skills/chiefops/SKILL.md",
    "/private/var/folders/1_/m2vfg4n10n9_50cz0bmvnmx80000gn/T/trio-v2-production-takeover-success-oRj575/home/.agents/skills/trio/references/execution.md",
    "/private/var/folders/1_/m2vfg4n10n9_50cz0bmvnmx80000gn/T/trio-v2-production-takeover-success-oRj575/home/.agents/skills/trio/dev/references/methods.md",
    "/private/var/folders/1_/m2vfg4n10n9_50cz0bmvnmx80000gn/T/trio-v2-production-takeover-success-oRj575/home/.agents/skills/trio/dev/references/review.md",
    "/private/var/folders/1_/m2vfg4n10n9_50cz0bmvnmx80000gn/T/trio-v2-production-takeover-success-oRj575/home/.agents/skills/trio/dev/references/pr-feedback.md",
    "/private/var/folders/1_/m2vfg4n10n9_50cz0bmvnmx80000gn/T/trio-v2-production-takeover-success-oRj575/home/.agents/skills/chiefops/references/delegated-execution.md",
    "/private/var/folders/1_/m2vfg4n10n9_50cz0bmvnmx80000gn/T/trio-v2-production-takeover-success-oRj575/home/.agents/skills/trio/office/references/source-backed-work.md",
    "/private/var/folders/1_/m2vfg4n10n9_50cz0bmvnmx80000gn/T/trio-v2-production-takeover-success-oRj575/home/.agents/skills/trio/office/references/artifact-and-delivery.md"
  ],
  "conflicts": [
    {
      "targetId": "copilot",
      "surface": "entry",
      "destination": "/private/var/folders/1_/m2vfg4n10n9_50cz0bmvnmx80000gn/T/trio-v2-production-takeover-success-oRj575/home/manual/copilot/entry-policy.md",
      "reason": "destination-observation-unknown"
    },
    {
      "targetId": "copilot",
      "surface": "trio",
      "destination": "/private/var/folders/1_/m2vfg4n10n9_50cz0bmvnmx80000gn/T/trio-v2-production-takeover-success-oRj575/home/manual/copilot/skills/trio/SKILL.md",
      "reason": "destination-observation-unknown"
    },
    {
      "targetId": "copilot",
      "surface": "dev",
      "destination": "/private/var/folders/1_/m2vfg4n10n9_50cz0bmvnmx80000gn/T/trio-v2-production-takeover-success-oRj575/home/manual/copilot/skills/trio/dev/SKILL.md",
      "reason": "destination-observation-unknown"
    },
    {
      "targetId": "copilot",
      "surface": "office",
      "destination": "/private/var/folders/1_/m2vfg4n10n9_50cz0bmvnmx80000gn/T/trio-v2-production-takeover-success-oRj575/home/manual/copilot/skills/trio/office/SKILL.md",
      "reason": "destination-observation-unknown"
    },
    {
      "targetId": "copilot",
      "surface": "safety",
      "destination": "/private/var/folders/1_/m2vfg4n10n9_50cz0bmvnmx80000gn/T/trio-v2-production-takeover-success-oRj575/home/manual/copilot/skills/trio/safety/SKILL.md",
      "reason": "destination-observation-unknown"
    },
    {
      "targetId": "copilot",
      "surface": "chiefops",
      "destination": "/private/var/folders/1_/m2vfg4n10n9_50cz0bmvnmx80000gn/T/trio-v2-production-takeover-success-oRj575/home/manual/copilot/skills/chiefops/SKILL.md",
      "reason": "destination-observation-unknown"
    },
    {
      "targetId": "copilot",
      "surface": "trio/references/execution.md",
      "destination": "/private/var/folders/1_/m2vfg4n10n9_50cz0bmvnmx80000gn/T/trio-v2-production-takeover-success-oRj575/home/manual/copilot/skills/trio/references/execution.md",
      "reason": "destination-observation-unknown"
    },
    {
      "targetId": "copilot",
      "surface": "dev/references/methods.md",
      "destination": "/private/var/folders/1_/m2vfg4n10n9_50cz0bmvnmx80000gn/T/trio-v2-production-takeover-success-oRj575/home/manual/copilot/skills/trio/dev/references/methods.md",
      "reason": "destination-observation-unknown"
    },
    {
      "targetId": "copilot",
      "surface": "dev/references/review.md",
      "destination": "/private/var/folders/1_/m2vfg4n10n9_50cz0bmvnmx80000gn/T/trio-v2-production-takeover-success-oRj575/home/manual/copilot/skills/trio/dev/references/review.md",
      "reason": "destination-observation-unknown"
    },
    {
      "targetId": "copilot",
      "surface": "dev/references/pr-feedback.md",
      "destination": "/private/var/folders/1_/m2vfg4n10n9_50cz0bmvnmx80000gn/T/trio-v2-production-takeover-success-oRj575/home/manual/copilot/skills/trio/dev/references/pr-feedback.md",
      "reason": "destination-observation-unknown"
    },
    {
      "targetId": "copilot",
      "surface": "chiefops/references/delegated-execution.md",
      "destination": "/private/var/folders/1_/m2vfg4n10n9_50cz0bmvnmx80000gn/T/trio-v2-production-takeover-success-oRj575/home/manual/copilot/skills/chiefops/references/delegated-execution.md",
      "reason": "destination-observation-unknown"
    },
    {
      "targetId": "copilot",
      "surface": "office/references/source-backed-work.md",
      "destination": "/private/var/folders/1_/m2vfg4n10n9_50cz0bmvnmx80000gn/T/trio-v2-production-takeover-success-oRj575/home/manual/copilot/skills/trio/office/references/source-backed-work.md",
      "reason": "destination-observation-unknown"
    },
    {
      "targetId": "copilot",
      "surface": "office/references/artifact-and-delivery.md",
      "destination": "/private/var/folders/1_/m2vfg4n10n9_50cz0bmvnmx80000gn/T/trio-v2-production-takeover-success-oRj575/home/manual/copilot/skills/trio/office/references/artifact-and-delivery.md",
      "reason": "destination-observation-unknown"
    }
  ],
  "backup": {
    "ref": "trio-backup-v1:/private/var/folders/1_/m2vfg4n10n9_50cz0bmvnmx80000gn/T/trio-v2-production-takeover-success-oRj575/authority/.harness-backup/trio-takeover/20260921-095802-dde2ac69-3f63-45df-8fcc-12e8b65a66df/manifest.json:328ea883978c80faa3a564cd3777c2c12a34ef640f300e819093c7df4048f928",
    "root": "/private/var/folders/1_/m2vfg4n10n9_50cz0bmvnmx80000gn/T/trio-v2-production-takeover-success-oRj575/authority/.harness-backup/trio-takeover/20260921-095802-dde2ac69-3f63-45df-8fcc-12e8b65a66df",
    "manifestPath": "/private/var/folders/1_/m2vfg4n10n9_50cz0bmvnmx80000gn/T/trio-v2-production-takeover-success-oRj575/authority/.harness-backup/trio-takeover/20260921-095802-dde2ac69-3f63-45df-8fcc-12e8b65a66df/manifest.json",
    "bundlePath": "/private/var/folders/1_/m2vfg4n10n9_50cz0bmvnmx80000gn/T/trio-v2-production-takeover-success-oRj575/authority/.harness-backup/trio-takeover/20260921-095802-dde2ac69-3f63-45df-8fcc-12e8b65a66df/bundle.bin"
  }
}
{
  "schemaVersion": 2,
  "runtime": "trio",
  "mode": "dry-run",
  "descriptors": [
    {
      "targetId": "codex",
      "surface": "entry",
      "destination": "/private/var/folders/1_/m2vfg4n10n9_50cz0bmvnmx80000gn/T/trio-v2-production-takeover-success-oRj575/home/.codex/AGENTS.md",
      "action": "update",
      "execution": "managed",
      "conflict": false
    },
    {
      "targetId": "codex",
      "surface": "trio",
      "destination": "/private/var/folders/1_/m2vfg4n10n9_50cz0bmvnmx80000gn/T/trio-v2-production-takeover-success-oRj575/home/.agents/skills/trio/SKILL.md",
      "action": "update",
      "execution": "managed",
      "conflict": false
    },
    {
      "targetId": "codex",
      "surface": "dev",
      "destination": "/private/var/folders/1_/m2vfg4n10n9_50cz0bmvnmx80000gn/T/trio-v2-production-takeover-success-oRj575/home/.agents/skills/trio/dev/SKILL.md",
      "action": "update",
      "execution": "managed",
      "conflict": false
    },
    {
      "targetId": "codex",
      "surface": "office",
      "destination": "/private/var/folders/1_/m2vfg4n10n9_50cz0bmvnmx80000gn/T/trio-v2-production-takeover-success-oRj575/home/.agents/skills/trio/office/SKILL.md",
      "action": "update",
      "execution": "managed",
      "conflict": false
    },
    {
      "targetId": "codex",
      "surface": "safety",
      "destination": "/private/var/folders/1_/m2vfg4n10n9_50cz0bmvnmx80000gn/T/trio-v2-production-takeover-success-oRj575/home/.agents/skills/trio/safety/SKILL.md",
      "action": "update",
      "execution": "managed",
      "conflict": false
    },
    {
      "targetId": "codex",
      "surface": "chiefops",
      "destination": "/private/var/folders/1_/m2vfg4n10n9_50cz0bmvnmx80000gn/T/trio-v2-production-takeover-success-oRj575/home/.agents/skills/chiefops/SKILL.md",
      "action": "update",
      "execution": "managed",
      "conflict": false
    },
    {
      "targetId": "codex",
      "surface": "trio/references/execution.md",
      "destination": "/private/var/folders/1_/m2vfg4n10n9_50cz0bmvnmx80000gn/T/trio-v2-production-takeover-success-oRj575/home/.agents/skills/trio/references/execution.md",
      "action": "update",
      "execution": "managed",
      "conflict": false
    },
    {
      "targetId": "codex",
      "surface": "dev/references/methods.md",
      "destination": "/private/var/folders/1_/m2vfg4n10n9_50cz0bmvnmx80000gn/T/trio-v2-production-takeover-success-oRj575/home/.agents/skills/trio/dev/references/methods.md",
      "action": "update",
      "execution": "managed",
      "conflict": false
    },
    {
      "targetId": "codex",
      "surface": "dev/references/review.md",
      "destination": "/private/var/folders/1_/m2vfg4n10n9_50cz0bmvnmx80000gn/T/trio-v2-production-takeover-success-oRj575/home/.agents/skills/trio/dev/references/review.md",
      "action": "update",
      "execution": "managed",
      "conflict": false
    },
    {
      "targetId": "codex",
      "surface": "dev/references/pr-feedback.md",
      "destination": "/private/var/folders/1_/m2vfg4n10n9_50cz0bmvnmx80000gn/T/trio-v2-production-takeover-success-oRj575/home/.agents/skills/trio/dev/references/pr-feedback.md",
      "action": "update",
      "execution": "managed",
      "conflict": false
    },
    {
      "targetId": "codex",
      "surface": "chiefops/references/delegated-execution.md",
      "destination": "/private/var/folders/1_/m2vfg4n10n9_50cz0bmvnmx80000gn/T/trio-v2-production-takeover-success-oRj575/home/.agents/skills/chiefops/references/delegated-execution.md",
      "action": "update",
      "execution": "managed",
      "conflict": false
    },
    {
      "targetId": "codex",
      "surface": "office/references/source-backed-work.md",
      "destination": "/private/var/folders/1_/m2vfg4n10n9_50cz0bmvnmx80000gn/T/trio-v2-production-takeover-success-oRj575/home/.agents/skills/trio/office/references/source-backed-work.md",
      "action": "update",
      "execution": "managed",
      "conflict": false
    },
    {
      "targetId": "codex",
      "surface": "office/references/artifact-and-delivery.md",
      "destination": "/private/var/folders/1_/m2vfg4n10n9_50cz0bmvnmx80000gn/T/trio-v2-production-takeover-success-oRj575/home/.agents/skills/trio/office/references/artifact-and-delivery.md",
      "action": "update",
      "execution": "managed",
      "conflict": false
    },
    {
      "targetId": "copilot",
      "surface": "entry",
      "destination": "/private/var/folders/1_/m2vfg4n10n9_50cz0bmvnmx80000gn/T/trio-v2-production-takeover-success-oRj575/home/manual/copilot/entry-policy.md",
      "action": "preserve",
      "execution": "manual",
      "conflict": true
    },
    {
      "targetId": "copilot",
      "surface": "trio",
      "destination": "/private/var/folders/1_/m2vfg4n10n9_50cz0bmvnmx80000gn/T/trio-v2-production-takeover-success-oRj575/home/manual/copilot/skills/trio/SKILL.md",
      "action": "preserve",
      "execution": "manual",
      "conflict": true
    },
    {
      "targetId": "copilot",
      "surface": "dev",
      "destination": "/private/var/folders/1_/m2vfg4n10n9_50cz0bmvnmx80000gn/T/trio-v2-production-takeover-success-oRj575/home/manual/copilot/skills/trio/dev/SKILL.md",
      "action": "preserve",
      "execution": "manual",
      "conflict": true
    },
    {
      "targetId": "copilot",
      "surface": "office",
      "destination": "/private/var/folders/1_/m2vfg4n10n9_50cz0bmvnmx80000gn/T/trio-v2-production-takeover-success-oRj575/home/manual/copilot/skills/trio/office/SKILL.md",
      "action": "preserve",
      "execution": "manual",
      "conflict": true
    },
    {
      "targetId": "copilot",
      "surface": "safety",
      "destination": "/private/var/folders/1_/m2vfg4n10n9_50cz0bmvnmx80000gn/T/trio-v2-production-takeover-success-oRj575/home/manual/copilot/skills/trio/safety/SKILL.md",
      "action": "preserve",
      "execution": "manual",
      "conflict": true
    },
    {
      "targetId": "copilot",
      "surface": "chiefops",
      "destination": "/private/var/folders/1_/m2vfg4n10n9_50cz0bmvnmx80000gn/T/trio-v2-production-takeover-success-oRj575/home/manual/copilot/skills/chiefops/SKILL.md",
      "action": "preserve",
      "execution": "manual",
      "conflict": true
    },
    {
      "targetId": "copilot",
      "surface": "trio/references/execution.md",
      "destination": "/private/var/folders/1_/m2vfg4n10n9_50cz0bmvnmx80000gn/T/trio-v2-production-takeover-success-oRj575/home/manual/copilot/skills/trio/references/execution.md",
      "action": "preserve",
      "execution": "manual",
      "conflict": true
    },
    {
      "targetId": "copilot",
      "surface": "dev/references/methods.md",
      "destination": "/private/var/folders/1_/m2vfg4n10n9_50cz0bmvnmx80000gn/T/trio-v2-production-takeover-success-oRj575/home/manual/copilot/skills/trio/dev/references/methods.md",
      "action": "preserve",
      "execution": "manual",
      "conflict": true
    },
    {
      "targetId": "copilot",
      "surface": "dev/references/review.md",
      "destination": "/private/var/folders/1_/m2vfg4n10n9_50cz0bmvnmx80000gn/T/trio-v2-production-takeover-success-oRj575/home/manual/copilot/skills/trio/dev/references/review.md",
      "action": "preserve",
      "execution": "manual",
      "conflict": true
    },
    {
      "targetId": "copilot",
      "surface": "dev/references/pr-feedback.md",
      "destination": "/private/var/folders/1_/m2vfg4n10n9_50cz0bmvnmx80000gn/T/trio-v2-production-takeover-success-oRj575/home/manual/copilot/skills/trio/dev/references/pr-feedback.md",
      "action": "preserve",
      "execution": "manual",
      "conflict": true
    },
    {
      "targetId": "copilot",
      "surface": "chiefops/references/delegated-execution.md",
      "destination": "/private/var/folders/1_/m2vfg4n10n9_50cz0bmvnmx80000gn/T/trio-v2-production-takeover-success-oRj575/home/manual/copilot/skills/chiefops/references/delegated-execution.md",
      "action": "preserve",
      "execution": "manual",
      "conflict": true
    },
    {
      "targetId": "copilot",
      "surface": "office/references/source-backed-work.md",
      "destination": "/private/var/folders/1_/m2vfg4n10n9_50cz0bmvnmx80000gn/T/trio-v2-production-takeover-success-oRj575/home/manual/copilot/skills/trio/office/references/source-backed-work.md",
      "action": "preserve",
      "execution": "manual",
      "conflict": true
    },
    {
      "targetId": "copilot",
      "surface": "office/references/artifact-and-delivery.md",
      "destination": "/private/var/folders/1_/m2vfg4n10n9_50cz0bmvnmx80000gn/T/trio-v2-production-takeover-success-oRj575/home/manual/copilot/skills/trio/office/references/artifact-and-delivery.md",
      "action": "preserve",
      "execution": "manual",
      "conflict": true
    }
  ],
  "conflicts": [
    {
      "targetId": "copilot",
      "surface": "entry",
      "destination": "/private/var/folders/1_/m2vfg4n10n9_50cz0bmvnmx80000gn/T/trio-v2-production-takeover-success-oRj575/home/manual/copilot/entry-policy.md",
      "reason": "destination-observation-unknown"
    },
    {
      "targetId": "copilot",
      "surface": "trio",
      "destination": "/private/var/folders/1_/m2vfg4n10n9_50cz0bmvnmx80000gn/T/trio-v2-production-takeover-success-oRj575/home/manual/copilot/skills/trio/SKILL.md",
      "reason": "destination-observation-unknown"
    },
    {
      "targetId": "copilot",
      "surface": "dev",
      "destination": "/private/var/folders/1_/m2vfg4n10n9_50cz0bmvnmx80000gn/T/trio-v2-production-takeover-success-oRj575/home/manual/copilot/skills/trio/dev/SKILL.md",
      "reason": "destination-observation-unknown"
    },
    {
      "targetId": "copilot",
      "surface": "office",
      "destination": "/private/var/folders/1_/m2vfg4n10n9_50cz0bmvnmx80000gn/T/trio-v2-production-takeover-success-oRj575/home/manual/copilot/skills/trio/office/SKILL.md",
      "reason": "destination-observation-unknown"
    },
    {
      "targetId": "copilot",
      "surface": "safety",
      "destination": "/private/var/folders/1_/m2vfg4n10n9_50cz0bmvnmx80000gn/T/trio-v2-production-takeover-success-oRj575/home/manual/copilot/skills/trio/safety/SKILL.md",
      "reason": "destination-observation-unknown"
    },
    {
      "targetId": "copilot",
      "surface": "chiefops",
      "destination": "/private/var/folders/1_/m2vfg4n10n9_50cz0bmvnmx80000gn/T/trio-v2-production-takeover-success-oRj575/home/manual/copilot/skills/chiefops/SKILL.md",
      "reason": "destination-observation-unknown"
    },
    {
      "targetId": "copilot",
      "surface": "trio/references/execution.md",
      "destination": "/private/var/folders/1_/m2vfg4n10n9_50cz0bmvnmx80000gn/T/trio-v2-production-takeover-success-oRj575/home/manual/copilot/skills/trio/references/execution.md",
      "reason": "destination-observation-unknown"
    },
    {
      "targetId": "copilot",
      "surface": "dev/references/methods.md",
      "destination": "/private/var/folders/1_/m2vfg4n10n9_50cz0bmvnmx80000gn/T/trio-v2-production-takeover-success-oRj575/home/manual/copilot/skills/trio/dev/references/methods.md",
      "reason": "destination-observation-unknown"
    },
    {
      "targetId": "copilot",
      "surface": "dev/references/review.md",
      "destination": "/private/var/folders/1_/m2vfg4n10n9_50cz0bmvnmx80000gn/T/trio-v2-production-takeover-success-oRj575/home/manual/copilot/skills/trio/dev/references/review.md",
      "reason": "destination-observation-unknown"
    },
    {
      "targetId": "copilot",
      "surface": "dev/references/pr-feedback.md",
      "destination": "/private/var/folders/1_/m2vfg4n10n9_50cz0bmvnmx80000gn/T/trio-v2-production-takeover-success-oRj575/home/manual/copilot/skills/trio/dev/references/pr-feedback.md",
      "reason": "destination-observation-unknown"
    },
    {
      "targetId": "copilot",
      "surface": "chiefops/references/delegated-execution.md",
      "destination": "/private/var/folders/1_/m2vfg4n10n9_50cz0bmvnmx80000gn/T/trio-v2-production-takeover-success-oRj575/home/manual/copilot/skills/chiefops/references/delegated-execution.md",
      "reason": "destination-observation-unknown"
    },
    {
      "targetId": "copilot",
      "surface": "office/references/source-backed-work.md",
      "destination": "/private/var/folders/1_/m2vfg4n10n9_50cz0bmvnmx80000gn/T/trio-v2-production-takeover-success-oRj575/home/manual/copilot/skills/trio/office/references/source-backed-work.md",
      "reason": "destination-observation-unknown"
    },
    {
      "targetId": "copilot",
      "surface": "office/references/artifact-and-delivery.md",
      "destination": "/private/var/folders/1_/m2vfg4n10n9_50cz0bmvnmx80000gn/T/trio-v2-production-takeover-success-oRj575/home/manual/copilot/skills/trio/office/references/artifact-and-delivery.md",
      "reason": "destination-observation-unknown"
    }
  ]
}
{
  "schemaVersion": 2,
  "runtime": "trio",
  "mode": "check",
  "descriptors": [
    {
      "targetId": "codex",
      "surface": "entry",
      "destination": "/private/var/folders/1_/m2vfg4n10n9_50cz0bmvnmx80000gn/T/trio-v2-production-takeover-success-oRj575/home/.codex/AGENTS.md",
      "action": "update",
      "execution": "managed",
      "conflict": false
    },
    {
      "targetId": "codex",
      "surface": "trio",
      "destination": "/private/var/folders/1_/m2vfg4n10n9_50cz0bmvnmx80000gn/T/trio-v2-production-takeover-success-oRj575/home/.agents/skills/trio/SKILL.md",
      "action": "update",
      "execution": "managed",
      "conflict": false
    },
    {
      "targetId": "codex",
      "surface": "dev",
      "destination": "/private/var/folders/1_/m2vfg4n10n9_50cz0bmvnmx80000gn/T/trio-v2-production-takeover-success-oRj575/home/.agents/skills/trio/dev/SKILL.md",
      "action": "update",
      "execution": "managed",
      "conflict": false
    },
    {
      "targetId": "codex",
      "surface": "office",
      "destination": "/private/var/folders/1_/m2vfg4n10n9_50cz0bmvnmx80000gn/T/trio-v2-production-takeover-success-oRj575/home/.agents/skills/trio/office/SKILL.md",
      "action": "update",
      "execution": "managed",
      "conflict": false
    },
    {
      "targetId": "codex",
      "surface": "safety",
      "destination": "/private/var/folders/1_/m2vfg4n10n9_50cz0bmvnmx80000gn/T/trio-v2-production-takeover-success-oRj575/home/.agents/skills/trio/safety/SKILL.md",
      "action": "update",
      "execution": "managed",
      "conflict": false
    },
    {
      "targetId": "codex",
      "surface": "chiefops",
      "destination": "/private/var/folders/1_/m2vfg4n10n9_50cz0bmvnmx80000gn/T/trio-v2-production-takeover-success-oRj575/home/.agents/skills/chiefops/SKILL.md",
      "action": "update",
      "execution": "managed",
      "conflict": false
    },
    {
      "targetId": "codex",
      "surface": "trio/references/execution.md",
      "destination": "/private/var/folders/1_/m2vfg4n10n9_50cz0bmvnmx80000gn/T/trio-v2-production-takeover-success-oRj575/home/.agents/skills/trio/references/execution.md",
      "action": "update",
      "execution": "managed",
      "conflict": false
    },
    {
      "targetId": "codex",
      "surface": "dev/references/methods.md",
      "destination": "/private/var/folders/1_/m2vfg4n10n9_50cz0bmvnmx80000gn/T/trio-v2-production-takeover-success-oRj575/home/.agents/skills/trio/dev/references/methods.md",
      "action": "update",
      "execution": "managed",
      "conflict": false
    },
    {
      "targetId": "codex",
      "surface": "dev/references/review.md",
      "destination": "/private/var/folders/1_/m2vfg4n10n9_50cz0bmvnmx80000gn/T/trio-v2-production-takeover-success-oRj575/home/.agents/skills/trio/dev/references/review.md",
      "action": "update",
      "execution": "managed",
      "conflict": false
    },
    {
      "targetId": "codex",
      "surface": "dev/references/pr-feedback.md",
      "destination": "/private/var/folders/1_/m2vfg4n10n9_50cz0bmvnmx80000gn/T/trio-v2-production-takeover-success-oRj575/home/.agents/skills/trio/dev/references/pr-feedback.md",
      "action": "update",
      "execution": "managed",
      "conflict": false
    },
    {
      "targetId": "codex",
      "surface": "chiefops/references/delegated-execution.md",
      "destination": "/private/var/folders/1_/m2vfg4n10n9_50cz0bmvnmx80000gn/T/trio-v2-production-takeover-success-oRj575/home/.agents/skills/chiefops/references/delegated-execution.md",
      "action": "update",
      "execution": "managed",
      "conflict": false
    },
    {
      "targetId": "codex",
      "surface": "office/references/source-backed-work.md",
      "destination": "/private/var/folders/1_/m2vfg4n10n9_50cz0bmvnmx80000gn/T/trio-v2-production-takeover-success-oRj575/home/.agents/skills/trio/office/references/source-backed-work.md",
      "action": "update",
      "execution": "managed",
      "conflict": false
    },
    {
      "targetId": "codex",
      "surface": "office/references/artifact-and-delivery.md",
      "destination": "/private/var/folders/1_/m2vfg4n10n9_50cz0bmvnmx80000gn/T/trio-v2-production-takeover-success-oRj575/home/.agents/skills/trio/office/references/artifact-and-delivery.md",
      "action": "update",
      "execution": "managed",
      "conflict": false
    },
    {
      "targetId": "copilot",
      "surface": "entry",
      "destination": "/private/var/folders/1_/m2vfg4n10n9_50cz0bmvnmx80000gn/T/trio-v2-production-takeover-success-oRj575/home/manual/copilot/entry-policy.md",
      "action": "preserve",
      "execution": "manual",
      "conflict": true
    },
    {
      "targetId": "copilot",
      "surface": "trio",
      "destination": "/private/var/folders/1_/m2vfg4n10n9_50cz0bmvnmx80000gn/T/trio-v2-production-takeover-success-oRj575/home/manual/copilot/skills/trio/SKILL.md",
      "action": "preserve",
      "execution": "manual",
      "conflict": true
    },
    {
      "targetId": "copilot",
      "surface": "dev",
      "destination": "/private/var/folders/1_/m2vfg4n10n9_50cz0bmvnmx80000gn/T/trio-v2-production-takeover-success-oRj575/home/manual/copilot/skills/trio/dev/SKILL.md",
      "action": "preserve",
      "execution": "manual",
      "conflict": true
    },
    {
      "targetId": "copilot",
      "surface": "office",
      "destination": "/private/var/folders/1_/m2vfg4n10n9_50cz0bmvnmx80000gn/T/trio-v2-production-takeover-success-oRj575/home/manual/copilot/skills/trio/office/SKILL.md",
      "action": "preserve",
      "execution": "manual",
      "conflict": true
    },
    {
      "targetId": "copilot",
      "surface": "safety",
      "destination": "/private/var/folders/1_/m2vfg4n10n9_50cz0bmvnmx80000gn/T/trio-v2-production-takeover-success-oRj575/home/manual/copilot/skills/trio/safety/SKILL.md",
      "action": "preserve",
      "execution": "manual",
      "conflict": true
    },
    {
      "targetId": "copilot",
      "surface": "chiefops",
      "destination": "/private/var/folders/1_/m2vfg4n10n9_50cz0bmvnmx80000gn/T/trio-v2-production-takeover-success-oRj575/home/manual/copilot/skills/chiefops/SKILL.md",
      "action": "preserve",
      "execution": "manual",
      "conflict": true
    },
    {
      "targetId": "copilot",
      "surface": "trio/references/execution.md",
      "destination": "/private/var/folders/1_/m2vfg4n10n9_50cz0bmvnmx80000gn/T/trio-v2-production-takeover-success-oRj575/home/manual/copilot/skills/trio/references/execution.md",
      "action": "preserve",
      "execution": "manual",
      "conflict": true
    },
    {
      "targetId": "copilot",
      "surface": "dev/references/methods.md",
      "destination": "/private/var/folders/1_/m2vfg4n10n9_50cz0bmvnmx80000gn/T/trio-v2-production-takeover-success-oRj575/home/manual/copilot/skills/trio/dev/references/methods.md",
      "action": "preserve",
      "execution": "manual",
      "conflict": true
    },
    {
      "targetId": "copilot",
      "surface": "dev/references/review.md",
      "destination": "/private/var/folders/1_/m2vfg4n10n9_50cz0bmvnmx80000gn/T/trio-v2-production-takeover-success-oRj575/home/manual/copilot/skills/trio/dev/references/review.md",
      "action": "preserve",
      "execution": "manual",
      "conflict": true
    },
    {
      "targetId": "copilot",
      "surface": "dev/references/pr-feedback.md",
      "destination": "/private/var/folders/1_/m2vfg4n10n9_50cz0bmvnmx80000gn/T/trio-v2-production-takeover-success-oRj575/home/manual/copilot/skills/trio/dev/references/pr-feedback.md",
      "action": "preserve",
      "execution": "manual",
      "conflict": true
    },
    {
      "targetId": "copilot",
      "surface": "chiefops/references/delegated-execution.md",
      "destination": "/private/var/folders/1_/m2vfg4n10n9_50cz0bmvnmx80000gn/T/trio-v2-production-takeover-success-oRj575/home/manual/copilot/skills/chiefops/references/delegated-execution.md",
      "action": "preserve",
      "execution": "manual",
      "conflict": true
    },
    {
      "targetId": "copilot",
      "surface": "office/references/source-backed-work.md",
      "destination": "/private/var/folders/1_/m2vfg4n10n9_50cz0bmvnmx80000gn/T/trio-v2-production-takeover-success-oRj575/home/manual/copilot/skills/trio/office/references/source-backed-work.md",
      "action": "preserve",
      "execution": "manual",
      "conflict": true
    },
    {
      "targetId": "copilot",
      "surface": "office/references/artifact-and-delivery.md",
      "destination": "/private/var/folders/1_/m2vfg4n10n9_50cz0bmvnmx80000gn/T/trio-v2-production-takeover-success-oRj575/home/manual/copilot/skills/trio/office/references/artifact-and-delivery.md",
      "action": "preserve",
      "execution": "manual",
      "conflict": true
    }
  ],
  "conflicts": [
    {
      "targetId": "copilot",
      "surface": "entry",
      "destination": "/private/var/folders/1_/m2vfg4n10n9_50cz0bmvnmx80000gn/T/trio-v2-production-takeover-success-oRj575/home/manual/copilot/entry-policy.md",
      "reason": "destination-observation-unknown"
    },
    {
      "targetId": "copilot",
      "surface": "trio",
      "destination": "/private/var/folders/1_/m2vfg4n10n9_50cz0bmvnmx80000gn/T/trio-v2-production-takeover-success-oRj575/home/manual/copilot/skills/trio/SKILL.md",
      "reason": "destination-observation-unknown"
    },
    {
      "targetId": "copilot",
      "surface": "dev",
      "destination": "/private/var/folders/1_/m2vfg4n10n9_50cz0bmvnmx80000gn/T/trio-v2-production-takeover-success-oRj575/home/manual/copilot/skills/trio/dev/SKILL.md",
      "reason": "destination-observation-unknown"
    },
    {
      "targetId": "copilot",
      "surface": "office",
      "destination": "/private/var/folders/1_/m2vfg4n10n9_50cz0bmvnmx80000gn/T/trio-v2-production-takeover-success-oRj575/home/manual/copilot/skills/trio/office/SKILL.md",
      "reason": "destination-observation-unknown"
    },
    {
      "targetId": "copilot",
      "surface": "safety",
      "destination": "/private/var/folders/1_/m2vfg4n10n9_50cz0bmvnmx80000gn/T/trio-v2-production-takeover-success-oRj575/home/manual/copilot/skills/trio/safety/SKILL.md",
      "reason": "destination-observation-unknown"
    },
    {
      "targetId": "copilot",
      "surface": "chiefops",
      "destination": "/private/var/folders/1_/m2vfg4n10n9_50cz0bmvnmx80000gn/T/trio-v2-production-takeover-success-oRj575/home/manual/copilot/skills/chiefops/SKILL.md",
      "reason": "destination-observation-unknown"
    },
    {
      "targetId": "copilot",
      "surface": "trio/references/execution.md",
      "destination": "/private/var/folders/1_/m2vfg4n10n9_50cz0bmvnmx80000gn/T/trio-v2-production-takeover-success-oRj575/home/manual/copilot/skills/trio/references/execution.md",
      "reason": "destination-observation-unknown"
    },
    {
      "targetId": "copilot",
      "surface": "dev/references/methods.md",
      "destination": "/private/var/folders/1_/m2vfg4n10n9_50cz0bmvnmx80000gn/T/trio-v2-production-takeover-success-oRj575/home/manual/copilot/skills/trio/dev/references/methods.md",
      "reason": "destination-observation-unknown"
    },
    {
      "targetId": "copilot",
      "surface": "dev/references/review.md",
      "destination": "/private/var/folders/1_/m2vfg4n10n9_50cz0bmvnmx80000gn/T/trio-v2-production-takeover-success-oRj575/home/manual/copilot/skills/trio/dev/references/review.md",
      "reason": "destination-observation-unknown"
    },
    {
      "targetId": "copilot",
      "surface": "dev/references/pr-feedback.md",
      "destination": "/private/var/folders/1_/m2vfg4n10n9_50cz0bmvnmx80000gn/T/trio-v2-production-takeover-success-oRj575/home/manual/copilot/skills/trio/dev/references/pr-feedback.md",
      "reason": "destination-observation-unknown"
    },
    {
      "targetId": "copilot",
      "surface": "chiefops/references/delegated-execution.md",
      "destination": "/private/var/folders/1_/m2vfg4n10n9_50cz0bmvnmx80000gn/T/trio-v2-production-takeover-success-oRj575/home/manual/copilot/skills/chiefops/references/delegated-execution.md",
      "reason": "destination-observation-unknown"
    },
    {
      "targetId": "copilot",
      "surface": "office/references/source-backed-work.md",
      "destination": "/private/var/folders/1_/m2vfg4n10n9_50cz0bmvnmx80000gn/T/trio-v2-production-takeover-success-oRj575/home/manual/copilot/skills/trio/office/references/source-backed-work.md",
      "reason": "destination-observation-unknown"
    },
    {
      "targetId": "copilot",
      "surface": "office/references/artifact-and-delivery.md",
      "destination": "/private/var/folders/1_/m2vfg4n10n9_50cz0bmvnmx80000gn/T/trio-v2-production-takeover-success-oRj575/home/manual/copilot/skills/trio/office/references/artifact-and-delivery.md",
      "reason": "destination-observation-unknown"
    }
  ]
}
{
  "schemaVersion": 2,
  "runtime": "trio",
  "readable": true,
  "descriptorCount": 26,
  "conflicts": [
    {
      "targetId": "copilot",
      "surface": "entry",
      "destination": "/private/var/folders/1_/m2vfg4n10n9_50cz0bmvnmx80000gn/T/trio-v2-production-takeover-success-oRj575/home/manual/copilot/entry-policy.md",
      "reason": "destination-observation-unknown"
    },
    {
      "targetId": "copilot",
      "surface": "trio",
      "destination": "/private/var/folders/1_/m2vfg4n10n9_50cz0bmvnmx80000gn/T/trio-v2-production-takeover-success-oRj575/home/manual/copilot/skills/trio/SKILL.md",
      "reason": "destination-observation-unknown"
    },
    {
      "targetId": "copilot",
      "surface": "dev",
      "destination": "/private/var/folders/1_/m2vfg4n10n9_50cz0bmvnmx80000gn/T/trio-v2-production-takeover-success-oRj575/home/manual/copilot/skills/trio/dev/SKILL.md",
      "reason": "destination-observation-unknown"
    },
    {
      "targetId": "copilot",
      "surface": "office",
      "destination": "/private/var/folders/1_/m2vfg4n10n9_50cz0bmvnmx80000gn/T/trio-v2-production-takeover-success-oRj575/home/manual/copilot/skills/trio/office/SKILL.md",
      "reason": "destination-observation-unknown"
    },
    {
      "targetId": "copilot",
      "surface": "safety",
      "destination": "/private/var/folders/1_/m2vfg4n10n9_50cz0bmvnmx80000gn/T/trio-v2-production-takeover-success-oRj575/home/manual/copilot/skills/trio/safety/SKILL.md",
      "reason": "destination-observation-unknown"
    },
    {
      "targetId": "copilot",
      "surface": "chiefops",
      "destination": "/private/var/folders/1_/m2vfg4n10n9_50cz0bmvnmx80000gn/T/trio-v2-production-takeover-success-oRj575/home/manual/copilot/skills/chiefops/SKILL.md",
      "reason": "destination-observation-unknown"
    },
    {
      "targetId": "copilot",
      "surface": "trio/references/execution.md",
      "destination": "/private/var/folders/1_/m2vfg4n10n9_50cz0bmvnmx80000gn/T/trio-v2-production-takeover-success-oRj575/home/manual/copilot/skills/trio/references/execution.md",
      "reason": "destination-observation-unknown"
    },
    {
      "targetId": "copilot",
      "surface": "dev/references/methods.md",
      "destination": "/private/var/folders/1_/m2vfg4n10n9_50cz0bmvnmx80000gn/T/trio-v2-production-takeover-success-oRj575/home/manual/copilot/skills/trio/dev/references/methods.md",
      "reason": "destination-observation-unknown"
    },
    {
      "targetId": "copilot",
      "surface": "dev/references/review.md",
      "destination": "/private/var/folders/1_/m2vfg4n10n9_50cz0bmvnmx80000gn/T/trio-v2-production-takeover-success-oRj575/home/manual/copilot/skills/trio/dev/references/review.md",
      "reason": "destination-observation-unknown"
    },
    {
      "targetId": "copilot",
      "surface": "dev/references/pr-feedback.md",
      "destination": "/private/var/folders/1_/m2vfg4n10n9_50cz0bmvnmx80000gn/T/trio-v2-production-takeover-success-oRj575/home/manual/copilot/skills/trio/dev/references/pr-feedback.md",
      "reason": "destination-observation-unknown"
    },
    {
      "targetId": "copilot",
      "surface": "chiefops/references/delegated-execution.md",
      "destination": "/private/var/folders/1_/m2vfg4n10n9_50cz0bmvnmx80000gn/T/trio-v2-production-takeover-success-oRj575/home/manual/copilot/skills/chiefops/references/delegated-execution.md",
      "reason": "destination-observation-unknown"
    },
    {
      "targetId": "copilot",
      "surface": "office/references/source-backed-work.md",
      "destination": "/private/var/folders/1_/m2vfg4n10n9_50cz0bmvnmx80000gn/T/trio-v2-production-takeover-success-oRj575/home/manual/copilot/skills/trio/office/references/source-backed-work.md",
      "reason": "destination-observation-unknown"
    },
    {
      "targetId": "copilot",
      "surface": "office/references/artifact-and-delivery.md",
      "destination": "/private/var/folders/1_/m2vfg4n10n9_50cz0bmvnmx80000gn/T/trio-v2-production-takeover-success-oRj575/home/manual/copilot/skills/trio/office/references/artifact-and-delivery.md",
      "reason": "destination-observation-unknown"
    }
  ],
  "mode": "check-only"
}
✔ production install --takeover-chiefops adopts one unowned global ChiefOps with a verified complete-inventory backup (453.037042ms)
{
  "runtime": "trio",
  "mode": "fresh",
  "writes": [
    "/private/var/folders/1_/m2vfg4n10n9_50cz0bmvnmx80000gn/T/trio-v2-production-takeover-reject-workspace-scope-0ASL2V/authority/AGENTS.md",
    "/private/var/folders/1_/m2vfg4n10n9_50cz0bmvnmx80000gn/T/trio-v2-production-takeover-reject-workspace-scope-0ASL2V/authority/.agents/skills/trio/SKILL.md",
    "/private/var/folders/1_/m2vfg4n10n9_50cz0bmvnmx80000gn/T/trio-v2-production-takeover-reject-workspace-scope-0ASL2V/authority/.agents/skills/trio/dev/SKILL.md",
    "/private/var/folders/1_/m2vfg4n10n9_50cz0bmvnmx80000gn/T/trio-v2-production-takeover-reject-workspace-scope-0ASL2V/authority/.agents/skills/trio/office/SKILL.md",
    "/private/var/folders/1_/m2vfg4n10n9_50cz0bmvnmx80000gn/T/trio-v2-production-takeover-reject-workspace-scope-0ASL2V/authority/.agents/skills/trio/safety/SKILL.md",
    "/private/var/folders/1_/m2vfg4n10n9_50cz0bmvnmx80000gn/T/trio-v2-production-takeover-reject-workspace-scope-0ASL2V/authority/.agents/skills/chiefops/SKILL.md",
    "/private/var/folders/1_/m2vfg4n10n9_50cz0bmvnmx80000gn/T/trio-v2-production-takeover-reject-workspace-scope-0ASL2V/authority/.agents/skills/trio/references/execution.md",
    "/private/var/folders/1_/m2vfg4n10n9_50cz0bmvnmx80000gn/T/trio-v2-production-takeover-reject-workspace-scope-0ASL2V/authority/.agents/skills/trio/dev/references/methods.md",
    "/private/var/folders/1_/m2vfg4n10n9_50cz0bmvnmx80000gn/T/trio-v2-production-takeover-reject-workspace-scope-0ASL2V/authority/.agents/skills/trio/dev/references/review.md",
    "/private/var/folders/1_/m2vfg4n10n9_50cz0bmvnmx80000gn/T/trio-v2-production-takeover-reject-workspace-scope-0ASL2V/authority/.agents/skills/trio/dev/references/pr-feedback.md",
    "/private/var/folders/1_/m2vfg4n10n9_50cz0bmvnmx80000gn/T/trio-v2-production-takeover-reject-workspace-scope-0ASL2V/authority/.agents/skills/chiefops/references/delegated-execution.md",
    "/private/var/folders/1_/m2vfg4n10n9_50cz0bmvnmx80000gn/T/trio-v2-production-takeover-reject-workspace-scope-0ASL2V/authority/.agents/skills/trio/office/references/source-backed-work.md",
    "/private/var/folders/1_/m2vfg4n10n9_50cz0bmvnmx80000gn/T/trio-v2-production-takeover-reject-workspace-scope-0ASL2V/authority/.agents/skills/trio/office/references/artifact-and-delivery.md"
  ],
  "conflicts": []
}
✔ production install --takeover-chiefops rejects ineligible or unsafe states before any write (1033.7595ms)
✔ production install --takeover-chiefops fails closed when the complete-inventory backup cannot be published (243.31675ms)
✔ production install --takeover-chiefops rejects a same-content state replacement bound after the backup (261.019459ms)
✔ production install --takeover-chiefops compensates an Nth-write same-content inode replacement of the ChiefOps target (583.625916ms)
✔ production install --takeover-chiefops fails closed on a post-lstat read replacement of the state preimage (212.525125ms)
{
  "runtime": "trio",
  "mode": "takeover-chiefops",
  "writes": [
    "/private/var/folders/1_/m2vfg4n10n9_50cz0bmvnmx80000gn/T/trio-v2-production-takeover-drift-2KSYm8/home/.codex/AGENTS.md",
    "/private/var/folders/1_/m2vfg4n10n9_50cz0bmvnmx80000gn/T/trio-v2-production-takeover-drift-2KSYm8/home/.agents/skills/trio/SKILL.md",
    "/private/var/folders/1_/m2vfg4n10n9_50cz0bmvnmx80000gn/T/trio-v2-production-takeover-drift-2KSYm8/home/.agents/skills/trio/dev/SKILL.md",
    "/private/var/folders/1_/m2vfg4n10n9_50cz0bmvnmx80000gn/T/trio-v2-production-takeover-drift-2KSYm8/home/.agents/skills/trio/office/SKILL.md",
    "/private/var/folders/1_/m2vfg4n10n9_50cz0bmvnmx80000gn/T/trio-v2-production-takeover-drift-2KSYm8/home/.agents/skills/trio/safety/SKILL.md",
    "/private/var/folders/1_/m2vfg4n10n9_50cz0bmvnmx80000gn/T/trio-v2-production-takeover-drift-2KSYm8/home/.agents/skills/chiefops/SKILL.md",
    "/private/var/folders/1_/m2vfg4n10n9_50cz0bmvnmx80000gn/T/trio-v2-production-takeover-drift-2KSYm8/home/.agents/skills/trio/references/execution.md",
    "/private/var/folders/1_/m2vfg4n10n9_50cz0bmvnmx80000gn/T/trio-v2-production-takeover-drift-2KSYm8/home/.agents/skills/trio/dev/references/methods.md",
    "/private/var/folders/1_/m2vfg4n10n9_50cz0bmvnmx80000gn/T/trio-v2-production-takeover-drift-2KSYm8/home/.agents/skills/trio/dev/references/review.md",
    "/private/var/folders/1_/m2vfg4n10n9_50cz0bmvnmx80000gn/T/trio-v2-production-takeover-drift-2KSYm8/home/.agents/skills/trio/dev/references/pr-feedback.md",
    "/private/var/folders/1_/m2vfg4n10n9_50cz0bmvnmx80000gn/T/trio-v2-production-takeover-drift-2KSYm8/home/.agents/skills/chiefops/references/delegated-execution.md",
    "/private/var/folders/1_/m2vfg4n10n9_50cz0bmvnmx80000gn/T/trio-v2-production-takeover-drift-2KSYm8/home/.agents/skills/trio/office/references/source-backed-work.md",
    "/private/var/folders/1_/m2vfg4n10n9_50cz0bmvnmx80000gn/T/trio-v2-production-takeover-drift-2KSYm8/home/.agents/skills/trio/office/references/artifact-and-delivery.md"
  ],
  "conflicts": [
    {
      "targetId": "copilot",
      "surface": "entry",
      "destination": "/private/var/folders/1_/m2vfg4n10n9_50cz0bmvnmx80000gn/T/trio-v2-production-takeover-drift-2KSYm8/home/manual/copilot/entry-policy.md",
      "reason": "destination-observation-unknown"
    },
    {
      "targetId": "copilot",
      "surface": "trio",
      "destination": "/private/var/folders/1_/m2vfg4n10n9_50cz0bmvnmx80000gn/T/trio-v2-production-takeover-drift-2KSYm8/home/manual/copilot/skills/trio/SKILL.md",
      "reason": "destination-observation-unknown"
    },
    {
      "targetId": "copilot",
      "surface": "dev",
      "destination": "/private/var/folders/1_/m2vfg4n10n9_50cz0bmvnmx80000gn/T/trio-v2-production-takeover-drift-2KSYm8/home/manual/copilot/skills/trio/dev/SKILL.md",
      "reason": "destination-observation-unknown"
    },
    {
      "targetId": "copilot",
      "surface": "office",
      "destination": "/private/var/folders/1_/m2vfg4n10n9_50cz0bmvnmx80000gn/T/trio-v2-production-takeover-drift-2KSYm8/home/manual/copilot/skills/trio/office/SKILL.md",
      "reason": "destination-observation-unknown"
    },
    {
      "targetId": "copilot",
      "surface": "safety",
      "destination": "/private/var/folders/1_/m2vfg4n10n9_50cz0bmvnmx80000gn/T/trio-v2-production-takeover-drift-2KSYm8/home/manual/copilot/skills/trio/safety/SKILL.md",
      "reason": "destination-observation-unknown"
    },
    {
      "targetId": "copilot",
      "surface": "chiefops",
      "destination": "/private/var/folders/1_/m2vfg4n10n9_50cz0bmvnmx80000gn/T/trio-v2-production-takeover-drift-2KSYm8/home/manual/copilot/skills/chiefops/SKILL.md",
      "reason": "destination-observation-unknown"
    },
    {
      "targetId": "copilot",
      "surface": "trio/references/execution.md",
      "destination": "/private/var/folders/1_/m2vfg4n10n9_50cz0bmvnmx80000gn/T/trio-v2-production-takeover-drift-2KSYm8/home/manual/copilot/skills/trio/references/execution.md",
      "reason": "destination-observation-unknown"
    },
    {
      "targetId": "copilot",
      "surface": "dev/references/methods.md",
      "destination": "/private/var/folders/1_/m2vfg4n10n9_50cz0bmvnmx80000gn/T/trio-v2-production-takeover-drift-2KSYm8/home/manual/copilot/skills/trio/dev/references/methods.md",
      "reason": "destination-observation-unknown"
    },
    {
      "targetId": "copilot",
      "surface": "dev/references/review.md",
      "destination": "/private/var/folders/1_/m2vfg4n10n9_50cz0bmvnmx80000gn/T/trio-v2-production-takeover-drift-2KSYm8/home/manual/copilot/skills/trio/dev/references/review.md",
      "reason": "destination-observation-unknown"
    },
    {
      "targetId": "copilot",
      "surface": "dev/references/pr-feedback.md",
      "destination": "/private/var/folders/1_/m2vfg4n10n9_50cz0bmvnmx80000gn/T/trio-v2-production-takeover-drift-2KSYm8/home/manual/copilot/skills/trio/dev/references/pr-feedback.md",
      "reason": "destination-observation-unknown"
    },
    {
      "targetId": "copilot",
      "surface": "chiefops/references/delegated-execution.md",
      "destination": "/private/var/folders/1_/m2vfg4n10n9_50cz0bmvnmx80000gn/T/trio-v2-production-takeover-drift-2KSYm8/home/manual/copilot/skills/chiefops/references/delegated-execution.md",
      "reason": "destination-observation-unknown"
    },
    {
      "targetId": "copilot",
      "surface": "office/references/source-backed-work.md",
      "destination": "/private/var/folders/1_/m2vfg4n10n9_50cz0bmvnmx80000gn/T/trio-v2-production-takeover-drift-2KSYm8/home/manual/copilot/skills/trio/office/references/source-backed-work.md",
      "reason": "destination-observation-unknown"
    },
    {
      "targetId": "copilot",
      "surface": "office/references/artifact-and-delivery.md",
      "destination": "/private/var/folders/1_/m2vfg4n10n9_50cz0bmvnmx80000gn/T/trio-v2-production-takeover-drift-2KSYm8/home/manual/copilot/skills/trio/office/references/artifact-and-delivery.md",
      "reason": "destination-observation-unknown"
    }
  ],
  "backup": {
    "ref": "trio-backup-v1:/private/var/folders/1_/m2vfg4n10n9_50cz0bmvnmx80000gn/T/trio-v2-production-takeover-drift-2KSYm8/authority/.harness-backup/trio-takeover/20260921-095805-d8d21cb8-21cc-4540-9d8d-03e16c95352b/manifest.json:07ca3af5e584a21eab9fd36e63f1a78dcb872bf67a84f6c2fe194cebb7a74796",
    "root": "/private/var/folders/1_/m2vfg4n10n9_50cz0bmvnmx80000gn/T/trio-v2-production-takeover-drift-2KSYm8/authority/.harness-backup/trio-takeover/20260921-095805-d8d21cb8-21cc-4540-9d8d-03e16c95352b",
    "manifestPath": "/private/var/folders/1_/m2vfg4n10n9_50cz0bmvnmx80000gn/T/trio-v2-production-takeover-drift-2KSYm8/authority/.harness-backup/trio-takeover/20260921-095805-d8d21cb8-21cc-4540-9d8d-03e16c95352b/manifest.json",
    "bundlePath": "/private/var/folders/1_/m2vfg4n10n9_50cz0bmvnmx80000gn/T/trio-v2-production-takeover-drift-2KSYm8/authority/.harness-backup/trio-takeover/20260921-095805-d8d21cb8-21cc-4540-9d8d-03e16c95352b/bundle.bin"
  }
}
{
  "schemaVersion": 2,
  "runtime": "trio",
  "mode": "check",
  "descriptors": [
    {
      "targetId": "codex",
      "surface": "entry",
      "destination": "/private/var/folders/1_/m2vfg4n10n9_50cz0bmvnmx80000gn/T/trio-v2-production-takeover-drift-2KSYm8/home/.codex/AGENTS.md",
      "action": "update",
      "execution": "managed",
      "conflict": false
    },
    {
      "targetId": "codex",
      "surface": "trio",
      "destination": "/private/var/folders/1_/m2vfg4n10n9_50cz0bmvnmx80000gn/T/trio-v2-production-takeover-drift-2KSYm8/home/.agents/skills/trio/SKILL.md",
      "action": "update",
      "execution": "managed",
      "conflict": false
    },
    {
      "targetId": "codex",
      "surface": "dev",
      "destination": "/private/var/folders/1_/m2vfg4n10n9_50cz0bmvnmx80000gn/T/trio-v2-production-takeover-drift-2KSYm8/home/.agents/skills/trio/dev/SKILL.md",
      "action": "update",
      "execution": "managed",
      "conflict": false
    },
    {
      "targetId": "codex",
      "surface": "office",
      "destination": "/private/var/folders/1_/m2vfg4n10n9_50cz0bmvnmx80000gn/T/trio-v2-production-takeover-drift-2KSYm8/home/.agents/skills/trio/office/SKILL.md",
      "action": "update",
      "execution": "managed",
      "conflict": false
    },
    {
      "targetId": "codex",
      "surface": "safety",
      "destination": "/private/var/folders/1_/m2vfg4n10n9_50cz0bmvnmx80000gn/T/trio-v2-production-takeover-drift-2KSYm8/home/.agents/skills/trio/safety/SKILL.md",
      "action": "update",
      "execution": "managed",
      "conflict": false
    },
    {
      "targetId": "codex",
      "surface": "chiefops",
      "destination": "/private/var/folders/1_/m2vfg4n10n9_50cz0bmvnmx80000gn/T/trio-v2-production-takeover-drift-2KSYm8/home/.agents/skills/chiefops/SKILL.md",
      "action": "preserve",
      "execution": "manual",
      "conflict": true
    },
    {
      "targetId": "codex",
      "surface": "trio/references/execution.md",
      "destination": "/private/var/folders/1_/m2vfg4n10n9_50cz0bmvnmx80000gn/T/trio-v2-production-takeover-drift-2KSYm8/home/.agents/skills/trio/references/execution.md",
      "action": "update",
      "execution": "managed",
      "conflict": false
    },
    {
      "targetId": "codex",
      "surface": "dev/references/methods.md",
      "destination": "/private/var/folders/1_/m2vfg4n10n9_50cz0bmvnmx80000gn/T/trio-v2-production-takeover-drift-2KSYm8/home/.agents/skills/trio/dev/references/methods.md",
      "action": "update",
      "execution": "managed",
      "conflict": false
    },
    {
      "targetId": "codex",
      "surface": "dev/references/review.md",
      "destination": "/private/var/folders/1_/m2vfg4n10n9_50cz0bmvnmx80000gn/T/trio-v2-production-takeover-drift-2KSYm8/home/.agents/skills/trio/dev/references/review.md",
      "action": "update",
      "execution": "managed",
      "conflict": false
    },
    {
      "targetId": "codex",
      "surface": "dev/references/pr-feedback.md",
      "destination": "/private/var/folders/1_/m2vfg4n10n9_50cz0bmvnmx80000gn/T/trio-v2-production-takeover-drift-2KSYm8/home/.agents/skills/trio/dev/references/pr-feedback.md",
      "action": "update",
      "execution": "managed",
      "conflict": false
    },
    {
      "targetId": "codex",
      "surface": "chiefops/references/delegated-execution.md",
      "destination": "/private/var/folders/1_/m2vfg4n10n9_50cz0bmvnmx80000gn/T/trio-v2-production-takeover-drift-2KSYm8/home/.agents/skills/chiefops/references/delegated-execution.md",
      "action": "update",
      "execution": "managed",
      "conflict": false
    },
    {
      "targetId": "codex",
      "surface": "office/references/source-backed-work.md",
      "destination": "/private/var/folders/1_/m2vfg4n10n9_50cz0bmvnmx80000gn/T/trio-v2-production-takeover-drift-2KSYm8/home/.agents/skills/trio/office/references/source-backed-work.md",
      "action": "update",
      "execution": "managed",
      "conflict": false
    },
    {
      "targetId": "codex",
      "surface": "office/references/artifact-and-delivery.md",
      "destination": "/private/var/folders/1_/m2vfg4n10n9_50cz0bmvnmx80000gn/T/trio-v2-production-takeover-drift-2KSYm8/home/.agents/skills/trio/office/references/artifact-and-delivery.md",
      "action": "update",
      "execution": "managed",
      "conflict": false
    },
    {
      "targetId": "copilot",
      "surface": "entry",
      "destination": "/private/var/folders/1_/m2vfg4n10n9_50cz0bmvnmx80000gn/T/trio-v2-production-takeover-drift-2KSYm8/home/manual/copilot/entry-policy.md",
      "action": "preserve",
      "execution": "manual",
      "conflict": true
    },
    {
      "targetId": "copilot",
      "surface": "trio",
      "destination": "/private/var/folders/1_/m2vfg4n10n9_50cz0bmvnmx80000gn/T/trio-v2-production-takeover-drift-2KSYm8/home/manual/copilot/skills/trio/SKILL.md",
      "action": "preserve",
      "execution": "manual",
      "conflict": true
    },
    {
      "targetId": "copilot",
      "surface": "dev",
      "destination": "/private/var/folders/1_/m2vfg4n10n9_50cz0bmvnmx80000gn/T/trio-v2-production-takeover-drift-2KSYm8/home/manual/copilot/skills/trio/dev/SKILL.md",
      "action": "preserve",
      "execution": "manual",
      "conflict": true
    },
    {
      "targetId": "copilot",
      "surface": "office",
      "destination": "/private/var/folders/1_/m2vfg4n10n9_50cz0bmvnmx80000gn/T/trio-v2-production-takeover-drift-2KSYm8/home/manual/copilot/skills/trio/office/SKILL.md",
      "action": "preserve",
      "execution": "manual",
      "conflict": true
    },
    {
      "targetId": "copilot",
      "surface": "safety",
      "destination": "/private/var/folders/1_/m2vfg4n10n9_50cz0bmvnmx80000gn/T/trio-v2-production-takeover-drift-2KSYm8/home/manual/copilot/skills/trio/safety/SKILL.md",
      "action": "preserve",
      "execution": "manual",
      "conflict": true
    },
    {
      "targetId": "copilot",
      "surface": "chiefops",
      "destination": "/private/var/folders/1_/m2vfg4n10n9_50cz0bmvnmx80000gn/T/trio-v2-production-takeover-drift-2KSYm8/home/manual/copilot/skills/chiefops/SKILL.md",
      "action": "preserve",
      "execution": "manual",
      "conflict": true
    },
    {
      "targetId": "copilot",
      "surface": "trio/references/execution.md",
      "destination": "/private/var/folders/1_/m2vfg4n10n9_50cz0bmvnmx80000gn/T/trio-v2-production-takeover-drift-2KSYm8/home/manual/copilot/skills/trio/references/execution.md",
      "action": "preserve",
      "execution": "manual",
      "conflict": true
    },
    {
      "targetId": "copilot",
      "surface": "dev/references/methods.md",
      "destination": "/private/var/folders/1_/m2vfg4n10n9_50cz0bmvnmx80000gn/T/trio-v2-production-takeover-drift-2KSYm8/home/manual/copilot/skills/trio/dev/references/methods.md",
      "action": "preserve",
      "execution": "manual",
      "conflict": true
    },
    {
      "targetId": "copilot",
      "surface": "dev/references/review.md",
      "destination": "/private/var/folders/1_/m2vfg4n10n9_50cz0bmvnmx80000gn/T/trio-v2-production-takeover-drift-2KSYm8/home/manual/copilot/skills/trio/dev/references/review.md",
      "action": "preserve",
      "execution": "manual",
      "conflict": true
    },
    {
      "targetId": "copilot",
      "surface": "dev/references/pr-feedback.md",
      "destination": "/private/var/folders/1_/m2vfg4n10n9_50cz0bmvnmx80000gn/T/trio-v2-production-takeover-drift-2KSYm8/home/manual/copilot/skills/trio/dev/references/pr-feedback.md",
      "action": "preserve",
      "execution": "manual",
      "conflict": true
    },
    {
      "targetId": "copilot",
      "surface": "chiefops/references/delegated-execution.md",
      "destination": "/private/var/folders/1_/m2vfg4n10n9_50cz0bmvnmx80000gn/T/trio-v2-production-takeover-drift-2KSYm8/home/manual/copilot/skills/chiefops/references/delegated-execution.md",
      "action": "preserve",
      "execution": "manual",
      "conflict": true
    },
    {
      "targetId": "copilot",
      "surface": "office/references/source-backed-work.md",
      "destination": "/private/var/folders/1_/m2vfg4n10n9_50cz0bmvnmx80000gn/T/trio-v2-production-takeover-drift-2KSYm8/home/manual/copilot/skills/trio/office/references/source-backed-work.md",
      "action": "preserve",
      "execution": "manual",
      "conflict": true
    },
    {
      "targetId": "copilot",
      "surface": "office/references/artifact-and-delivery.md",
      "destination": "/private/var/folders/1_/m2vfg4n10n9_50cz0bmvnmx80000gn/T/trio-v2-production-takeover-drift-2KSYm8/home/manual/copilot/skills/trio/office/references/artifact-and-delivery.md",
      "action": "preserve",
      "execution": "manual",
      "conflict": true
    }
  ],
  "conflicts": [
    {
      "targetId": "codex",
      "surface": "chiefops",
      "destination": "/private/var/folders/1_/m2vfg4n10n9_50cz0bmvnmx80000gn/T/trio-v2-production-takeover-drift-2KSYm8/home/.agents/skills/chiefops/SKILL.md",
      "reason": "destination-observation-unknown"
    },
    {
      "targetId": "copilot",
      "surface": "entry",
      "destination": "/private/var/folders/1_/m2vfg4n10n9_50cz0bmvnmx80000gn/T/trio-v2-production-takeover-drift-2KSYm8/home/manual/copilot/entry-policy.md",
      "reason": "destination-observation-unknown"
    },
    {
      "targetId": "copilot",
      "surface": "trio",
      "destination": "/private/var/folders/1_/m2vfg4n10n9_50cz0bmvnmx80000gn/T/trio-v2-production-takeover-drift-2KSYm8/home/manual/copilot/skills/trio/SKILL.md",
      "reason": "destination-observation-unknown"
    },
    {
      "targetId": "copilot",
      "surface": "dev",
      "destination": "/private/var/folders/1_/m2vfg4n10n9_50cz0bmvnmx80000gn/T/trio-v2-production-takeover-drift-2KSYm8/home/manual/copilot/skills/trio/dev/SKILL.md",
      "reason": "destination-observation-unknown"
    },
    {
      "targetId": "copilot",
      "surface": "office",
      "destination": "/private/var/folders/1_/m2vfg4n10n9_50cz0bmvnmx80000gn/T/trio-v2-production-takeover-drift-2KSYm8/home/manual/copilot/skills/trio/office/SKILL.md",
      "reason": "destination-observation-unknown"
    },
    {
      "targetId": "copilot",
      "surface": "safety",
      "destination": "/private/var/folders/1_/m2vfg4n10n9_50cz0bmvnmx80000gn/T/trio-v2-production-takeover-drift-2KSYm8/home/manual/copilot/skills/trio/safety/SKILL.md",
      "reason": "destination-observation-unknown"
    },
    {
      "targetId": "copilot",
      "surface": "chiefops",
      "destination": "/private/var/folders/1_/m2vfg4n10n9_50cz0bmvnmx80000gn/T/trio-v2-production-takeover-drift-2KSYm8/home/manual/copilot/skills/chiefops/SKILL.md",
      "reason": "destination-observation-unknown"
    },
    {
      "targetId": "copilot",
      "surface": "trio/references/execution.md",
      "destination": "/private/var/folders/1_/m2vfg4n10n9_50cz0bmvnmx80000gn/T/trio-v2-production-takeover-drift-2KSYm8/home/manual/copilot/skills/trio/references/execution.md",
      "reason": "destination-observation-unknown"
    },
    {
      "targetId": "copilot",
      "surface": "dev/references/methods.md",
      "destination": "/private/var/folders/1_/m2vfg4n10n9_50cz0bmvnmx80000gn/T/trio-v2-production-takeover-drift-2KSYm8/home/manual/copilot/skills/trio/dev/references/methods.md",
      "reason": "destination-observation-unknown"
    },
    {
      "targetId": "copilot",
      "surface": "dev/references/review.md",
      "destination": "/private/var/folders/1_/m2vfg4n10n9_50cz0bmvnmx80000gn/T/trio-v2-production-takeover-drift-2KSYm8/home/manual/copilot/skills/trio/dev/references/review.md",
      "reason": "destination-observation-unknown"
    },
    {
      "targetId": "copilot",
      "surface": "dev/references/pr-feedback.md",
      "destination": "/private/var/folders/1_/m2vfg4n10n9_50cz0bmvnmx80000gn/T/trio-v2-production-takeover-drift-2KSYm8/home/manual/copilot/skills/trio/dev/references/pr-feedback.md",
      "reason": "destination-observation-unknown"
    },
    {
      "targetId": "copilot",
      "surface": "chiefops/references/delegated-execution.md",
      "destination": "/private/var/folders/1_/m2vfg4n10n9_50cz0bmvnmx80000gn/T/trio-v2-production-takeover-drift-2KSYm8/home/manual/copilot/skills/chiefops/references/delegated-execution.md",
      "reason": "destination-observation-unknown"
    },
    {
      "targetId": "copilot",
      "surface": "office/references/source-backed-work.md",
      "destination": "/private/var/folders/1_/m2vfg4n10n9_50cz0bmvnmx80000gn/T/trio-v2-production-takeover-drift-2KSYm8/home/manual/copilot/skills/trio/office/references/source-backed-work.md",
      "reason": "destination-observation-unknown"
    },
    {
      "targetId": "copilot",
      "surface": "office/references/artifact-and-delivery.md",
      "destination": "/private/var/folders/1_/m2vfg4n10n9_50cz0bmvnmx80000gn/T/trio-v2-production-takeover-drift-2KSYm8/home/manual/copilot/skills/trio/office/references/artifact-and-delivery.md",
      "reason": "destination-observation-unknown"
    }
  ]
}
✔ production install --takeover-chiefops preserves provenance and later ChiefOps user drift fails closed (294.662625ms)
✔ production install --takeover-chiefops fails closed on a symlinked backup ancestor (58.889583ms)
✔ production install --takeover-chiefops fails at the parser gate on a manual Codex placement with zero writes (15.866584ms)
✔ Trio fixture install rejects --takeover-chiefops before any write (0.413958ms)
✔ Trio install help advertises the existing-V2 ChiefOps takeover flag (0.111541ms)
✔ Trio sync help no longer advertises unavailable takeover or conflict flags (0.103292ms)
{
  "runtime": "trio",
  "mode": "reinstall",
  "writes": [
    "/private/var/folders/1_/m2vfg4n10n9_50cz0bmvnmx80000gn/T/trio-v2-production-old-six-reference-upgrade-5mAQ71/home/.codex/AGENTS.md",
    "/private/var/folders/1_/m2vfg4n10n9_50cz0bmvnmx80000gn/T/trio-v2-production-old-six-reference-upgrade-5mAQ71/home/.agents/skills/trio/SKILL.md",
    "/private/var/folders/1_/m2vfg4n10n9_50cz0bmvnmx80000gn/T/trio-v2-production-old-six-reference-upgrade-5mAQ71/home/.agents/skills/trio/dev/SKILL.md",
    "/private/var/folders/1_/m2vfg4n10n9_50cz0bmvnmx80000gn/T/trio-v2-production-old-six-reference-upgrade-5mAQ71/home/.agents/skills/trio/office/SKILL.md",
    "/private/var/folders/1_/m2vfg4n10n9_50cz0bmvnmx80000gn/T/trio-v2-production-old-six-reference-upgrade-5mAQ71/home/.agents/skills/trio/safety/SKILL.md",
    "/private/var/folders/1_/m2vfg4n10n9_50cz0bmvnmx80000gn/T/trio-v2-production-old-six-reference-upgrade-5mAQ71/home/.agents/skills/chiefops/SKILL.md",
    "/private/var/folders/1_/m2vfg4n10n9_50cz0bmvnmx80000gn/T/trio-v2-production-old-six-reference-upgrade-5mAQ71/home/.agents/skills/trio/references/execution.md",
    "/private/var/folders/1_/m2vfg4n10n9_50cz0bmvnmx80000gn/T/trio-v2-production-old-six-reference-upgrade-5mAQ71/home/.agents/skills/trio/dev/references/methods.md",
    "/private/var/folders/1_/m2vfg4n10n9_50cz0bmvnmx80000gn/T/trio-v2-production-old-six-reference-upgrade-5mAQ71/home/.agents/skills/trio/dev/references/review.md",
    "/private/var/folders/1_/m2vfg4n10n9_50cz0bmvnmx80000gn/T/trio-v2-production-old-six-reference-upgrade-5mAQ71/home/.agents/skills/trio/dev/references/pr-feedback.md",
    "/private/var/folders/1_/m2vfg4n10n9_50cz0bmvnmx80000gn/T/trio-v2-production-old-six-reference-upgrade-5mAQ71/home/.agents/skills/chiefops/references/delegated-execution.md",
    "/private/var/folders/1_/m2vfg4n10n9_50cz0bmvnmx80000gn/T/trio-v2-production-old-six-reference-upgrade-5mAQ71/home/.agents/skills/trio/office/references/source-backed-work.md",
    "/private/var/folders/1_/m2vfg4n10n9_50cz0bmvnmx80000gn/T/trio-v2-production-old-six-reference-upgrade-5mAQ71/home/.agents/skills/trio/office/references/artifact-and-delivery.md"
  ],
  "conflicts": [
    {
      "targetId": "copilot",
      "surface": "entry",
      "destination": "/private/var/folders/1_/m2vfg4n10n9_50cz0bmvnmx80000gn/T/trio-v2-production-old-six-reference-upgrade-5mAQ71/home/manual/copilot/entry-policy.md",
      "reason": "destination-observation-unknown"
    },
    {
      "targetId": "copilot",
      "surface": "trio",
      "destination": "/private/var/folders/1_/m2vfg4n10n9_50cz0bmvnmx80000gn/T/trio-v2-production-old-six-reference-upgrade-5mAQ71/home/manual/copilot/skills/trio/SKILL.md",
      "reason": "destination-observation-unknown"
    },
    {
      "targetId": "copilot",
      "surface": "dev",
      "destination": "/private/var/folders/1_/m2vfg4n10n9_50cz0bmvnmx80000gn/T/trio-v2-production-old-six-reference-upgrade-5mAQ71/home/manual/copilot/skills/trio/dev/SKILL.md",
      "reason": "destination-observation-unknown"
    },
    {
      "targetId": "copilot",
      "surface": "office",
      "destination": "/private/var/folders/1_/m2vfg4n10n9_50cz0bmvnmx80000gn/T/trio-v2-production-old-six-reference-upgrade-5mAQ71/home/manual/copilot/skills/trio/office/SKILL.md",
      "reason": "destination-observation-unknown"
    },
    {
      "targetId": "copilot",
      "surface": "safety",
      "destination": "/private/var/folders/1_/m2vfg4n10n9_50cz0bmvnmx80000gn/T/trio-v2-production-old-six-reference-upgrade-5mAQ71/home/manual/copilot/skills/trio/safety/SKILL.md",
      "reason": "destination-observation-unknown"
    },
    {
      "targetId": "copilot",
      "surface": "chiefops",
      "destination": "/private/var/folders/1_/m2vfg4n10n9_50cz0bmvnmx80000gn/T/trio-v2-production-old-six-reference-upgrade-5mAQ71/home/manual/copilot/skills/chiefops/SKILL.md",
      "reason": "destination-observation-unknown"
    },
    {
      "targetId": "copilot",
      "surface": "trio/references/execution.md",
      "destination": "/private/var/folders/1_/m2vfg4n10n9_50cz0bmvnmx80000gn/T/trio-v2-production-old-six-reference-upgrade-5mAQ71/home/manual/copilot/skills/trio/references/execution.md",
      "reason": "destination-observation-unknown"
    },
    {
      "targetId": "copilot",
      "surface": "dev/references/methods.md",
      "destination": "/private/var/folders/1_/m2vfg4n10n9_50cz0bmvnmx80000gn/T/trio-v2-production-old-six-reference-upgrade-5mAQ71/home/manual/copilot/skills/trio/dev/references/methods.md",
      "reason": "destination-observation-unknown"
    },
    {
      "targetId": "copilot",
      "surface": "dev/references/review.md",
      "destination": "/private/var/folders/1_/m2vfg4n10n9_50cz0bmvnmx80000gn/T/trio-v2-production-old-six-reference-upgrade-5mAQ71/home/manual/copilot/skills/trio/dev/references/review.md",
      "reason": "destination-observation-unknown"
    },
    {
      "targetId": "copilot",
      "surface": "dev/references/pr-feedback.md",
      "destination": "/private/var/folders/1_/m2vfg4n10n9_50cz0bmvnmx80000gn/T/trio-v2-production-old-six-reference-upgrade-5mAQ71/home/manual/copilot/skills/trio/dev/references/pr-feedback.md",
      "reason": "destination-observation-unknown"
    },
    {
      "targetId": "copilot",
      "surface": "chiefops/references/delegated-execution.md",
      "destination": "/private/var/folders/1_/m2vfg4n10n9_50cz0bmvnmx80000gn/T/trio-v2-production-old-six-reference-upgrade-5mAQ71/home/manual/copilot/skills/chiefops/references/delegated-execution.md",
      "reason": "destination-observation-unknown"
    },
    {
      "targetId": "copilot",
      "surface": "office/references/source-backed-work.md",
      "destination": "/private/var/folders/1_/m2vfg4n10n9_50cz0bmvnmx80000gn/T/trio-v2-production-old-six-reference-upgrade-5mAQ71/home/manual/copilot/skills/trio/office/references/source-backed-work.md",
      "reason": "destination-observation-unknown"
    },
    {
      "targetId": "copilot",
      "surface": "office/references/artifact-and-delivery.md",
      "destination": "/private/var/folders/1_/m2vfg4n10n9_50cz0bmvnmx80000gn/T/trio-v2-production-old-six-reference-upgrade-5mAQ71/home/manual/copilot/skills/trio/office/references/artifact-and-delivery.md",
      "reason": "destination-observation-unknown"
    }
  ]
}
✔ old six-surface V2 installs create absent references and settle their ownership (298.731666ms)
{
  "runtime": "trio",
  "mode": "takeover-chiefops",
  "writes": [
    "/private/var/folders/1_/m2vfg4n10n9_50cz0bmvnmx80000gn/T/trio-v2-production-mixed-reference-takeover-JZlDPV/home/.codex/AGENTS.md",
    "/private/var/folders/1_/m2vfg4n10n9_50cz0bmvnmx80000gn/T/trio-v2-production-mixed-reference-takeover-JZlDPV/home/.agents/skills/trio/SKILL.md",
    "/private/var/folders/1_/m2vfg4n10n9_50cz0bmvnmx80000gn/T/trio-v2-production-mixed-reference-takeover-JZlDPV/home/.agents/skills/trio/dev/SKILL.md",
    "/private/var/folders/1_/m2vfg4n10n9_50cz0bmvnmx80000gn/T/trio-v2-production-mixed-reference-takeover-JZlDPV/home/.agents/skills/trio/office/SKILL.md",
    "/private/var/folders/1_/m2vfg4n10n9_50cz0bmvnmx80000gn/T/trio-v2-production-mixed-reference-takeover-JZlDPV/home/.agents/skills/trio/safety/SKILL.md",
    "/private/var/folders/1_/m2vfg4n10n9_50cz0bmvnmx80000gn/T/trio-v2-production-mixed-reference-takeover-JZlDPV/home/.agents/skills/chiefops/SKILL.md",
    "/private/var/folders/1_/m2vfg4n10n9_50cz0bmvnmx80000gn/T/trio-v2-production-mixed-reference-takeover-JZlDPV/home/.agents/skills/trio/references/execution.md",
    "/private/var/folders/1_/m2vfg4n10n9_50cz0bmvnmx80000gn/T/trio-v2-production-mixed-reference-takeover-JZlDPV/home/.agents/skills/trio/dev/references/methods.md",
    "/private/var/folders/1_/m2vfg4n10n9_50cz0bmvnmx80000gn/T/trio-v2-production-mixed-reference-takeover-JZlDPV/home/.agents/skills/trio/dev/references/review.md",
    "/private/var/folders/1_/m2vfg4n10n9_50cz0bmvnmx80000gn/T/trio-v2-production-mixed-reference-takeover-JZlDPV/home/.agents/skills/trio/dev/references/pr-feedback.md",
    "/private/var/folders/1_/m2vfg4n10n9_50cz0bmvnmx80000gn/T/trio-v2-production-mixed-reference-takeover-JZlDPV/home/.agents/skills/chiefops/references/delegated-execution.md",
    "/private/var/folders/1_/m2vfg4n10n9_50cz0bmvnmx80000gn/T/trio-v2-production-mixed-reference-takeover-JZlDPV/home/.agents/skills/trio/office/references/source-backed-work.md",
    "/private/var/folders/1_/m2vfg4n10n9_50cz0bmvnmx80000gn/T/trio-v2-production-mixed-reference-takeover-JZlDPV/home/.agents/skills/trio/office/references/artifact-and-delivery.md"
  ],
  "conflicts": [
    {
      "targetId": "copilot",
      "surface": "entry",
      "destination": "/private/var/folders/1_/m2vfg4n10n9_50cz0bmvnmx80000gn/T/trio-v2-production-mixed-reference-takeover-JZlDPV/home/manual/copilot/entry-policy.md",
      "reason": "destination-observation-unknown"
    },
    {
      "targetId": "copilot",
      "surface": "trio",
      "destination": "/private/var/folders/1_/m2vfg4n10n9_50cz0bmvnmx80000gn/T/trio-v2-production-mixed-reference-takeover-JZlDPV/home/manual/copilot/skills/trio/SKILL.md",
      "reason": "destination-observation-unknown"
    },
    {
      "targetId": "copilot",
      "surface": "dev",
      "destination": "/private/var/folders/1_/m2vfg4n10n9_50cz0bmvnmx80000gn/T/trio-v2-production-mixed-reference-takeover-JZlDPV/home/manual/copilot/skills/trio/dev/SKILL.md",
      "reason": "destination-observation-unknown"
    },
    {
      "targetId": "copilot",
      "surface": "office",
      "destination": "/private/var/folders/1_/m2vfg4n10n9_50cz0bmvnmx80000gn/T/trio-v2-production-mixed-reference-takeover-JZlDPV/home/manual/copilot/skills/trio/office/SKILL.md",
      "reason": "destination-observation-unknown"
    },
    {
      "targetId": "copilot",
      "surface": "safety",
      "destination": "/private/var/folders/1_/m2vfg4n10n9_50cz0bmvnmx80000gn/T/trio-v2-production-mixed-reference-takeover-JZlDPV/home/manual/copilot/skills/trio/safety/SKILL.md",
      "reason": "destination-observation-unknown"
    },
    {
      "targetId": "copilot",
      "surface": "chiefops",
      "destination": "/private/var/folders/1_/m2vfg4n10n9_50cz0bmvnmx80000gn/T/trio-v2-production-mixed-reference-takeover-JZlDPV/home/manual/copilot/skills/chiefops/SKILL.md",
      "reason": "destination-observation-unknown"
    },
    {
      "targetId": "copilot",
      "surface": "trio/references/execution.md",
      "destination": "/private/var/folders/1_/m2vfg4n10n9_50cz0bmvnmx80000gn/T/trio-v2-production-mixed-reference-takeover-JZlDPV/home/manual/copilot/skills/trio/references/execution.md",
      "reason": "destination-observation-unknown"
    },
    {
      "targetId": "copilot",
      "surface": "dev/references/methods.md",
      "destination": "/private/var/folders/1_/m2vfg4n10n9_50cz0bmvnmx80000gn/T/trio-v2-production-mixed-reference-takeover-JZlDPV/home/manual/copilot/skills/trio/dev/references/methods.md",
      "reason": "destination-observation-unknown"
    },
    {
      "targetId": "copilot",
      "surface": "dev/references/review.md",
      "destination": "/private/var/folders/1_/m2vfg4n10n9_50cz0bmvnmx80000gn/T/trio-v2-production-mixed-reference-takeover-JZlDPV/home/manual/copilot/skills/trio/dev/references/review.md",
      "reason": "destination-observation-unknown"
    },
    {
      "targetId": "copilot",
      "surface": "dev/references/pr-feedback.md",
      "destination": "/private/var/folders/1_/m2vfg4n10n9_50cz0bmvnmx80000gn/T/trio-v2-production-mixed-reference-takeover-JZlDPV/home/manual/copilot/skills/trio/dev/references/pr-feedback.md",
      "reason": "destination-observation-unknown"
    },
    {
      "targetId": "copilot",
      "surface": "chiefops/references/delegated-execution.md",
      "destination": "/private/var/folders/1_/m2vfg4n10n9_50cz0bmvnmx80000gn/T/trio-v2-production-mixed-reference-takeover-JZlDPV/home/manual/copilot/skills/chiefops/references/delegated-execution.md",
      "reason": "destination-observation-unknown"
    },
    {
      "targetId": "copilot",
      "surface": "office/references/source-backed-work.md",
      "destination": "/private/var/folders/1_/m2vfg4n10n9_50cz0bmvnmx80000gn/T/trio-v2-production-mixed-reference-takeover-JZlDPV/home/manual/copilot/skills/trio/office/references/source-backed-work.md",
      "reason": "destination-observation-unknown"
    },
    {
      "targetId": "copilot",
      "surface": "office/references/artifact-and-delivery.md",
      "destination": "/private/var/folders/1_/m2vfg4n10n9_50cz0bmvnmx80000gn/T/trio-v2-production-mixed-reference-takeover-JZlDPV/home/manual/copilot/skills/trio/office/references/artifact-and-delivery.md",
      "reason": "destination-observation-unknown"
    }
  ],
  "backup": {
    "ref": "trio-backup-v1:/private/var/folders/1_/m2vfg4n10n9_50cz0bmvnmx80000gn/T/trio-v2-production-mixed-reference-takeover-JZlDPV/authority/.harness-backup/trio-takeover/20260921-095806-f5a79afa-bf7b-4b89-b339-f53f6ef33ea9/manifest.json:8c1986c9ccbece976fc4d8c7f2ad3feaa432e2a2b02cc614a6bf32519cc7731c",
    "root": "/private/var/folders/1_/m2vfg4n10n9_50cz0bmvnmx80000gn/T/trio-v2-production-mixed-reference-takeover-JZlDPV/authority/.harness-backup/trio-takeover/20260921-095806-f5a79afa-bf7b-4b89-b339-f53f6ef33ea9",
    "manifestPath": "/private/var/folders/1_/m2vfg4n10n9_50cz0bmvnmx80000gn/T/trio-v2-production-mixed-reference-takeover-JZlDPV/authority/.harness-backup/trio-takeover/20260921-095806-f5a79afa-bf7b-4b89-b339-f53f6ef33ea9/manifest.json",
    "bundlePath": "/private/var/folders/1_/m2vfg4n10n9_50cz0bmvnmx80000gn/T/trio-v2-production-mixed-reference-takeover-JZlDPV/authority/.harness-backup/trio-takeover/20260921-095806-f5a79afa-bf7b-4b89-b339-f53f6ef33ea9/bundle.bin"
  }
}
✔ ChiefOps takeover backs up owned support and absence together in shared reference directories (320.348166ms)
✔ ChiefOps takeover refuses an extra unmanaged reference without a backup or target writes (47.72425ms)
✔ support takeover rollback restores owned reference bytes and removes newly created references (469.036584ms)
✔ bound absent support refuses a post-backup foreign create and restores earlier publications (247.67425ms)
✔ support symlink and owned support content drift fail closed before takeover writes (81.254042ms)
✔ bound absent support preserves a replacement of its transaction-created parent (292.467667ms)
✔ generic reserved lifecycle names cannot bypass chief acceptance and closed Trios reject writes (485.070916ms)
✔ expected bindings are target-bound before their Trio hashes are verified (427.835792ms)
✔ chief stop is durable evidence and archive preserves the exact Trio bytes (394.701458ms)
✔ archive rejects invalid UTF-8 before destination claim and permits a clean retry after repair (344.448292ms)
✔ archive cleans a post-rename directory-sync failure before a same-timestamp retry (591.389334ms)
✔ archive cleanup preserves a foreign final file that appears before publication (560.156125ms)
✔ archive uses a create-only final publication primitive (353.508833ms)
✔ archive cleanup refuses a stable final replacement (311.751708ms)
✔ archive cleanly rolls back only a fully validated later publication set (721.314209ms)
✔ archive identifies a final publication after an ambiguous hard-link error (374.991709ms)
✔ archive has no weaker publication fallback when hard links are unsupported (1030.930791ms)
✔ archive cleans identified temporary leases after write and sync failures (1165.658542ms)
✔ archive cleans both aliases after a post-link temporary settlement failure (516.207042ms)
✔ archive refuses empty and populated destination replacements after claim (969.638333ms)
✔ archive rejects same-inode content drift before cleanup mutation (426.122709ms)
✔ archive composes one and multiple pre-source-removal lease close failures (1115.607917ms)
✔ archive leaves directory and temporary leases untouched when identity capture fails (1010.366167ms)
✔ archive rolls back after a real temporary unlink reports an error (526.211ms)
✔ archive settles real final-unlink and rmdir errors during cleanup (1115.751291ms)
✔ archive retains the mutation and observation causes of a final cleanup double fault (425.959834ms)
✔ archive retains the mutation and observation causes of a normal temporary settlement double fault (453.702792ms)
✔ archive retains the mutation and observation causes of a destination rmdir double fault (461.901583ms)
✔ archive stops cleanup after destination replacement between owned unlinks (440.555292ms)
✔ archive leaves ambiguous mkdir and temporary-open residue untouched (843.089792ms)
✔ close and archive fail closed for corrupt, drifted, extra-file, and destination-symlink state (852.561583ms)
✔ archive requires chief and refuses empty or populated destination collisions without clobbering (465.795167ms)
✔ all Trio write commands require an explicit task and preserve the read-only commands (239.048958ms)
✔ CLI accepts chief evidence before closing and archiving an independent lifecycle (311.86775ms)
✔ parallel API and CLI progress writes retain every successful event (152.947375ms)
✔ explicit gpt-6-astra/low survives Chief and execution routing (4.249125ms)
✔ explicit gpt-6-astra/medium survives Chief and execution routing (0.35625ms)
✔ explicit gpt-6-astra/high survives Chief and execution routing (0.266458ms)
✔ explicit gpt-6-astra/xhigh survives Chief and execution routing (1.915416ms)
✔ explicit gpt-6-astra/max survives Chief and execution routing (0.611292ms)
✔ explicit main/gpt-6-astra/low survives Chief and execution routing (0.476042ms)
✔ explicit main/gpt-6-astra/medium survives Chief and execution routing (0.54825ms)
✔ explicit main/gpt-6-astra/high survives Chief and execution routing (0.234125ms)
✔ explicit main/gpt-6-astra/xhigh survives Chief and execution routing (0.228584ms)
✔ explicit main/gpt-6-astra/max survives Chief and execution routing (0.257542ms)
✔ explicit p646e20/gpt-6-astra/low survives Chief and execution routing (0.17ms)
✔ explicit p646e20/gpt-6-astra/medium survives Chief and execution routing (0.144542ms)
✔ explicit p646e20/gpt-6-astra/high survives Chief and execution routing (0.133ms)
✔ explicit p646e20/gpt-6-astra/xhigh survives Chief and execution routing (0.127083ms)
✔ explicit p646e20/gpt-6-astra/max survives Chief and execution routing (0.253917ms)
✔ explicit gpt-5.6-sol/low survives Chief and execution routing (0.444167ms)
✔ explicit gpt-5.6-sol/medium survives Chief and execution routing (0.489958ms)
✔ explicit gpt-5.6-sol/high survives Chief and execution routing (0.470959ms)
✔ explicit gpt-5.6-sol/xhigh survives Chief and execution routing (0.350375ms)
✔ explicit gpt-5.6-sol/max survives Chief and execution routing (0.347459ms)
✔ explicit main/gpt-5.6-sol/low survives Chief and execution routing (0.327542ms)
✔ explicit main/gpt-5.6-sol/medium survives Chief and execution routing (0.362166ms)
✔ explicit main/gpt-5.6-sol/high survives Chief and execution routing (0.43ms)
✔ explicit main/gpt-5.6-sol/xhigh survives Chief and execution routing (0.232042ms)
✔ explicit main/gpt-5.6-sol/max survives Chief and execution routing (0.192042ms)
✔ explicit p646e20/gpt-5.6-sol/low survives Chief and execution routing (0.251833ms)
✔ explicit p646e20/gpt-5.6-sol/medium survives Chief and execution routing (0.137042ms)
✔ explicit p646e20/gpt-5.6-sol/high survives Chief and execution routing (0.1295ms)
✔ explicit p646e20/gpt-5.6-sol/xhigh survives Chief and execution routing (0.1415ms)
✔ explicit p646e20/gpt-5.6-sol/max survives Chief and execution routing (0.127125ms)
✔ explicit gpt-5.6-terra/low survives Chief and execution routing (0.500042ms)
✔ explicit gpt-5.6-terra/medium survives Chief and execution routing (0.167791ms)
✔ explicit gpt-5.6-terra/high survives Chief and execution routing (0.13325ms)
✔ explicit gpt-5.6-terra/xhigh survives Chief and execution routing (0.1225ms)
✔ explicit gpt-5.6-terra/max survives Chief and execution routing (0.1205ms)
✔ explicit main/gpt-5.6-terra/low survives Chief and execution routing (0.124041ms)
✔ explicit main/gpt-5.6-terra/medium survives Chief and execution routing (0.113042ms)
✔ explicit main/gpt-5.6-terra/high survives Chief and execution routing (0.111167ms)
✔ explicit main/gpt-5.6-terra/xhigh survives Chief and execution routing (0.128ms)
✔ explicit main/gpt-5.6-terra/max survives Chief and execution routing (0.106791ms)
✔ explicit p646e20/gpt-5.6-terra/low survives Chief and execution routing (0.108375ms)
✔ explicit p646e20/gpt-5.6-terra/medium survives Chief and execution routing (0.106167ms)
✔ explicit p646e20/gpt-5.6-terra/high survives Chief and execution routing (0.110208ms)
✔ explicit p646e20/gpt-5.6-terra/xhigh survives Chief and execution routing (0.103042ms)
✔ explicit p646e20/gpt-5.6-terra/max survives Chief and execution routing (0.134541ms)
✔ explicit gpt-5.6-luna/low survives Chief and execution routing (0.112ms)
✔ explicit gpt-5.6-luna/medium survives Chief and execution routing (0.122084ms)
✔ explicit gpt-5.6-luna/high survives Chief and execution routing (0.102209ms)
✔ explicit gpt-5.6-luna/xhigh survives Chief and execution routing (0.100959ms)
✔ explicit gpt-5.6-luna/max survives Chief and execution routing (0.107542ms)
✔ explicit main/gpt-5.6-luna/low survives Chief and execution routing (0.098083ms)
✔ explicit main/gpt-5.6-luna/medium survives Chief and execution routing (0.135333ms)
✔ explicit main/gpt-5.6-luna/high survives Chief and execution routing (0.09975ms)
✔ explicit main/gpt-5.6-luna/xhigh survives Chief and execution routing (0.105916ms)
✔ explicit main/gpt-5.6-luna/max survives Chief and execution routing (0.098125ms)
✔ explicit p646e20/gpt-5.6-luna/low survives Chief and execution routing (0.114209ms)
✔ explicit p646e20/gpt-5.6-luna/medium survives Chief and execution routing (0.097375ms)
✔ explicit p646e20/gpt-5.6-luna/high survives Chief and execution routing (0.107458ms)
✔ explicit p646e20/gpt-5.6-luna/xhigh survives Chief and execution routing (0.14025ms)
✔ explicit p646e20/gpt-5.6-luna/max survives Chief and execution routing (0.286458ms)
✔ bounded research and comparison stay quick; durability and multiple phases track (0.101375ms)
✔ legacy resolution leaves packet contents and digest unchanged (1.00525ms)
✔ Astra rejects API ultra, none and minimal even with claimed evidence (0.31275ms)
✔ Chief ultra requires exact authenticated Host support and never supplies actual evidence (0.461ms)
✔ same model child effort uses all five ordered levels, including Host aliases (0.390708ms)
✔ cross-model child ranks require a bounded explicit allowance (0.36975ms)
✔ native child paths reject scope and permission widening before dispatch (0.494084ms)
✔ strict visible requests never silently route native, and missing native model controls block (0.204833ms)
✔ packet effort cannot be overridden by an outer ultra probe (0.108375ms)
✔ explicit aliases agree or reject and an unspecified model retains the legacy execution default (0.109125ms)
✔ explicit execution models get recommended effort while omitted Chief effort always retains max (0.12025ms)
✔ retired strict routing never promotes claimed Host actual evidence (0.334625ms)
✔ Host wrapper preserves outer aliases on packetless routing and rejects conflicting alias pairs (0.225583ms)
✔ Host wrapper checks outer aliases against the frozen packet without mutating it (0.7235ms)
✔ frozen legacy Chief gpt-5.6-sol retains max when effort is absent (1.981583ms)
✔ frozen legacy Chief gpt-5.6-terra retains max when effort is absent (2.198875ms)
✔ office capability skill is discoverable (8.705125ms)
✔ office supporting references preserve their on-demand contracts (2.30825ms)
✔ legacy office-work-quality owner is physically retired (0.652ms)
✔ office contract protects verification scope and provenance without freezing prose (2.761625ms)
✔ office frontmatter rejects duplicate keys (1.182625ms)
✔ office verifier accepts exact artifacts and records render evidence (5673.308417ms)
✔ office spreadsheet has one typed contingency input and auditable total (4.467041ms)
✔ office verifier rejects an output parent symlink without changing the copied fixture (96.459792ms)
✔ office verifier accepts a symlinked executable tool (5039.863417ms)
✔ office verifier rejects an existing output symlink without changing its target (83.828ms)
✔ office verifier keeps every render PNG under the output parent render directory (4607.942959ms)
✔ office verifier allows a safe output-parent symlink outside the fixture (4220.741042ms)
✔ office verifier rejects missing and corrupt copied artifacts without mutating them (1204.939083ms)
✔ office verifier rejects malformed arguments and unsafe fixture boundaries (662.270042ms)
✔ every declared office check is reported exactly once (1.686917ms)
✔ a formula error or failed render is an observed fact, not a judgement (0.246208ms)
✔ an undeclared office check id is rejected instead of silently recorded (0.085833ms)
✔ artifact facts report file state without a verdict (0.288875ms)
✔ office adapter output carries observed facts and no opinion (0.200625ms)
✔ office adapter output satisfies the verify bundle evidence contract (0.558417ms)
✔ deterministic artifact checks pass but semantic quality fails (0.282375ms)
✔ semantic quality passes but deterministic artifact validation fails (0.224375ms)
✔ collection records what an inspector observed and never throws for a check (0.360917ms)
✔ collection reads artifact facts and survives a failing reader (0.204208ms)
✔ collection rejects an undeclared or duplicated inspection set (0.237709ms)
✔ the office adapter reuses the declared check ids and adds no model vocabulary (5.289959ms)
✔ deterministic serialization is stable for identical office observations (0.147958ms)
✔ S1 limits office evidence to explicit requiredCheckIds and preserves default compatibility (0.194ms)
✔ S1 derives office required scope from inspections and preserves timeout facts (0.085084ms)
✔ mutable path conflicts use segment boundaries and reject unsafe paths (1.531209ms)
✔ child path envelopes are subsets only through explicit authority-relative scope (0.242167ms)
✔ native child routing requires strict envelope narrowing and forbids Ultra (3.764458ms)
✔ all mutable lane statuses remain reserved and invalid lane records fail closed (5.264791ms)
✔ candidate path reservations require an authenticated matching Chief release (3.174709ms)
✔ assignment packet rejects a ninth top-level field and keeps delegation inside capability (0.240375ms)
✔ child delegation policy values are validated inside the capability object (0.108458ms)
✔ scope-first adjudication allows an in-scope target with authenticated sandbox and approval (0.758666ms)
✔ in-scope targets stay blocked at the sandbox stage when actual Host evidence is unknown (0.482958ms)
✔ authorized in-scope work stays blocked when authenticated sandbox roots do not cover the target (0.94175ms)
✔ out-of-scope targets are blocked before Full Access, user approval, auto-review, or a writable sandbox can expand scope (0.672167ms)
✔ generated materialized targets stay blocked even when allow-listed, sandbox-writable, and approved (0.212875ms)
✔ requested permission intent and authenticated actual Host evidence stay distinct and digest-bound (0.234583ms)
✔ actual Host permission stays unknown without authenticated evidence or with a mismatched packet digest (0.355375ms)
✔ approval is the final gate and can deny only within scope and sandbox, never expand them (0.339167ms)
✔ malformed assignment scope and incomplete adjudication inputs fail closed (0.7005ms)
✔ partial assignment packets are rejected before scope or approval can allow them (0.434541ms)
✔ projection keeps six primary surfaces and appends Office references in order (2.549209ms)
✔ V2 config and projection expose pure public seams (1.90775ms)
✔ projection wrapper requires exactly four own fields (4.455167ms)
✔ projection preserves evidence paths while using caller placements for Host layout (1.050416ms)
✔ generic targets use target-scoped manual destinations and never update (1.520542ms)
✔ generic empty paths return an explicit manual pending conflict (0.33425ms)
✔ managed Codex scope cardinality is exact and two-sided (1.753417ms)
✔ placement identity and scope must bind retained absolute evidence (0.508667ms)
✔ managed Codex workspace placement requires its exact layout root (0.174667ms)
✔ managed Codex user-global placement requires its exact layout root (0.436917ms)
✔ managed Codex rejects unmatched retained evidence instead of treating it as a join root (0.525958ms)
✔ managed Codex both scope rejects workspace and user-global relabeling (0.152333ms)
✔ projection requires the approved target contract values before descriptors (0.336166ms)
✔ projection rejects inherited, extra, and canonical-duplicate observations (1.263166ms)
✔ projection rejects a computed destination inherited from Object.prototype (0.451125ms)
✔ projection rejects global lexical destination collisions before actions (0.301417ms)
✔ V2 path validation supports explicit POSIX and Windows lexical flavors (0.32675ms)
✔ V2 validation rejects top-level, target, ownership, and prototype mutations (0.283333ms)
✔ static target contract and entry policy expose the approved V2 surfaces (7.253167ms)
✔ materialized Trio entry and capability outputs match their authoritative source bytes (9.625584ms)
✔ entry contract rejects removed authority, permission, topology and completion safeguards (3.364125ms)
✔ state bridge dual-reads strict V2 without creating a projection manifest (64.849834ms)
✔ materialized Codex outputs stay blocked by the scope gate even when allow-listed, sandbox-writable, and approved (3.231333ms)
✔ ChiefOps source carries the six operative permission-ordering clauses (0.861375ms)
✔ ChiefOps and human usage carry approval-policy, recovery-ladder, and non-destructive workspace clauses (1.361125ms)
✔ ChiefOps and human usage bind semantic reservation to task plus frozen slice identity (0.84275ms)
✔ projection carries bounded static support without adding logical skills (0.922625ms)
✔ support descriptors enforce ownership and conflict rules exactly like primary surfaces (18.334875ms)
✔ readTrioTask reads an explicitly selected complete Trio without writing (33.858833ms)
✔ resolveTrioTask selects the unique active Trio when no task id is supplied (20.9045ms)
✔ readTrioTask fails closed when multiple active tasks exist (22.143291ms)
✔ readTrioTask rejects traversal and absolute task identifiers (8.573834ms)
✔ readTrioTask rejects missing and corrupt Trio files (20.498875ms)
✔ legacy reader accepts an explicit nonterminal task plan without requiring a new Trio (11.710875ms)
✔ readTrioTask rejects symlinked planning directories, task directories, and Trio files (129.396917ms)
✔ readTrioTask preserves corrupt active roots as errors instead of treating them as no active task (10.680458ms)
✔ verifyTrioBinding reports bytes drift after a complete Trio changes (29.343334ms)
✔ S01 complete five-field Trio produces a recorded deterministic summary (25.590875ms)
✔ S02 legacy Trio remains readable with all summary fields missing (28.0075ms)
✔ S03 partial and empty sections stay independently missing (15.724666ms)
✔ S04 duplicate Goal and section headings become ambiguous without choosing the last (18.967417ms)
✔ S05 ignores fenced pseudo fields while preserving the reader status (17.521667ms)
✔ S06 preserves ### content and stops at the next level-one or level-two heading (20.402292ms)
✔ S07 normalizes LF and CRLF text while binding each source to its actual bytes (25.529416ms)
✔ S08 truncates at 2000 Unicode code points without splitting an emoji (54.662166ms)
✔ S09 recognizes fenced variants and leaves an unclosed fence opaque (25.313167ms)
✔ S10 records shell-like, URL, traversal, and authorization text without acting on it (22.145375ms)
✔ S11 returns identical results twice without mutating the snapshot or authority bytes (16.475875ms)
✔ S12 rejects malformed summary inputs instead of returning an empty success (16.186041ms)
{"recoveryFixtureTreeBefore":["planning","planning/active","planning/active/recovery-task","planning/active/recovery-task/findings.md","planning/active/recovery-task/progress.md","planning/active/recovery-task/task_plan.md"],"recoveryFixtureTreeAfter":["planning","planning/active","planning/active/recovery-task","planning/active/recovery-task/findings.md","planning/active/recovery-task/progress.md","planning/active/recovery-task/task_plan.md"]}
✔ Trio-only recovery keeps explicit, unique-active, status, and next decisions stable with exactly three authority files (86.93825ms)
✔ exact Trio reads and read-only CLI commands reject invalid UTF-8 authority bytes (42.670417ms)
✔ legacy explicit nonterminal task remains readable during Trio-only recovery (19.677334ms)
✔ routeTask keeps a simple one-stage task on the quick route without Trio creation (0.880458ms)
✔ routeTask promotes multi-phase durable work to the tracked route (0.088875ms)
✔ resolveModelEffort fails closed without a declared work role and never infers actual values (0.559833ms)
✔ resolveModelEffort requires a declared work role and keeps the authenticated actual evidence gate (1.386667ms)
✔ buildAssignmentPacket emits exactly the eight approved fields from a verified Trio binding (52.037041ms)
✔ calculateNextAction exposes a tracked Trio initialization plan without performing a write (0.187625ms)
✔ calculateNextAction keeps quick dry-run work inline and Trio-free (0.07575ms)
✔ calculateNextAction fails closed unless it is explicitly dry-run (0.095959ms)
✔ execution work roles always request the Flash model with calibrated effort (0.197084ms)
✔ execution complexity classifiers map bounded, multi-file, and long-running work to high, xhigh, and max (0.225458ms)
✔ chief roles respect explicit modern models and supported effort (0.157416ms)
✔ unknown work roles and unknown or ambiguous complexity fail closed instead of escalating (0.201125ms)
✔ explicit execution model and effort override legacy defaults without changing role or complexity (0.068292ms)
✔ structured human overrides classify only Chief slices and carry provenance (0.190583ms)
✔ Chief planning and Flash execution slices never leak model or effort into each other (0.0765ms)
✔ economic policy results keep actual evidence unknown without authenticated Host evidence (0.060333ms)
✔ worker_self_goal packets require a complete bounded goal contract with an exact closed shape (28.131792ms)
✔ goal packets retain their exact bounded shape through the packet round trip (19.871167ms)
✔ assignment packets fail closed without a declared work role or execution complexity (17.617125ms)
✔ legacy packets keep their defaults while explicit Luna selection is admitted (0.710916ms)
✔ entry policy keeps direct completion distinct from delegated acceptance and retires strict visibility (1.938375ms)
✔ safety capability exposes exactly the seven approved read-only outputs (6.519167ms)
✔ safety skill is a section-scoped pure Markdown contract (3.022792ms)
✔ safety fixtures form an exact, statically auditable decision matrix (2.368166ms)
✔ safety inventory validator rejects local extra Markdown and JSON names (2.019125ms)
✔ safety fixture filenames bind exact IDs and targets (1.84ms)
✔ ask destructive fixture cannot borrow external write semantics (1.737584ms)
✔ deny outside-authority fixture cannot borrow external write semantics (0.940291ms)
✔ safety fixture validator rejects duplicate IDs, missing fields, unknown decisions, and contradictions (0.398875ms)
✔ safety semantic mutations cannot broaden permission or remove recovery safeguards (4.312583ms)
✔ deny and ask fixtures never claim execution or terminal approval (1.0565ms)
✔ recursive terminal-state guard rejects exact states but permits ordinary evidence words (2.204375ms)
✔ precedence resolver follows the ordered clauses in the Safety skill (0.8135ms)
✔ destructive asks require evidence and never upgrade to allow (3.10075ms)
✔ safety recommendation scope honors prior authorization without overriding Host policy (0.681708ms)
✔ the priority shadow questions are declared and read frozen bundle targets (2.358583ms)
✔ a request carries the whole frozen bundle the question belongs to (0.164917ms)
✔ a shadow gate agrees and disagrees against the existing behaviour (18.665875ms)
✔ a shadow run where the gate disagrees completes normally (7.071041ms)
✔ a gate failure never blocks the existing path (3.679291ms)
✔ an infrastructure failure is recorded and never escalates (3.763708ms)
✔ agreement is null when the two cannot be compared (0.410292ms)
✔ shadow answers are read from composites and answers, not re-derived (0.160625ms)
✔ the summary counts disagreements without judging a gate (4.053542ms)
✔ shadow records never carry chain-of-thought (7.45775ms)
✔ the shadow module stays provider-neutral and versioned (0.729625ms)
✔ every gate defaults to shadow when no activation decision exists (0.277541ms)
✔ a gate cannot be activated without a measured benefit, rollback and authorization (0.151042ms)
✔ an unknown gate id is rejected instead of defaulting to shadow (0.084ms)
✔ the shipped activation decision keeps every gate in shadow (0.0555ms)
✔ checkpoint states map to the behaviour the existing path is taking (0.054416ms)
✔ attaching shadow recording leaves the rendered checkpoint byte-identical (6.452875ms)
✔ a checkpoint-level gate disagreement is recorded and still completes (3.532125ms)
✔ a checkpoint gate failure never blocks the checkpoint (6.945333ms)
✔ attaching to a checkpoint with no observations records nothing and changes nothing (1.591417ms)
✔ atomicWriteText preserves old bytes on interruption and cleans same-directory temporary files (84.753542ms)
✔ atomicWriteText conditionally creates only an absent target and retains a foreign link-time create (230.854458ms)
✔ atomicWriteText rejects a same-content foreign inode replacement before publication (244.305125ms)
✔ atomicWriteText rejects a stable real parent replacement before final identity check without outside mutation (241.534875ms)
✔ atomicWriteText attaches an exact publication receipt after parent directory fsync failure (232.630292ms)
✔ atomicWriteText registers a create-only receipt before a post-link observation can fail (252.896583ms)
✔ atomicWriteText reports a proven ambiguous hard-link publication (263.570375ms)
✔ atomicWriteText reports a proven ambiguous rename publication (280.697833ms)
✔ atomicWriteText retains its primary error and receipt when temporary cleanup also fails (224.077833ms)
✔ withTrioPublicationLock keeps a primary operation failure and a release failure observable (234.131708ms)
✔ atomicWriteText rejects inherited, incomplete, or extra identity evidence without mutation (8.104208ms)
✔ a residual authority publication lock times out without target mutation or automatic cleanup (2103.168208ms)
✔ initializeTrioTask creates exactly the three authority files and rejects partial or unsafe state (256.918667ms)
✔ initializeTrioTask persists replacement-token syntax in the goal literally (146.609167ms)
✔ appendProgressEvent validates event fields, preserves other Trio bytes, and appends chronological records (224.932583ms)
✔ concurrent progress updates preserve every successful event and strictly order generated timestamps (341.851375ms)
✔ appendProgressEvent rejects a reversed historical chronology without changing progress bytes (136.1185ms)
✔ a replaced transient task lock is retained when its original owner releases it (13.808667ms)
✔ concurrent initialization leaves one exact Trio and no authority-root staging residue (158.745125ms)
✔ mode vocabulary is frozen and total over the existing work-role enums (2.625375ms)
✔ intensity subsets preserve each mode and reject an out-of-subset value (0.25075ms)
✔ topologyClassOf derives a class from fields that already exist (0.1505ms)
✔ ExecutionRequirement normalizes a requirement and rejects a malformed one (0.281791ms)
✔ resolveExecutionImplementation selects by declared registry order and never downgrades a capability (0.337167ms)
✔ lifecycle semantics carry no model name (0.106125ms)
ℹ tests 480
ℹ suites 0
ℹ pass 480
ℹ fail 0
ℹ cancelled 0
ℹ skipped 0
ℹ todo 0
ℹ duration_ms 21900.522292
{"milestone":"final","inventory":["harness/installer/commands/trio.mjs","harness/trio/compatibility/legacy-reader.mjs","harness/trio/config.mjs","harness/trio/core/authority.mjs","harness/trio/core/decision.mjs","harness/trio/core/evidence.mjs","harness/trio/core/read.mjs","harness/trio/core/routing.mjs","harness/trio/core/shadow.mjs","harness/trio/core/store.mjs","harness/trio/hosts/codex.mjs","harness/trio/hosts/generic.mjs","harness/trio/projection.mjs"]}
