session_ref,scope,origin_class,index_coverage,source_retention
sha256:54a9a36c7e1fa45786b2,other-workspace,top_level_not_necessarily_human,machine_index_complete,Original session identifiers and machine paths retained in local audit backup.
sha256:46201469c05e752a0eb2,other-workspace,top_level_not_necessarily_human,machine_index_complete,Original session identifiers and machine paths retained in local audit backup.
sha256:c1c957e9704dcb7623c1,other-workspace,top_level_not_necessarily_human,machine_index_complete,Original session identifiers and machine paths retained in local audit backup.
sha256:742ef6c108c1297b5372,other-workspace,top_level_not_necessarily_human,machine_index_complete,Original session identifiers and machine paths retained in local audit backup.
sha256:50b46b9e21f9905eabe4,other-workspace,top_level_not_necessarily_human,machine_index_complete,Original session identifiers and machine paths retained in local audit backup.
sha256:f070eeac4d8f758888ce,other-workspace,top_level_not_necessarily_human,machine_index_complete,Original session identifiers and machine paths retained in local audit backup.
sha256:a9ca44c0f7d03394544f,other-workspace,top_level_not_necessarily_human,machine_index_complete,Original session identifiers and machine paths retained in local audit backup.
sha256:41cf565e886e6ab8a70c,other-workspace,top_level_not_necessarily_human,machine_index_complete,Original session identifiers and machine paths retained in local audit backup.
sha256:0fa9c7a07dfa1309dd63,other-workspace,top_level_not_necessarily_human,machine_index_complete,Original session identifiers and machine paths retained in local audit backup.
sha256:4dc5d96cd2d7fcb12046,swf,top_level_not_necessarily_human,machine_index_complete,Original session identifiers and machine paths retained in local audit backup.
sha256:7e4dfc1d2862b9f70c22,swf,top_level_not_necessarily_human,machine_index_complete,Original session identifiers and machine paths retained in local audit backup.
sha256:a04595d801bd04eb27c0,other-workspace,top_level_not_necessarily_human,machine_index_complete,Original session identifiers and machine paths retained in local audit backup.
sha256:cc7be7616a8ae7c73a72,other-workspace,top_level_not_necessarily_human,machine_index_complete,Original session identifiers and machine paths retained in local audit backup.
sha256:2abbe43368f4e83b2f0a,other-workspace,top_level_not_necessarily_human,machine_index_complete,Original session identifiers and machine paths retained in local audit backup.
sha256:433c4b4b8fd570a161f0,swf,top_level_not_necessarily_human,machine_index_complete,Original session identifiers and machine paths retained in local audit backup.
sha256:57b6920602b68cbff692,swf,native_subagent,machine_index_complete,Original session identifiers and machine paths retained in local audit backup.
sha256:89692064f1c3808acc7d,swf,native_subagent,machine_index_complete,Original session identifiers and machine paths retained in local audit backup.
sha256:bd4cd959684fd14ad1af,swf,native_subagent,machine_index_complete,Original session identifiers and machine paths retained in local audit backup.
sha256:f2d8cd965645de3ed8b6,swf,native_subagent,machine_index_complete,Original session identifiers and machine paths retained in local audit backup.
sha256:01321dcbe6441bfdd987,swf,native_subagent,machine_index_complete,Original session identifiers and machine paths retained in local audit backup.
sha256:14e75a8be8f8b9f407bd,swf,native_subagent,machine_index_complete,Original session identifiers and machine paths retained in local audit backup.
sha256:1e2421e49e9edf292aef,swf,native_subagent,machine_index_complete,Original session identifiers and machine paths retained in local audit backup.
sha256:10392d7eabf0cf2cbc58,swf,native_subagent,machine_index_complete,Original session identifiers and machine paths retained in local audit backup.
sha256:052ee8004cbbb54fc521,swf,native_subagent,machine_index_complete,Original session identifiers and machine paths retained in local audit backup.
sha256:a27841219382d4fca9f2,swf,top_level_not_necessarily_human,machine_index_complete,Original session identifiers and machine paths retained in local audit backup.
sha256:4f5ec1c9229cf9101ce3,swf,native_subagent,machine_index_complete,Original session identifiers and machine paths retained in local audit backup.
sha256:5cfd614461549e26e9d0,swf,native_subagent,machine_index_complete,Original session identifiers and machine paths retained in local audit backup.
sha256:f8b493d0493ad7e84a84,swf,native_subagent,machine_index_complete,Original session identifiers and machine paths retained in local audit backup.
sha256:920f0655d2015a5f131a,swf,native_subagent,machine_index_complete,Original session identifiers and machine paths retained in local audit backup.
sha256:88213edb7d59f885efc6,swf,native_subagent,machine_index_complete,Original session identifiers and machine paths retained in local audit backup.
sha256:a821a949da90ba3b2a58,swf,native_subagent,machine_index_complete,Original session identifiers and machine paths retained in local audit backup.
sha256:f7137057ac5448f9c365,swf,native_subagent,machine_index_complete,Original session identifiers and machine paths retained in local audit backup.
sha256:04b77460e6355d02255f,swf,native_subagent,machine_index_complete,Original session identifiers and machine paths retained in local audit backup.
sha256:a7e2c0f7c1aa179a1959,swf,native_subagent,machine_index_complete,Original session identifiers and machine paths retained in local audit backup.
sha256:92143891504582ebcf28,swf,native_subagent,machine_index_complete,Original session identifiers and machine paths retained in local audit backup.
sha256:e39043437a4b73dc9d72,swf,native_subagent,machine_index_complete,Original session identifiers and machine paths retained in local audit backup.
sha256:9e553f9a266a74c11a4e,swf,native_subagent,machine_index_complete,Original session identifiers and machine paths retained in local audit backup.
sha256:db8f4d5d0789fd6bbfa2,swf,native_subagent,machine_index_complete,Original session identifiers and machine paths retained in local audit backup.
sha256:48dd92a199ce58e2be7f,swf,native_subagent,machine_index_complete,Original session identifiers and machine paths retained in local audit backup.
sha256:2ae21d1a7f4979b9bf63,swf,native_subagent,machine_index_complete,Original session identifiers and machine paths retained in local audit backup.
sha256:f043d8565c5ef5765554,swf,native_subagent,machine_index_complete,Original session identifiers and machine paths retained in local audit backup.
sha256:f56ae261aa36fdbd3fc7,swf,native_subagent,machine_index_complete,Original session identifiers and machine paths retained in local audit backup.
sha256:96c7debf1377d90a5d3e,swf,native_subagent,machine_index_complete,Original session identifiers and machine paths retained in local audit backup.
sha256:509c7fd4b7c0b91f3801,swf,native_subagent,machine_index_complete,Original session identifiers and machine paths retained in local audit backup.
sha256:78d399accbe9663ae479,swf,native_subagent,machine_index_complete,Original session identifiers and machine paths retained in local audit backup.
sha256:8a26d03c360571f426ad,swf,native_subagent,machine_index_complete,Original session identifiers and machine paths retained in local audit backup.
sha256:3a4d90ec35eb58b7a13a,swf,native_subagent,machine_index_complete,Original session identifiers and machine paths retained in local audit backup.
sha256:07d8c671b4cc59e6eaf6,swf,native_subagent,machine_index_complete,Original session identifiers and machine paths retained in local audit backup.
sha256:72a393f28d979a84152a,swf,native_subagent,machine_index_complete,Original session identifiers and machine paths retained in local audit backup.
sha256:c60d0f18083bd54fb10b,swf,native_subagent,machine_index_complete,Original session identifiers and machine paths retained in local audit backup.
sha256:f16b14156458e32217bc,swf,native_subagent,machine_index_complete,Original session identifiers and machine paths retained in local audit backup.
sha256:5aa517942f782df05fd2,swf,native_subagent,machine_index_complete,Original session identifiers and machine paths retained in local audit backup.
sha256:309a8bef993b250a7238,other-workspace,top_level_not_necessarily_human,machine_index_complete,Original session identifiers and machine paths retained in local audit backup.
sha256:b485d21e5c1a7ff8e37d,swf,native_subagent,machine_index_complete,Original session identifiers and machine paths retained in local audit backup.
sha256:af36438b627b7c4b8183,swf,native_subagent,machine_index_complete,Original session identifiers and machine paths retained in local audit backup.
sha256:4f4b1506293fa8a3a3b8,swf,native_subagent,machine_index_complete,Original session identifiers and machine paths retained in local audit backup.
sha256:f21e54e5d77a0ea8f15f,swf,native_subagent,machine_index_complete,Original session identifiers and machine paths retained in local audit backup.
sha256:31a42c29563a67904edc,swf,native_subagent,machine_index_complete,Original session identifiers and machine paths retained in local audit backup.
sha256:5b1700b0845af5f3ad5f,swf,native_subagent,machine_index_complete,Original session identifiers and machine paths retained in local audit backup.
sha256:27b3d0b48d5949cf4329,swf,native_subagent,machine_index_complete,Original session identifiers and machine paths retained in local audit backup.
sha256:36150c567fe6ab1c79ae,swf,top_level_not_necessarily_human,machine_index_complete,Original session identifiers and machine paths retained in local audit backup.
sha256:8f7b9663f4ce13c708cc,swf,top_level_not_necessarily_human,machine_index_complete,Original session identifiers and machine paths retained in local audit backup.
sha256:07f64b7cb5e362c9b995,swf,native_subagent,machine_index_complete,Original session identifiers and machine paths retained in local audit backup.
sha256:6175afe2ca037646b91a,swf,native_subagent,machine_index_complete,Original session identifiers and machine paths retained in local audit backup.
sha256:e70581a8589140e4de5d,swf,top_level_not_necessarily_human,machine_index_complete,Original session identifiers and machine paths retained in local audit backup.
sha256:12a0c3759d5c02a6acc5,other-workspace,top_level_not_necessarily_human,machine_index_complete,Original session identifiers and machine paths retained in local audit backup.
sha256:0e841aa3cb40a2428cfd,other-workspace,top_level_not_necessarily_human,machine_index_complete,Original session identifiers and machine paths retained in local audit backup.
sha256:e699c761ec07103640e3,other-workspace,top_level_not_necessarily_human,machine_index_complete,Original session identifiers and machine paths retained in local audit backup.
sha256:8090e585f4e1ab6009b5,swf,top_level_not_necessarily_human,machine_index_complete,Original session identifiers and machine paths retained in local audit backup.
sha256:ccc17a92683daa1c4653,swf,top_level_not_necessarily_human,machine_index_complete,Original session identifiers and machine paths retained in local audit backup.
sha256:a99628f590732678e88b,swf,top_level_not_necessarily_human,machine_index_complete,Original session identifiers and machine paths retained in local audit backup.
sha256:31418a2743b00cc22b1e,swf,top_level_not_necessarily_human,machine_index_complete,Original session identifiers and machine paths retained in local audit backup.
sha256:de8a287a846098e20fc3,swf,top_level_not_necessarily_human,machine_index_complete,Original session identifiers and machine paths retained in local audit backup.
sha256:a1270dfac1cdcec37e03,swf,top_level_not_necessarily_human,machine_index_complete,Original session identifiers and machine paths retained in local audit backup.
sha256:863fee71c6737d807383,swf,top_level_not_necessarily_human,machine_index_complete,Original session identifiers and machine paths retained in local audit backup.
sha256:5ac945de6aa6e7987137,swf,top_level_not_necessarily_human,machine_index_complete,Original session identifiers and machine paths retained in local audit backup.
sha256:266f65f39ab64c12b941,swf,native_subagent,machine_index_complete,Original session identifiers and machine paths retained in local audit backup.
sha256:33444fbd67c0ba292b87,swf,native_subagent,machine_index_complete,Original session identifiers and machine paths retained in local audit backup.
sha256:b30ffa612921b4a9315d,swf,top_level_not_necessarily_human,machine_index_complete,Original session identifiers and machine paths retained in local audit backup.
sha256:932f5be4ec0f667969d1,swf,native_subagent,machine_index_complete,Original session identifiers and machine paths retained in local audit backup.
sha256:c44911921ad1bc9b5233,swf,top_level_not_necessarily_human,machine_index_complete,Original session identifiers and machine paths retained in local audit backup.
sha256:245376d9cbea27411f4e,swf,top_level_not_necessarily_human,machine_index_complete,Original session identifiers and machine paths retained in local audit backup.
sha256:aadc8b8d6217c942edfa,other-workspace,top_level_not_necessarily_human,machine_index_complete,Original session identifiers and machine paths retained in local audit backup.
sha256:816ac18d25b4a591fb0c,other-workspace,native_subagent,machine_index_complete,Original session identifiers and machine paths retained in local audit backup.
sha256:9f16184be20653e83463,other-workspace,native_subagent,machine_index_complete,Original session identifiers and machine paths retained in local audit backup.
sha256:3471441e1d23e85045b1,other-workspace,native_subagent,machine_index_complete,Original session identifiers and machine paths retained in local audit backup.
sha256:02010eecc1596c25db63,other-workspace,native_subagent,machine_index_complete,Original session identifiers and machine paths retained in local audit backup.
sha256:84045011536681f7dd9c,other-workspace,native_subagent,machine_index_complete,Original session identifiers and machine paths retained in local audit backup.
sha256:543748de716943cf50b3,other-workspace,native_subagent,machine_index_complete,Original session identifiers and machine paths retained in local audit backup.
sha256:b32bd2e4f161b4d2ce01,other-workspace,native_subagent,machine_index_complete,Original session identifiers and machine paths retained in local audit backup.
sha256:2b770142c5d7727c63ee,other-workspace,native_subagent,machine_index_complete,Original session identifiers and machine paths retained in local audit backup.
sha256:e15f4d7c0f08c2f7f60a,other-workspace,native_subagent,machine_index_complete,Original session identifiers and machine paths retained in local audit backup.
sha256:e095cd3789a329d2d853,other-workspace,native_subagent,machine_index_complete,Original session identifiers and machine paths retained in local audit backup.
sha256:1b8f9bda0df4ee67b2ca,other-workspace,native_subagent,machine_index_complete,Original session identifiers and machine paths retained in local audit backup.
sha256:909da2bbf6e117bdd1e1,other-workspace,native_subagent,machine_index_complete,Original session identifiers and machine paths retained in local audit backup.
sha256:d44cdd9a43b662153497,other-workspace,native_subagent,machine_index_complete,Original session identifiers and machine paths retained in local audit backup.
sha256:6c474f3edd0f7da45a3a,other-workspace,native_subagent,machine_index_complete,Original session identifiers and machine paths retained in local audit backup.
sha256:a87f834363e0c59f0017,other-workspace,native_subagent,machine_index_complete,Original session identifiers and machine paths retained in local audit backup.
sha256:cef1d51c950209d2f785,other-workspace,native_subagent,machine_index_complete,Original session identifiers and machine paths retained in local audit backup.
sha256:11a9be3f38cca286748b,other-workspace,native_subagent,machine_index_complete,Original session identifiers and machine paths retained in local audit backup.
sha256:5d6b855fd377bd1f4da0,other-workspace,native_subagent,machine_index_complete,Original session identifiers and machine paths retained in local audit backup.
sha256:697bd7a72dbc945b9a38,other-workspace,native_subagent,machine_index_complete,Original session identifiers and machine paths retained in local audit backup.
sha256:b6b77f97e821d8d7facc,swf,native_subagent,machine_index_complete,Original session identifiers and machine paths retained in local audit backup.
sha256:ac26167ca2a158a8b532,swf,top_level_not_necessarily_human,machine_index_complete,Original session identifiers and machine paths retained in local audit backup.
sha256:26c858f975706b34f455,swf,native_subagent,machine_index_complete,Original session identifiers and machine paths retained in local audit backup.
sha256:33765f657352ddb2e7ea,swf,native_subagent,machine_index_complete,Original session identifiers and machine paths retained in local audit backup.
sha256:6defa49fbb57b8c74253,swf,top_level_not_necessarily_human,machine_index_complete,Original session identifiers and machine paths retained in local audit backup.
sha256:a88f87f051680aa0d765,swf,native_subagent,machine_index_complete,Original session identifiers and machine paths retained in local audit backup.
sha256:55315ea616dc4a342b3b,swf,native_subagent,machine_index_complete,Original session identifiers and machine paths retained in local audit backup.
sha256:699c94e36433513b1694,swf,native_subagent,machine_index_complete,Original session identifiers and machine paths retained in local audit backup.
sha256:64a33918ba508ee814f7,swf,top_level_not_necessarily_human,machine_index_complete,Original session identifiers and machine paths retained in local audit backup.
sha256:006c2855a0424f83e25a,swf,native_subagent,machine_index_complete,Original session identifiers and machine paths retained in local audit backup.
sha256:1bcd4da9de57f36550c8,swf,native_subagent,machine_index_complete,Original session identifiers and machine paths retained in local audit backup.
sha256:93889b82cf7d7489cfb7,swf,top_level_not_necessarily_human,machine_index_complete,Original session identifiers and machine paths retained in local audit backup.
sha256:eaa33d2fb665f4e940e3,swf,native_subagent,machine_index_complete,Original session identifiers and machine paths retained in local audit backup.
sha256:89cbcfeabb3c2af74b0c,swf,top_level_not_necessarily_human,machine_index_complete,Original session identifiers and machine paths retained in local audit backup.
sha256:c81323031c95b47d8c16,swf,native_subagent,machine_index_complete,Original session identifiers and machine paths retained in local audit backup.
sha256:6c524571f57f3eb94d57,swf,top_level_not_necessarily_human,machine_index_complete,Original session identifiers and machine paths retained in local audit backup.
sha256:18f9a1ec9b6667887e7d,swf,native_subagent,machine_index_complete,Original session identifiers and machine paths retained in local audit backup.
sha256:90c093baf201599c5ba4,swf,native_subagent,machine_index_complete,Original session identifiers and machine paths retained in local audit backup.
sha256:457ab0e7fe157d6bc895,swf,native_subagent,machine_index_complete,Original session identifiers and machine paths retained in local audit backup.
sha256:e82c69431f9fa063a5d7,swf,native_subagent,machine_index_complete,Original session identifiers and machine paths retained in local audit backup.
sha256:5ae68fd1a709833a746b,swf,native_subagent,machine_index_complete,Original session identifiers and machine paths retained in local audit backup.
sha256:41bfa804367cecdbd45d,swf,native_subagent,machine_index_complete,Original session identifiers and machine paths retained in local audit backup.
sha256:a3ca3b57c4a5c77ffce7,swf,native_subagent,machine_index_complete,Original session identifiers and machine paths retained in local audit backup.
sha256:a4ca46619b53975fde46,swf,native_subagent,machine_index_complete,Original session identifiers and machine paths retained in local audit backup.
sha256:64e86dd90a760449d1c0,swf,native_subagent,machine_index_complete,Original session identifiers and machine paths retained in local audit backup.
sha256:5569c9d68fb6d93cd40c,swf,native_subagent,machine_index_complete,Original session identifiers and machine paths retained in local audit backup.
sha256:a42439b2aceda330c789,swf,native_subagent,machine_index_complete,Original session identifiers and machine paths retained in local audit backup.
sha256:089567587942bb1e5809,swf,native_subagent,machine_index_complete,Original session identifiers and machine paths retained in local audit backup.
sha256:d6559444f700e70a8398,other-workspace,top_level_not_necessarily_human,machine_index_complete,Original session identifiers and machine paths retained in local audit backup.
sha256:688cbdecf380f0fd7df5,other-workspace,top_level_not_necessarily_human,machine_index_complete,Original session identifiers and machine paths retained in local audit backup.
sha256:8686318e590a0e6b0fb5,other-workspace,native_subagent,machine_index_complete,Original session identifiers and machine paths retained in local audit backup.
sha256:238091c75e16509dd48b,other-workspace,native_subagent,machine_index_complete,Original session identifiers and machine paths retained in local audit backup.
sha256:079ba06a080f2e015fc4,other-workspace,native_subagent,machine_index_complete,Original session identifiers and machine paths retained in local audit backup.
sha256:94f32086e3345c1d31db,other-workspace,native_subagent,machine_index_complete,Original session identifiers and machine paths retained in local audit backup.
sha256:26fb47164a85b6d828ab,other-workspace,native_subagent,machine_index_complete,Original session identifiers and machine paths retained in local audit backup.
sha256:d5bc9ad5a3fbc1e44a74,other-workspace,native_subagent,machine_index_complete,Original session identifiers and machine paths retained in local audit backup.
sha256:1431cee21656abb0d15a,other-workspace,native_subagent,machine_index_complete,Original session identifiers and machine paths retained in local audit backup.
sha256:f9c2be0bb6fc689ae374,other-workspace,top_level_not_necessarily_human,machine_index_complete,Original session identifiers and machine paths retained in local audit backup.
sha256:2415134ea6fb99c5828b,other-workspace,top_level_not_necessarily_human,machine_index_complete,Original session identifiers and machine paths retained in local audit backup.
sha256:879e2a412863f187f997,swf,native_subagent,machine_index_complete,Original session identifiers and machine paths retained in local audit backup.
sha256:e2e74e39176bcf9203a1,other-workspace,native_subagent,machine_index_complete,Original session identifiers and machine paths retained in local audit backup.
sha256:a8baa335b3ff0e26ac33,other-workspace,top_level_not_necessarily_human,machine_index_complete,Original session identifiers and machine paths retained in local audit backup.
sha256:ce4e9f428d4c7f589f85,other-workspace,native_subagent,machine_index_complete,Original session identifiers and machine paths retained in local audit backup.
sha256:b91a2cb9e1701e9d9f82,other-workspace,native_subagent,machine_index_complete,Original session identifiers and machine paths retained in local audit backup.
sha256:f7607b6cc111edb856df,swf,top_level_not_necessarily_human,machine_index_complete,Original session identifiers and machine paths retained in local audit backup.
sha256:e7c80f2a01f87ed80b2f,swf,top_level_not_necessarily_human,machine_index_complete,Original session identifiers and machine paths retained in local audit backup.
sha256:e5b739b8fe6f25b0eed5,swf,native_subagent,machine_index_complete,Original session identifiers and machine paths retained in local audit backup.
sha256:a21595df9de25d866ded,swf,native_subagent,machine_index_complete,Original session identifiers and machine paths retained in local audit backup.
sha256:0e49a39e4b7dd398b0b7,swf,native_subagent,machine_index_complete,Original session identifiers and machine paths retained in local audit backup.
sha256:c6d900fe69911dd307ed,swf,native_subagent,machine_index_complete,Original session identifiers and machine paths retained in local audit backup.
sha256:755c2a0af96a81d9d50f,swf,native_subagent,machine_index_complete,Original session identifiers and machine paths retained in local audit backup.
sha256:2b9736934d7bf356bcbc,swf,native_subagent,machine_index_complete,Original session identifiers and machine paths retained in local audit backup.
sha256:7b3b779aeb36a09d49d6,swf,native_subagent,machine_index_complete,Original session identifiers and machine paths retained in local audit backup.
sha256:92bcbc88d45184a65cf5,swf,top_level_not_necessarily_human,machine_index_complete,Original session identifiers and machine paths retained in local audit backup.
sha256:d2d8974bb3822c30c0dd,swf,top_level_not_necessarily_human,machine_index_complete,Original session identifiers and machine paths retained in local audit backup.
sha256:a33b8786e884f73f8c6c,swf,native_subagent,machine_index_complete,Original session identifiers and machine paths retained in local audit backup.
sha256:11a0e1ac532833dd3f51,swf,native_subagent,machine_index_complete,Original session identifiers and machine paths retained in local audit backup.
sha256:2795fbed1d2f2b44ac53,swf,native_subagent,machine_index_complete,Original session identifiers and machine paths retained in local audit backup.
sha256:207d16cf3729aa2afeba,swf,native_subagent,machine_index_complete,Original session identifiers and machine paths retained in local audit backup.
sha256:d4576e3aa1f100c05bb9,swf,native_subagent,machine_index_complete,Original session identifiers and machine paths retained in local audit backup.
sha256:bc8d10b7c08789e76889,other-workspace,native_subagent,machine_index_complete,Original session identifiers and machine paths retained in local audit backup.
sha256:dbd11122515322bbd4a7,other-workspace,native_subagent,machine_index_complete,Original session identifiers and machine paths retained in local audit backup.
sha256:d1303cee52cb47dc92fc,other-workspace,native_subagent,machine_index_complete,Original session identifiers and machine paths retained in local audit backup.
sha256:8f49a66d59dea1c150c6,swf,native_subagent,machine_index_complete,Original session identifiers and machine paths retained in local audit backup.
sha256:2014ba2072353f348444,swf,native_subagent,machine_index_complete,Original session identifiers and machine paths retained in local audit backup.
sha256:cb62121d3311a5c08d20,other-workspace,native_subagent,machine_index_complete,Original session identifiers and machine paths retained in local audit backup.
sha256:7f3729d702cb7420ca9e,swf,native_subagent,machine_index_complete,Original session identifiers and machine paths retained in local audit backup.
sha256:f509121082d44fdf7994,swf,top_level_not_necessarily_human,machine_index_complete,Original session identifiers and machine paths retained in local audit backup.
sha256:207ebcd3680772921e91,other-workspace,native_subagent,machine_index_complete,Original session identifiers and machine paths retained in local audit backup.
sha256:22159fbec72fb8d6d517,other-workspace,native_subagent,machine_index_complete,Original session identifiers and machine paths retained in local audit backup.
sha256:135a8c35c5dcae2e0b82,other-workspace,native_subagent,machine_index_complete,Original session identifiers and machine paths retained in local audit backup.
sha256:33841698fc7975b24480,other-workspace,native_subagent,machine_index_complete,Original session identifiers and machine paths retained in local audit backup.
sha256:324c75effae4111d5ce3,other-workspace,native_subagent,machine_index_complete,Original session identifiers and machine paths retained in local audit backup.
sha256:2c3091cd6ec9c285d0d2,other-workspace,native_subagent,machine_index_complete,Original session identifiers and machine paths retained in local audit backup.
sha256:926e46db673170c61d9e,other-workspace,native_subagent,machine_index_complete,Original session identifiers and machine paths retained in local audit backup.
sha256:f90ca71599686f8e42a8,other-workspace,native_subagent,machine_index_complete,Original session identifiers and machine paths retained in local audit backup.
sha256:778a57e682c8c5d68cf6,other-workspace,native_subagent,machine_index_complete,Original session identifiers and machine paths retained in local audit backup.
sha256:d3bad270433dfff4f943,other-workspace,native_subagent,machine_index_complete,Original session identifiers and machine paths retained in local audit backup.
sha256:2757cb60946ed04409f6,other-workspace,native_subagent,machine_index_complete,Original session identifiers and machine paths retained in local audit backup.
sha256:52bbb92730beff9eee1c,other-workspace,native_subagent,machine_index_complete,Original session identifiers and machine paths retained in local audit backup.
sha256:10a84417dad6a45934cb,other-workspace,native_subagent,machine_index_complete,Original session identifiers and machine paths retained in local audit backup.
sha256:1c91aa54adb3047f76a5,other-workspace,native_subagent,machine_index_complete,Original session identifiers and machine paths retained in local audit backup.
sha256:78138eb3c9dbeb50d405,other-workspace,native_subagent,machine_index_complete,Original session identifiers and machine paths retained in local audit backup.
sha256:cae62a4090c366155127,other-workspace,native_subagent,machine_index_complete,Original session identifiers and machine paths retained in local audit backup.
sha256:dc7eb888932a32ababab,other-workspace,native_subagent,machine_index_complete,Original session identifiers and machine paths retained in local audit backup.
sha256:dff8bc76c3eeee7a502d,other-workspace,native_subagent,machine_index_complete,Original session identifiers and machine paths retained in local audit backup.
sha256:6bcef94c75e3707329c2,swf,top_level_not_necessarily_human,machine_index_complete,Original session identifiers and machine paths retained in local audit backup.
sha256:63a49aa20e239cc549df,swf,native_subagent,machine_index_complete,Original session identifiers and machine paths retained in local audit backup.
sha256:119676924bb96b64d18b,swf,native_subagent,machine_index_complete,Original session identifiers and machine paths retained in local audit backup.
sha256:be9ad890155c97024a17,other-workspace,top_level_not_necessarily_human,machine_index_complete,Original session identifiers and machine paths retained in local audit backup.
sha256:49a84164924beef0b702,swf,native_subagent,machine_index_complete,Original session identifiers and machine paths retained in local audit backup.
sha256:ff64442464aecb233fd4,swf,native_subagent,machine_index_complete,Original session identifiers and machine paths retained in local audit backup.
sha256:df0f1abe9725ea5bd584,swf,native_subagent,machine_index_complete,Original session identifiers and machine paths retained in local audit backup.
sha256:d0bb7065a4a1a4e29291,swf,top_level_not_necessarily_human,machine_index_complete,Original session identifiers and machine paths retained in local audit backup.
sha256:2533acf6e27a0cec7c82,swf,native_subagent,machine_index_complete,Original session identifiers and machine paths retained in local audit backup.
sha256:173c554596fe6d6affe1,swf,native_subagent,machine_index_complete,Original session identifiers and machine paths retained in local audit backup.
sha256:fbf46450681c1631def9,swf,native_subagent,machine_index_complete,Original session identifiers and machine paths retained in local audit backup.
sha256:bfc06a4c47ccc0f2489a,other-workspace,top_level_not_necessarily_human,machine_index_complete,Original session identifiers and machine paths retained in local audit backup.
sha256:be9d98f732f17a449267,other-workspace,top_level_not_necessarily_human,machine_index_complete,Original session identifiers and machine paths retained in local audit backup.
sha256:3dee7b1b39ebfa975999,other-workspace,top_level_not_necessarily_human,machine_index_complete,Original session identifiers and machine paths retained in local audit backup.
sha256:12e8c1450c94350d7845,swf,top_level_not_necessarily_human,machine_index_complete,Original session identifiers and machine paths retained in local audit backup.
sha256:b27bf2bc274106ead850,other-workspace,top_level_not_necessarily_human,machine_index_complete,Original session identifiers and machine paths retained in local audit backup.
sha256:315b0cd7df2303462dfe,other-workspace,top_level_not_necessarily_human,machine_index_complete,Original session identifiers and machine paths retained in local audit backup.
sha256:32f9e333f0b22b9ac613,other-workspace,top_level_not_necessarily_human,machine_index_complete,Original session identifiers and machine paths retained in local audit backup.
sha256:87dbcf423e80194d1e8b,swf,native_subagent,machine_index_complete,Original session identifiers and machine paths retained in local audit backup.
sha256:2a6136fb30448c28812c,swf,native_subagent,machine_index_complete,Original session identifiers and machine paths retained in local audit backup.
sha256:6fbca62d1e0b497fa325,swf,native_subagent,machine_index_complete,Original session identifiers and machine paths retained in local audit backup.
sha256:1d3fc5953a70a03220f1,swf,native_subagent,machine_index_complete,Original session identifiers and machine paths retained in local audit backup.
sha256:78bbaa94412517d1c307,swf,native_subagent,machine_index_complete,Original session identifiers and machine paths retained in local audit backup.
sha256:0a0ee9f7d5a16c82f564,swf,native_subagent,machine_index_complete,Original session identifiers and machine paths retained in local audit backup.
sha256:9c5b8a307442c276acba,other-workspace,native_subagent,machine_index_complete,Original session identifiers and machine paths retained in local audit backup.
sha256:9d19367d06417d87a1c1,other-workspace,native_subagent,machine_index_complete,Original session identifiers and machine paths retained in local audit backup.
sha256:50e65e852a1c4081c0e9,swf,top_level_not_necessarily_human,machine_index_complete,Original session identifiers and machine paths retained in local audit backup.
sha256:889c905558a981b1ba3c,swf,top_level_not_necessarily_human,machine_index_complete,Original session identifiers and machine paths retained in local audit backup.
sha256:f29dd8f7d7e2a8447a1d,swf,top_level_not_necessarily_human,machine_index_complete,Original session identifiers and machine paths retained in local audit backup.
sha256:ecfa0071bc1f9789aadc,swf,top_level_not_necessarily_human,machine_index_complete,Original session identifiers and machine paths retained in local audit backup.
sha256:d6ed660d1b41dba51696,swf,top_level_not_necessarily_human,machine_index_complete,Original session identifiers and machine paths retained in local audit backup.
sha256:c31973ede642f52f502c,swf,top_level_not_necessarily_human,machine_index_complete,Original session identifiers and machine paths retained in local audit backup.
sha256:f22aa753b20df98b32c2,swf,top_level_not_necessarily_human,machine_index_complete,Original session identifiers and machine paths retained in local audit backup.
sha256:2057ad85d9ddc1469843,swf,top_level_not_necessarily_human,machine_index_complete,Original session identifiers and machine paths retained in local audit backup.
sha256:20dc147da4568ae4a879,swf,top_level_not_necessarily_human,machine_index_complete,Original session identifiers and machine paths retained in local audit backup.
sha256:5395c765a4e04742467f,swf,top_level_not_necessarily_human,machine_index_complete,Original session identifiers and machine paths retained in local audit backup.
sha256:36e4412f59d135729a1d,swf,top_level_not_necessarily_human,machine_index_complete,Original session identifiers and machine paths retained in local audit backup.
sha256:e7094828608bd2a91b89,swf,top_level_not_necessarily_human,machine_index_complete,Original session identifiers and machine paths retained in local audit backup.
sha256:f56021a6817dea3b154f,swf,top_level_not_necessarily_human,machine_index_complete,Original session identifiers and machine paths retained in local audit backup.
sha256:7a3d92a0662dffaf3a5b,other-workspace,top_level_not_necessarily_human,machine_index_complete,Original session identifiers and machine paths retained in local audit backup.
sha256:9965a639074ef46611a5,other-workspace,native_subagent,machine_index_complete,Original session identifiers and machine paths retained in local audit backup.
sha256:2cd43a6efff685ffad76,other-workspace,native_subagent,machine_index_complete,Original session identifiers and machine paths retained in local audit backup.
sha256:8427ce4faf6326b492b7,other-workspace,native_subagent,machine_index_complete,Original session identifiers and machine paths retained in local audit backup.
sha256:a71280c85faae86fbc75,other-workspace,native_subagent,machine_index_complete,Original session identifiers and machine paths retained in local audit backup.
sha256:4c097a2fd465044a0811,other-workspace,native_subagent,machine_index_complete,Original session identifiers and machine paths retained in local audit backup.
sha256:aaf2270bea2a48b47ea9,swf,top_level_not_necessarily_human,machine_index_complete,Original session identifiers and machine paths retained in local audit backup.
sha256:359f3f782aca3bcc944a,swf,top_level_not_necessarily_human,machine_index_complete,Original session identifiers and machine paths retained in local audit backup.
sha256:760565d48b51b29650b1,other-workspace,top_level_not_necessarily_human,machine_index_complete,Original session identifiers and machine paths retained in local audit backup.
sha256:bd00789974a39e017fc1,swf,top_level_not_necessarily_human,machine_index_complete,Original session identifiers and machine paths retained in local audit backup.
sha256:d146f7cb993a9ea0b5fb,other-workspace,top_level_not_necessarily_human,machine_index_complete,Original session identifiers and machine paths retained in local audit backup.
sha256:4b57bf5a9e58b303f14b,other-workspace,top_level_not_necessarily_human,machine_index_complete,Original session identifiers and machine paths retained in local audit backup.
sha256:7a55934b90a3ca59c557,other-workspace,native_subagent,machine_index_complete,Original session identifiers and machine paths retained in local audit backup.
sha256:8f6bbeac45c621c23afc,other-workspace,top_level_not_necessarily_human,machine_index_complete,Original session identifiers and machine paths retained in local audit backup.
sha256:97c7bd31cb38f944c6b5,swf,top_level_not_necessarily_human,machine_index_complete,Original session identifiers and machine paths retained in local audit backup.
sha256:98cced197f8cc3338e83,swf,top_level_not_necessarily_human,machine_index_complete,Original session identifiers and machine paths retained in local audit backup.
sha256:5e6fdfd0a385de3e281d,swf,top_level_not_necessarily_human,machine_index_complete,Original session identifiers and machine paths retained in local audit backup.
sha256:2b819520d298da7756ff,swf,top_level_not_necessarily_human,machine_index_complete,Original session identifiers and machine paths retained in local audit backup.
sha256:89717a6efcb8137c27a2,swf,top_level_not_necessarily_human,machine_index_complete,Original session identifiers and machine paths retained in local audit backup.
sha256:126d87dd5968d7652051,swf,top_level_not_necessarily_human,machine_index_complete,Original session identifiers and machine paths retained in local audit backup.
sha256:c9ca1d99c4de5759dcde,swf,top_level_not_necessarily_human,machine_index_complete,Original session identifiers and machine paths retained in local audit backup.
sha256:7d57ee593f9e177ab407,other-workspace,top_level_not_necessarily_human,machine_index_complete,Original session identifiers and machine paths retained in local audit backup.
sha256:3a72d7a31e4a6050eecb,other-workspace,top_level_not_necessarily_human,machine_index_complete,Original session identifiers and machine paths retained in local audit backup.
sha256:02b7fb847131b0872148,other-workspace,top_level_not_necessarily_human,machine_index_complete,Original session identifiers and machine paths retained in local audit backup.
sha256:3adbafb7d7c1801efacb,other-workspace,native_subagent,machine_index_complete,Original session identifiers and machine paths retained in local audit backup.
sha256:46c257c30d29cf5fd3da,other-workspace,native_subagent,machine_index_complete,Original session identifiers and machine paths retained in local audit backup.
sha256:25cda23c0e9a452ebad9,other-workspace,native_subagent,machine_index_complete,Original session identifiers and machine paths retained in local audit backup.
sha256:7ade68a2c58c78e117e3,other-workspace,native_subagent,machine_index_complete,Original session identifiers and machine paths retained in local audit backup.
sha256:9b628a7a20f97ba78b23,other-workspace,native_subagent,machine_index_complete,Original session identifiers and machine paths retained in local audit backup.
sha256:36439f4870f6f5004650,other-workspace,top_level_not_necessarily_human,machine_index_complete,Original session identifiers and machine paths retained in local audit backup.
sha256:54191874c3d333fe442d,other-workspace,native_subagent,machine_index_complete,Original session identifiers and machine paths retained in local audit backup.
sha256:f58a1f09da13c8f95799,other-workspace,top_level_not_necessarily_human,machine_index_complete,Original session identifiers and machine paths retained in local audit backup.
sha256:79a4c7752c40fef81251,other-workspace,native_subagent,machine_index_complete,Original session identifiers and machine paths retained in local audit backup.
sha256:a228683254f37a8583f2,other-workspace,native_subagent,machine_index_complete,Original session identifiers and machine paths retained in local audit backup.
sha256:83a3a73f3758ad791258,other-workspace,native_subagent,machine_index_complete,Original session identifiers and machine paths retained in local audit backup.
sha256:93e526b757b0bb09d5aa,other-workspace,native_subagent,machine_index_complete,Original session identifiers and machine paths retained in local audit backup.
sha256:681b129db5cc830e8cb3,swf,top_level_not_necessarily_human,machine_index_complete,Original session identifiers and machine paths retained in local audit backup.
sha256:db2dc6782640c9ba3c07,swf,top_level_not_necessarily_human,machine_index_complete,Original session identifiers and machine paths retained in local audit backup.
sha256:3fd15b7f45507f5c7334,other-workspace,native_subagent,machine_index_complete,Original session identifiers and machine paths retained in local audit backup.
sha256:cd98ccaf2a70951b8b8d,swf,top_level_not_necessarily_human,machine_index_complete,Original session identifiers and machine paths retained in local audit backup.
sha256:fde3dc6ffee41916e5d9,swf,top_level_not_necessarily_human,machine_index_complete,Original session identifiers and machine paths retained in local audit backup.
sha256:1948c81e221299e8dee9,swf,top_level_not_necessarily_human,machine_index_complete,Original session identifiers and machine paths retained in local audit backup.
sha256:7fb7b06b717655bca0cc,swf,top_level_not_necessarily_human,machine_index_complete,Original session identifiers and machine paths retained in local audit backup.
sha256:3917b7aa0f4a001ac94c,other-workspace,native_subagent,machine_index_complete,Original session identifiers and machine paths retained in local audit backup.
sha256:f7f2338e0ba3f7a79ee5,other-workspace,native_subagent,machine_index_complete,Original session identifiers and machine paths retained in local audit backup.
sha256:e810274615428d8e31b7,other-workspace,native_subagent,machine_index_complete,Original session identifiers and machine paths retained in local audit backup.
sha256:138c9c73aa7691a51cec,other-workspace,native_subagent,machine_index_complete,Original session identifiers and machine paths retained in local audit backup.
sha256:43f34d16d02f2537b65d,other-workspace,native_subagent,machine_index_complete,Original session identifiers and machine paths retained in local audit backup.
sha256:b1d11b24bdf8c6964b51,other-workspace,native_subagent,machine_index_complete,Original session identifiers and machine paths retained in local audit backup.
sha256:23a44770a9de97d87eb5,other-workspace,native_subagent,machine_index_complete,Original session identifiers and machine paths retained in local audit backup.
sha256:5d56993defe8fea1c3de,other-workspace,native_subagent,machine_index_complete,Original session identifiers and machine paths retained in local audit backup.
sha256:03e8dbc9c6a7b37af6be,other-workspace,top_level_not_necessarily_human,machine_index_complete,Original session identifiers and machine paths retained in local audit backup.
sha256:ea1eea7b95643414112e,swf,top_level_not_necessarily_human,machine_index_complete,Original session identifiers and machine paths retained in local audit backup.
sha256:ecb3af3a178f605a7433,swf,top_level_not_necessarily_human,machine_index_complete,Original session identifiers and machine paths retained in local audit backup.
sha256:0ff7185faf79259a74f5,swf,native_subagent,machine_index_complete,Original session identifiers and machine paths retained in local audit backup.
sha256:5468aab175d4b135989d,swf,top_level_not_necessarily_human,machine_index_complete,Original session identifiers and machine paths retained in local audit backup.
sha256:d1e913d8446f1f5a78db,swf,top_level_not_necessarily_human,machine_index_complete,Original session identifiers and machine paths retained in local audit backup.
sha256:021e1b7015ebef77a4ae,swf,top_level_not_necessarily_human,machine_index_complete,Original session identifiers and machine paths retained in local audit backup.
sha256:dc3048915e2dd4f8cd7e,swf,top_level_not_necessarily_human,machine_index_complete,Original session identifiers and machine paths retained in local audit backup.
sha256:3bb75cb0e0f4b23322af,swf,top_level_not_necessarily_human,machine_index_complete,Original session identifiers and machine paths retained in local audit backup.
sha256:438b46bce65a01d9c76a,swf,top_level_not_necessarily_human,machine_index_complete,Original session identifiers and machine paths retained in local audit backup.
sha256:ea310ddf49317f4b68d6,swf,top_level_not_necessarily_human,machine_index_complete,Original session identifiers and machine paths retained in local audit backup.
sha256:37bed4dd464e6dd6e261,other-workspace,native_subagent,machine_index_complete,Original session identifiers and machine paths retained in local audit backup.
sha256:264ee8c2e6e7f9a0e10e,other-workspace,native_subagent,machine_index_complete,Original session identifiers and machine paths retained in local audit backup.
sha256:f0673c65182d12a5ef03,other-workspace,native_subagent,machine_index_complete,Original session identifiers and machine paths retained in local audit backup.
sha256:3559592d83b3df0e976d,other-workspace,native_subagent,machine_index_complete,Original session identifiers and machine paths retained in local audit backup.
sha256:e805d9e8ab557897f69e,other-workspace,native_subagent,machine_index_complete,Original session identifiers and machine paths retained in local audit backup.
sha256:8288a169f1fb7b6f2684,other-workspace,top_level_not_necessarily_human,machine_index_complete,Original session identifiers and machine paths retained in local audit backup.
sha256:29def317836f9403448c,other-workspace,native_subagent,machine_index_complete,Original session identifiers and machine paths retained in local audit backup.
sha256:147c625d5a39844511b9,other-workspace,native_subagent,machine_index_complete,Original session identifiers and machine paths retained in local audit backup.
sha256:1d327e78f48cfc55cf7e,other-workspace,top_level_not_necessarily_human,machine_index_complete,Original session identifiers and machine paths retained in local audit backup.
sha256:14c0f52c4b49b8c9a038,other-workspace,native_subagent,machine_index_complete,Original session identifiers and machine paths retained in local audit backup.
sha256:8a1c93bbdbf79bf8e255,other-workspace,top_level_not_necessarily_human,machine_index_complete,Original session identifiers and machine paths retained in local audit backup.
sha256:9d9ec360d0b41cb12708,other-workspace,native_subagent,machine_index_complete,Original session identifiers and machine paths retained in local audit backup.
sha256:a67738f2a3192ef08844,other-workspace,native_subagent,machine_index_complete,Original session identifiers and machine paths retained in local audit backup.
sha256:3cc24f4bc49bd2ae7000,other-workspace,native_subagent,machine_index_complete,Original session identifiers and machine paths retained in local audit backup.
sha256:0b3c693183c0b819868a,other-workspace,native_subagent,machine_index_complete,Original session identifiers and machine paths retained in local audit backup.
sha256:c08e7a844d5a30bd9e23,other-workspace,native_subagent,machine_index_complete,Original session identifiers and machine paths retained in local audit backup.
sha256:a4c9db1d975816d87b7d,other-workspace,native_subagent,machine_index_complete,Original session identifiers and machine paths retained in local audit backup.
sha256:0099d126c76fa661a49e,other-workspace,native_subagent,machine_index_complete,Original session identifiers and machine paths retained in local audit backup.
sha256:35338e49b35eb95a0298,other-workspace,native_subagent,machine_index_complete,Original session identifiers and machine paths retained in local audit backup.
sha256:8576b81fb90829994ead,other-workspace,native_subagent,machine_index_complete,Original session identifiers and machine paths retained in local audit backup.
sha256:190d643e12cac0fd14d2,other-workspace,native_subagent,machine_index_complete,Original session identifiers and machine paths retained in local audit backup.
sha256:1c6454fb0b48c1117f66,other-workspace,native_subagent,machine_index_complete,Original session identifiers and machine paths retained in local audit backup.
sha256:a4580098dffb84401df3,other-workspace,native_subagent,machine_index_complete,Original session identifiers and machine paths retained in local audit backup.
sha256:966f45541ab26f35d87c,other-workspace,native_subagent,machine_index_complete,Original session identifiers and machine paths retained in local audit backup.
sha256:e70c0c5316bc60ce8350,other-workspace,native_subagent,machine_index_complete,Original session identifiers and machine paths retained in local audit backup.
sha256:230f7a3f802a579383aa,other-workspace,native_subagent,machine_index_complete,Original session identifiers and machine paths retained in local audit backup.
sha256:077971098c5ba277e358,other-workspace,native_subagent,machine_index_complete,Original session identifiers and machine paths retained in local audit backup.
sha256:54b23ad10f173ea33789,other-workspace,native_subagent,machine_index_complete,Original session identifiers and machine paths retained in local audit backup.
sha256:6ccbe648639681899c73,other-workspace,native_subagent,machine_index_complete,Original session identifiers and machine paths retained in local audit backup.
sha256:79ca48ec4899738a7089,other-workspace,native_subagent,machine_index_complete,Original session identifiers and machine paths retained in local audit backup.
sha256:879badc0a13e29417b2e,other-workspace,native_subagent,machine_index_complete,Original session identifiers and machine paths retained in local audit backup.
sha256:5f8095e3cfc9c67699d7,other-workspace,native_subagent,machine_index_complete,Original session identifiers and machine paths retained in local audit backup.
sha256:6008902a66c1b03e6f0f,other-workspace,native_subagent,machine_index_complete,Original session identifiers and machine paths retained in local audit backup.
sha256:fa4ed1374b7589b82539,other-workspace,native_subagent,machine_index_complete,Original session identifiers and machine paths retained in local audit backup.
sha256:147384556125fe5dad99,other-workspace,native_subagent,machine_index_complete,Original session identifiers and machine paths retained in local audit backup.
sha256:548e24f6286c4d6ff9bf,other-workspace,native_subagent,machine_index_complete,Original session identifiers and machine paths retained in local audit backup.
sha256:225f2f7f92556d7e895f,other-workspace,native_subagent,machine_index_complete,Original session identifiers and machine paths retained in local audit backup.
sha256:de5afa467fbab0a7a7a3,other-workspace,native_subagent,machine_index_complete,Original session identifiers and machine paths retained in local audit backup.
sha256:435f962ea0a4b1826bac,other-workspace,native_subagent,machine_index_complete,Original session identifiers and machine paths retained in local audit backup.
sha256:440f567ebeb70efa8645,other-workspace,native_subagent,machine_index_complete,Original session identifiers and machine paths retained in local audit backup.
sha256:bb7e4b8e725b3faddc7f,other-workspace,native_subagent,machine_index_complete,Original session identifiers and machine paths retained in local audit backup.
sha256:5c7504f04ab4f776c297,other-workspace,native_subagent,machine_index_complete,Original session identifiers and machine paths retained in local audit backup.
sha256:df0b95139dbbed8a3c30,other-workspace,native_subagent,machine_index_complete,Original session identifiers and machine paths retained in local audit backup.
sha256:68b3e2c8750510e67a62,other-workspace,native_subagent,machine_index_complete,Original session identifiers and machine paths retained in local audit backup.
sha256:67db4e88bc0c7d7adbb7,other-workspace,native_subagent,machine_index_complete,Original session identifiers and machine paths retained in local audit backup.
sha256:ee3edba0d4cfa2e052a3,other-workspace,native_subagent,machine_index_complete,Original session identifiers and machine paths retained in local audit backup.
sha256:5a91b53726b7d4c0b3a8,other-workspace,native_subagent,machine_index_complete,Original session identifiers and machine paths retained in local audit backup.
sha256:f88a2eb4abc5babd7892,other-workspace,native_subagent,machine_index_complete,Original session identifiers and machine paths retained in local audit backup.
sha256:72eadfe26bed076b2a44,other-workspace,native_subagent,machine_index_complete,Original session identifiers and machine paths retained in local audit backup.
sha256:78153d32039c695d712c,other-workspace,native_subagent,machine_index_complete,Original session identifiers and machine paths retained in local audit backup.
sha256:15e859a5612f14bb1998,other-workspace,native_subagent,machine_index_complete,Original session identifiers and machine paths retained in local audit backup.
sha256:070ba45137aba92c5d9a,other-workspace,native_subagent,machine_index_complete,Original session identifiers and machine paths retained in local audit backup.
sha256:bdd3b9460b712b06e228,other-workspace,native_subagent,machine_index_complete,Original session identifiers and machine paths retained in local audit backup.
sha256:9e6a79ed56b8d4f0500a,other-workspace,native_subagent,machine_index_complete,Original session identifiers and machine paths retained in local audit backup.
sha256:b2e73b377b5f9c57be65,other-workspace,native_subagent,machine_index_complete,Original session identifiers and machine paths retained in local audit backup.
sha256:bef4635f34f54737eb3d,other-workspace,native_subagent,machine_index_complete,Original session identifiers and machine paths retained in local audit backup.
sha256:6d23a782df2b65127bc0,other-workspace,native_subagent,machine_index_complete,Original session identifiers and machine paths retained in local audit backup.
sha256:79798340d838508f98a0,other-workspace,native_subagent,machine_index_complete,Original session identifiers and machine paths retained in local audit backup.
sha256:22412f05853d4a6ec2e8,other-workspace,native_subagent,machine_index_complete,Original session identifiers and machine paths retained in local audit backup.
sha256:75600239a9c6022cd07a,other-workspace,native_subagent,machine_index_complete,Original session identifiers and machine paths retained in local audit backup.
sha256:038831afb720d7fbacc0,other-workspace,top_level_not_necessarily_human,machine_index_complete,Original session identifiers and machine paths retained in local audit backup.
sha256:e07212b2b46a6e9a46fb,other-workspace,top_level_not_necessarily_human,machine_index_complete,Original session identifiers and machine paths retained in local audit backup.
sha256:3b96fffb8b22f21314a5,swf,top_level_not_necessarily_human,machine_index_complete,Original session identifiers and machine paths retained in local audit backup.
sha256:35e99135631a520811c6,other-workspace,top_level_not_necessarily_human,machine_index_complete,Original session identifiers and machine paths retained in local audit backup.
sha256:48c09bd451883f595fb5,other-workspace,native_subagent,machine_index_complete,Original session identifiers and machine paths retained in local audit backup.
sha256:bed59d29755efa726408,other-workspace,native_subagent,machine_index_complete,Original session identifiers and machine paths retained in local audit backup.
sha256:668c4a0ff915187edc66,other-workspace,native_subagent,machine_index_complete,Original session identifiers and machine paths retained in local audit backup.
sha256:eac89149a3f5df0615a0,other-workspace,native_subagent,machine_index_complete,Original session identifiers and machine paths retained in local audit backup.
sha256:2af31724207a227a2bbb,other-workspace,native_subagent,machine_index_complete,Original session identifiers and machine paths retained in local audit backup.
sha256:d33569e7251aee4dde6b,other-workspace,native_subagent,machine_index_complete,Original session identifiers and machine paths retained in local audit backup.
sha256:a57a5d21252dd1a42cad,other-workspace,top_level_not_necessarily_human,machine_index_complete,Original session identifiers and machine paths retained in local audit backup.
sha256:e56555c3d8b85d7330a8,other-workspace,native_subagent,machine_index_complete,Original session identifiers and machine paths retained in local audit backup.
sha256:b23968ad660f3d9061d1,other-workspace,native_subagent,machine_index_complete,Original session identifiers and machine paths retained in local audit backup.
sha256:ead26c77ed8706ea8d64,other-workspace,top_level_not_necessarily_human,machine_index_complete,Original session identifiers and machine paths retained in local audit backup.
sha256:c11c11febf178b45f40d,other-workspace,native_subagent,machine_index_complete,Original session identifiers and machine paths retained in local audit backup.
sha256:4b6e460f8cef63ce9a93,other-workspace,native_subagent,machine_index_complete,Original session identifiers and machine paths retained in local audit backup.
sha256:33c05de52d0524190448,other-workspace,native_subagent,machine_index_complete,Original session identifiers and machine paths retained in local audit backup.
sha256:35a49abe58decd81d9d0,other-workspace,top_level_not_necessarily_human,machine_index_complete,Original session identifiers and machine paths retained in local audit backup.
sha256:c29976c6a62e377620fb,other-workspace,top_level_not_necessarily_human,machine_index_complete,Original session identifiers and machine paths retained in local audit backup.
sha256:75e94c1a0424de10f251,other-workspace,top_level_not_necessarily_human,machine_index_complete,Original session identifiers and machine paths retained in local audit backup.
sha256:9bea492937eecf26e526,other-workspace,top_level_not_necessarily_human,machine_index_complete,Original session identifiers and machine paths retained in local audit backup.
sha256:751b9d71585c40693d01,other-workspace,top_level_not_necessarily_human,machine_index_complete,Original session identifiers and machine paths retained in local audit backup.
sha256:832464e9bdb5290bba7b,other-workspace,top_level_not_necessarily_human,machine_index_complete,Original session identifiers and machine paths retained in local audit backup.
sha256:fd869733269eb744e5aa,other-workspace,native_subagent,machine_index_complete,Original session identifiers and machine paths retained in local audit backup.
sha256:884a7823277962ca0082,other-workspace,top_level_not_necessarily_human,machine_index_complete,Original session identifiers and machine paths retained in local audit backup.
sha256:a41ef26b26ac5e5f808e,other-workspace,native_subagent,machine_index_complete,Original session identifiers and machine paths retained in local audit backup.
sha256:ecd1665ace82e84f8db7,other-workspace,top_level_not_necessarily_human,machine_index_complete,Original session identifiers and machine paths retained in local audit backup.
sha256:c64cb8d047286b714838,other-workspace,top_level_not_necessarily_human,machine_index_complete,Original session identifiers and machine paths retained in local audit backup.
sha256:68228a5acac0b52dbabc,other-workspace,native_subagent,machine_index_complete,Original session identifiers and machine paths retained in local audit backup.
sha256:edcfcb7c9471d0865f40,other-workspace,top_level_not_necessarily_human,machine_index_complete,Original session identifiers and machine paths retained in local audit backup.
sha256:67911ecd76e2e099eb35,other-workspace,top_level_not_necessarily_human,machine_index_complete,Original session identifiers and machine paths retained in local audit backup.
sha256:6fd0b01a536e766874a1,other-workspace,native_subagent,machine_index_complete,Original session identifiers and machine paths retained in local audit backup.
sha256:6c4afa37ba8c3dd6c9b9,other-workspace,native_subagent,machine_index_complete,Original session identifiers and machine paths retained in local audit backup.
sha256:793fd521ee3d1d309f92,other-workspace,native_subagent,machine_index_complete,Original session identifiers and machine paths retained in local audit backup.
sha256:45a8fe2fe484114a991c,other-workspace,native_subagent,machine_index_complete,Original session identifiers and machine paths retained in local audit backup.
sha256:0855c0b927c58b489e50,other-workspace,native_subagent,machine_index_complete,Original session identifiers and machine paths retained in local audit backup.
sha256:ecfb1b03ff19fa3f59b0,other-workspace,top_level_not_necessarily_human,machine_index_complete,Original session identifiers and machine paths retained in local audit backup.
sha256:babc58960f30c0b676e6,other-workspace,native_subagent,machine_index_complete,Original session identifiers and machine paths retained in local audit backup.
sha256:e7b262a1c4efb5184224,other-workspace,top_level_not_necessarily_human,machine_index_complete,Original session identifiers and machine paths retained in local audit backup.
sha256:aa6dfb230a2fc2262e2d,other-workspace,native_subagent,machine_index_complete,Original session identifiers and machine paths retained in local audit backup.
sha256:71923b3d1026a00d6f65,other-workspace,native_subagent,machine_index_complete,Original session identifiers and machine paths retained in local audit backup.
sha256:bfd02799076103474bc1,other-workspace,native_subagent,machine_index_complete,Original session identifiers and machine paths retained in local audit backup.
sha256:97fa903fba6b1334969f,other-workspace,top_level_not_necessarily_human,machine_index_complete,Original session identifiers and machine paths retained in local audit backup.
sha256:1d298d93e75a95f3b2fd,other-workspace,native_subagent,machine_index_complete,Original session identifiers and machine paths retained in local audit backup.
sha256:ee1e3a1851aa4fa322ef,other-workspace,native_subagent,machine_index_complete,Original session identifiers and machine paths retained in local audit backup.
sha256:4131f83eaa340da1bb07,other-workspace,top_level_not_necessarily_human,machine_index_complete,Original session identifiers and machine paths retained in local audit backup.
sha256:384e0be0fda04ba63e29,other-workspace,top_level_not_necessarily_human,machine_index_complete,Original session identifiers and machine paths retained in local audit backup.
sha256:cac4ac8ed31034edc074,other-workspace,native_subagent,machine_index_complete,Original session identifiers and machine paths retained in local audit backup.
sha256:115b63ffeeb157d8df8b,other-workspace,native_subagent,machine_index_complete,Original session identifiers and machine paths retained in local audit backup.
sha256:7581c6ced6549d516f3b,other-workspace,native_subagent,machine_index_complete,Original session identifiers and machine paths retained in local audit backup.
sha256:52de4601d0574b3c229a,other-workspace,native_subagent,machine_index_complete,Original session identifiers and machine paths retained in local audit backup.
sha256:2be906d2fa15396d4acc,other-workspace,native_subagent,machine_index_complete,Original session identifiers and machine paths retained in local audit backup.
sha256:17c433c11404910bebc1,other-workspace,native_subagent,machine_index_complete,Original session identifiers and machine paths retained in local audit backup.
sha256:10289238b0db9a85f103,other-workspace,native_subagent,machine_index_complete,Original session identifiers and machine paths retained in local audit backup.
sha256:cadb5b70ef6f33f16d73,other-workspace,native_subagent,machine_index_complete,Original session identifiers and machine paths retained in local audit backup.
sha256:708a42c0dc8f826b5c00,other-workspace,native_subagent,machine_index_complete,Original session identifiers and machine paths retained in local audit backup.
sha256:6a7d8906734da5e6ff28,other-workspace,native_subagent,machine_index_complete,Original session identifiers and machine paths retained in local audit backup.
sha256:70d066d72c4f668ce301,other-workspace,native_subagent,machine_index_complete,Original session identifiers and machine paths retained in local audit backup.
sha256:54a2dea5d4fa4d65f284,other-workspace,native_subagent,machine_index_complete,Original session identifiers and machine paths retained in local audit backup.
sha256:004997950401350cb771,other-workspace,native_subagent,machine_index_complete,Original session identifiers and machine paths retained in local audit backup.
sha256:fdaf07a1c5a69b075dd9,other-workspace,native_subagent,machine_index_complete,Original session identifiers and machine paths retained in local audit backup.
sha256:4cfe72ff625c16b78488,other-workspace,native_subagent,machine_index_complete,Original session identifiers and machine paths retained in local audit backup.
sha256:3697cdba5925d9adfdb4,other-workspace,native_subagent,machine_index_complete,Original session identifiers and machine paths retained in local audit backup.
sha256:f0532430d3dde0a0be10,other-workspace,native_subagent,machine_index_complete,Original session identifiers and machine paths retained in local audit backup.
sha256:b34ddf98e4fbdb97917f,other-workspace,native_subagent,machine_index_complete,Original session identifiers and machine paths retained in local audit backup.
sha256:bff0c583e3f7bbc85437,other-workspace,native_subagent,machine_index_complete,Original session identifiers and machine paths retained in local audit backup.
sha256:4e5dad5118b967dc4a2a,other-workspace,native_subagent,machine_index_complete,Original session identifiers and machine paths retained in local audit backup.
sha256:c5cce28de0a10f014056,other-workspace,native_subagent,machine_index_complete,Original session identifiers and machine paths retained in local audit backup.
sha256:3f893dd4a42d8235ab85,other-workspace,native_subagent,machine_index_complete,Original session identifiers and machine paths retained in local audit backup.
sha256:c661f580b236cb08879a,other-workspace,native_subagent,machine_index_complete,Original session identifiers and machine paths retained in local audit backup.
sha256:f065ab55b32e8dac5fae,other-workspace,native_subagent,machine_index_complete,Original session identifiers and machine paths retained in local audit backup.
sha256:1e183a693abe742ed8a9,other-workspace,native_subagent,machine_index_complete,Original session identifiers and machine paths retained in local audit backup.
sha256:dc7779aa3de731b027ec,other-workspace,top_level_not_necessarily_human,machine_index_complete,Original session identifiers and machine paths retained in local audit backup.
sha256:30be87140dd3dcc14abf,other-workspace,top_level_not_necessarily_human,machine_index_complete,Original session identifiers and machine paths retained in local audit backup.
sha256:d33105b912c006c7162b,swf,native_subagent,machine_index_complete,Original session identifiers and machine paths retained in local audit backup.
sha256:9b31e1ce78dd91e6b0d9,swf,native_subagent,machine_index_complete,Original session identifiers and machine paths retained in local audit backup.
sha256:1c2e809bbb79384a1692,swf,native_subagent,machine_index_complete,Original session identifiers and machine paths retained in local audit backup.
sha256:b62aeb50fc65aaa379e1,other-workspace,top_level_not_necessarily_human,machine_index_complete,Original session identifiers and machine paths retained in local audit backup.
sha256:238429dcc90929f2f2a4,other-workspace,native_subagent,machine_index_complete,Original session identifiers and machine paths retained in local audit backup.
sha256:e73ffabb17d462bbd7a6,other-workspace,top_level_not_necessarily_human,machine_index_complete,Original session identifiers and machine paths retained in local audit backup.
sha256:5b5deca4a3eb0253321d,other-workspace,top_level_not_necessarily_human,machine_index_complete,Original session identifiers and machine paths retained in local audit backup.
sha256:75309deac8112286ad2b,other-workspace,top_level_not_necessarily_human,machine_index_complete,Original session identifiers and machine paths retained in local audit backup.
sha256:0c918484937a5a56c305,other-workspace,top_level_not_necessarily_human,machine_index_complete,Original session identifiers and machine paths retained in local audit backup.
sha256:1dfeb8e2216e5bf81a76,other-workspace,native_subagent,machine_index_complete,Original session identifiers and machine paths retained in local audit backup.
sha256:2391bd8528b91ecf2020,other-workspace,native_subagent,machine_index_complete,Original session identifiers and machine paths retained in local audit backup.
sha256:44c977d0d24286a0c444,swf,native_subagent,machine_index_complete,Original session identifiers and machine paths retained in local audit backup.
sha256:3f7790e8157aa8d8ee97,other-workspace,native_subagent,machine_index_complete,Original session identifiers and machine paths retained in local audit backup.
sha256:dd46a13be8bde9a21fd6,swf,native_subagent,machine_index_complete,Original session identifiers and machine paths retained in local audit backup.
sha256:629b88b039cafbe1ac21,other-workspace,native_subagent,machine_index_complete,Original session identifiers and machine paths retained in local audit backup.
sha256:5d0f127902413decb81b,swf,native_subagent,machine_index_complete,Original session identifiers and machine paths retained in local audit backup.
sha256:ccd46bd628f94f0699a6,other-workspace,native_subagent,machine_index_complete,Original session identifiers and machine paths retained in local audit backup.
sha256:c63ab42ebc789245f47b,other-workspace,top_level_not_necessarily_human,machine_index_complete,Original session identifiers and machine paths retained in local audit backup.
sha256:4cf16eedf83437360dc6,other-workspace,native_subagent,machine_index_complete,Original session identifiers and machine paths retained in local audit backup.
sha256:9bf20ed84875ecb293ea,other-workspace,native_subagent,machine_index_complete,Original session identifiers and machine paths retained in local audit backup.
sha256:f9e888b59ece270fe047,other-workspace,native_subagent,machine_index_complete,Original session identifiers and machine paths retained in local audit backup.
sha256:b075870675fa7271ae46,other-workspace,native_subagent,machine_index_complete,Original session identifiers and machine paths retained in local audit backup.
sha256:0f5db8b302bf2ce9ecf9,other-workspace,top_level_not_necessarily_human,machine_index_complete,Original session identifiers and machine paths retained in local audit backup.
sha256:f5f65f7e30f6d4133d30,other-workspace,native_subagent,machine_index_complete,Original session identifiers and machine paths retained in local audit backup.
sha256:a46d5bf92b02cf675c57,other-workspace,native_subagent,machine_index_complete,Original session identifiers and machine paths retained in local audit backup.
sha256:ffc1ce4e91d6bcb7375c,other-workspace,native_subagent,machine_index_complete,Original session identifiers and machine paths retained in local audit backup.
sha256:9ffba5443f19bf06adfb,other-workspace,top_level_not_necessarily_human,machine_index_complete,Original session identifiers and machine paths retained in local audit backup.
sha256:91d77c709abf9b288669,other-workspace,native_subagent,machine_index_complete,Original session identifiers and machine paths retained in local audit backup.
sha256:398859061cecc5923567,other-workspace,native_subagent,machine_index_complete,Original session identifiers and machine paths retained in local audit backup.
sha256:fa617bfeab05f620fb9b,other-workspace,native_subagent,machine_index_complete,Original session identifiers and machine paths retained in local audit backup.
sha256:379d2e2849f3c3637070,other-workspace,native_subagent,machine_index_complete,Original session identifiers and machine paths retained in local audit backup.
sha256:47579c4560e04f2b7a1f,other-workspace,native_subagent,machine_index_complete,Original session identifiers and machine paths retained in local audit backup.
sha256:84ab6e7802b7d145e076,other-workspace,native_subagent,machine_index_complete,Original session identifiers and machine paths retained in local audit backup.
sha256:37b618b748d38ba8db5c,other-workspace,native_subagent,machine_index_complete,Original session identifiers and machine paths retained in local audit backup.
sha256:322eb60ffcaab19236b0,other-workspace,native_subagent,machine_index_complete,Original session identifiers and machine paths retained in local audit backup.
sha256:85f6e2f1d377f9423458,other-workspace,native_subagent,machine_index_complete,Original session identifiers and machine paths retained in local audit backup.
sha256:45d2d6a7752ef388f6de,other-workspace,native_subagent,machine_index_complete,Original session identifiers and machine paths retained in local audit backup.
sha256:85fb7b9a440f1823e2e6,other-workspace,native_subagent,machine_index_complete,Original session identifiers and machine paths retained in local audit backup.
sha256:2b5acc2c30b29f5fc14f,other-workspace,native_subagent,machine_index_complete,Original session identifiers and machine paths retained in local audit backup.
sha256:8e5af3f249aa38286e81,other-workspace,native_subagent,machine_index_complete,Original session identifiers and machine paths retained in local audit backup.
sha256:ccf5512746d5c391301d,other-workspace,native_subagent,machine_index_complete,Original session identifiers and machine paths retained in local audit backup.
sha256:fe12d407be42c7af85d5,other-workspace,native_subagent,machine_index_complete,Original session identifiers and machine paths retained in local audit backup.
sha256:ef7f5b42ae6f8a08f9c2,other-workspace,native_subagent,machine_index_complete,Original session identifiers and machine paths retained in local audit backup.
sha256:00cf94bb06664ef7d82f,other-workspace,native_subagent,machine_index_complete,Original session identifiers and machine paths retained in local audit backup.
sha256:9e71e11c8b2809aace21,other-workspace,native_subagent,machine_index_complete,Original session identifiers and machine paths retained in local audit backup.
sha256:c5590924f9457a0be54b,other-workspace,native_subagent,machine_index_complete,Original session identifiers and machine paths retained in local audit backup.
sha256:308b60adff60f369be6e,other-workspace,native_subagent,machine_index_complete,Original session identifiers and machine paths retained in local audit backup.
sha256:cfc9d53a05bb82603c42,other-workspace,native_subagent,machine_index_complete,Original session identifiers and machine paths retained in local audit backup.
sha256:010fb0a3eee898a13204,other-workspace,native_subagent,machine_index_complete,Original session identifiers and machine paths retained in local audit backup.
sha256:4d07aabb487e325dd82a,other-workspace,native_subagent,machine_index_complete,Original session identifiers and machine paths retained in local audit backup.
sha256:4e9d5f66950544038556,other-workspace,native_subagent,machine_index_complete,Original session identifiers and machine paths retained in local audit backup.
sha256:1f456c58490b58b2e69e,other-workspace,native_subagent,machine_index_complete,Original session identifiers and machine paths retained in local audit backup.
sha256:1419519333d08b250f59,other-workspace,native_subagent,machine_index_complete,Original session identifiers and machine paths retained in local audit backup.
sha256:e3c21f422e6ce2cc9427,other-workspace,native_subagent,machine_index_complete,Original session identifiers and machine paths retained in local audit backup.
sha256:d5e9ec1f7ada2d15785b,other-workspace,native_subagent,machine_index_complete,Original session identifiers and machine paths retained in local audit backup.
sha256:ff9c8c20f3fa332fa6f7,other-workspace,native_subagent,machine_index_complete,Original session identifiers and machine paths retained in local audit backup.
sha256:41ecdeffbc0276395df3,other-workspace,native_subagent,machine_index_complete,Original session identifiers and machine paths retained in local audit backup.
sha256:dbc982d1000f802f9755,other-workspace,native_subagent,machine_index_complete,Original session identifiers and machine paths retained in local audit backup.
sha256:b064dfe71116fbc347ac,other-workspace,native_subagent,machine_index_complete,Original session identifiers and machine paths retained in local audit backup.
sha256:19da1009c49a32d3b48f,other-workspace,native_subagent,machine_index_complete,Original session identifiers and machine paths retained in local audit backup.
sha256:33f2b7f7de505cff449a,other-workspace,native_subagent,machine_index_complete,Original session identifiers and machine paths retained in local audit backup.
sha256:0e361c03a43601ac68cd,other-workspace,native_subagent,machine_index_complete,Original session identifiers and machine paths retained in local audit backup.
sha256:7a6e8ba0c882ce8acfb7,other-workspace,native_subagent,machine_index_complete,Original session identifiers and machine paths retained in local audit backup.
sha256:643482e622f4419e09a6,other-workspace,native_subagent,machine_index_complete,Original session identifiers and machine paths retained in local audit backup.
sha256:4bf3549bc3888d75fb35,other-workspace,native_subagent,machine_index_complete,Original session identifiers and machine paths retained in local audit backup.
sha256:a863f20d49949ab7df18,other-workspace,native_subagent,machine_index_complete,Original session identifiers and machine paths retained in local audit backup.
sha256:96983c2284f7fc016d6a,other-workspace,native_subagent,machine_index_complete,Original session identifiers and machine paths retained in local audit backup.
sha256:31bafed51392023738ce,other-workspace,native_subagent,machine_index_complete,Original session identifiers and machine paths retained in local audit backup.
sha256:f00be40a6fea3ff17308,other-workspace,native_subagent,machine_index_complete,Original session identifiers and machine paths retained in local audit backup.
sha256:8fc2209b0fc6efe86338,other-workspace,native_subagent,machine_index_complete,Original session identifiers and machine paths retained in local audit backup.
sha256:67ee8bb41dbce411e7ca,other-workspace,native_subagent,machine_index_complete,Original session identifiers and machine paths retained in local audit backup.
sha256:0b5aeb8d6a3262961a33,other-workspace,native_subagent,machine_index_complete,Original session identifiers and machine paths retained in local audit backup.
sha256:6347261e42c98b9ab9a2,other-workspace,native_subagent,machine_index_complete,Original session identifiers and machine paths retained in local audit backup.
sha256:adaa42acc38fa251853d,other-workspace,native_subagent,machine_index_complete,Original session identifiers and machine paths retained in local audit backup.
sha256:69982aa1b4cdd549b608,other-workspace,native_subagent,machine_index_complete,Original session identifiers and machine paths retained in local audit backup.
sha256:213dcc3b0976851d73d8,other-workspace,native_subagent,machine_index_complete,Original session identifiers and machine paths retained in local audit backup.
sha256:6a65c803b1ffb684424f,other-workspace,native_subagent,machine_index_complete,Original session identifiers and machine paths retained in local audit backup.
sha256:0d8d451dc3aa31aa71c6,other-workspace,native_subagent,machine_index_complete,Original session identifiers and machine paths retained in local audit backup.
sha256:b62eac46485db50ca108,other-workspace,native_subagent,machine_index_complete,Original session identifiers and machine paths retained in local audit backup.
sha256:4cbb80771a03fad858ba,other-workspace,native_subagent,machine_index_complete,Original session identifiers and machine paths retained in local audit backup.
sha256:10d20cbda385dc7a13c8,other-workspace,native_subagent,machine_index_complete,Original session identifiers and machine paths retained in local audit backup.
sha256:b4c71e926a3d0c63cd9b,other-workspace,native_subagent,machine_index_complete,Original session identifiers and machine paths retained in local audit backup.
sha256:f3fe4f93d099b43ee16e,other-workspace,native_subagent,machine_index_complete,Original session identifiers and machine paths retained in local audit backup.
sha256:0d09c9f2f87b563a43e6,other-workspace,native_subagent,machine_index_complete,Original session identifiers and machine paths retained in local audit backup.
sha256:f8d1b4b9b6484f1bee4f,other-workspace,native_subagent,machine_index_complete,Original session identifiers and machine paths retained in local audit backup.
sha256:0d5b9a734750c4d292ea,other-workspace,native_subagent,machine_index_complete,Original session identifiers and machine paths retained in local audit backup.
sha256:0b45fc8d4456ba4dd33a,other-workspace,native_subagent,machine_index_complete,Original session identifiers and machine paths retained in local audit backup.
sha256:7f820f53cd76b5c5642e,other-workspace,native_subagent,machine_index_complete,Original session identifiers and machine paths retained in local audit backup.
sha256:36982ed46fbf40937c78,other-workspace,native_subagent,machine_index_complete,Original session identifiers and machine paths retained in local audit backup.
sha256:9fc36e428dd5717598a9,other-workspace,native_subagent,machine_index_complete,Original session identifiers and machine paths retained in local audit backup.
sha256:2db9681e6dae5b81a0e6,other-workspace,native_subagent,machine_index_complete,Original session identifiers and machine paths retained in local audit backup.
sha256:5ebc7eb178280d499e47,other-workspace,native_subagent,machine_index_complete,Original session identifiers and machine paths retained in local audit backup.
sha256:9ba1a712a43f045ecd94,other-workspace,native_subagent,machine_index_complete,Original session identifiers and machine paths retained in local audit backup.
sha256:4c7d3c55998ed2f42691,other-workspace,native_subagent,machine_index_complete,Original session identifiers and machine paths retained in local audit backup.
sha256:38a965121fc48cac1a04,other-workspace,native_subagent,machine_index_complete,Original session identifiers and machine paths retained in local audit backup.
sha256:4611a40aed4525f770e5,other-workspace,native_subagent,machine_index_complete,Original session identifiers and machine paths retained in local audit backup.
sha256:2a1e769e749f1d9cbb5a,other-workspace,native_subagent,machine_index_complete,Original session identifiers and machine paths retained in local audit backup.
sha256:38edf227e644444e9971,other-workspace,native_subagent,machine_index_complete,Original session identifiers and machine paths retained in local audit backup.
sha256:c334424fcd192b43d6c1,other-workspace,native_subagent,machine_index_complete,Original session identifiers and machine paths retained in local audit backup.
sha256:f7d301d4ac440b4d5b2a,other-workspace,native_subagent,machine_index_complete,Original session identifiers and machine paths retained in local audit backup.
sha256:9ee4c50624165cec17ad,other-workspace,native_subagent,machine_index_complete,Original session identifiers and machine paths retained in local audit backup.
sha256:a07a40ed4344c254fa3b,other-workspace,native_subagent,machine_index_complete,Original session identifiers and machine paths retained in local audit backup.
sha256:2bfd6f49537ac69e1815,other-workspace,native_subagent,machine_index_complete,Original session identifiers and machine paths retained in local audit backup.
sha256:b928d83f95be2c22663b,other-workspace,native_subagent,machine_index_complete,Original session identifiers and machine paths retained in local audit backup.
sha256:2562379886519efcbe1f,other-workspace,native_subagent,machine_index_complete,Original session identifiers and machine paths retained in local audit backup.
sha256:e1d17e7cf61a7f40ad53,other-workspace,native_subagent,machine_index_complete,Original session identifiers and machine paths retained in local audit backup.
sha256:f1ca2757bc2c17734b95,other-workspace,native_subagent,machine_index_complete,Original session identifiers and machine paths retained in local audit backup.
sha256:6d158d614df56c83ef80,other-workspace,native_subagent,machine_index_complete,Original session identifiers and machine paths retained in local audit backup.
sha256:6db25abf646b7a3b7bac,other-workspace,native_subagent,machine_index_complete,Original session identifiers and machine paths retained in local audit backup.
sha256:cb9caa7399e6c6b8312e,other-workspace,native_subagent,machine_index_complete,Original session identifiers and machine paths retained in local audit backup.
sha256:52db13e6e6ed4d07a10e,other-workspace,native_subagent,machine_index_complete,Original session identifiers and machine paths retained in local audit backup.
sha256:f77f137cc750576e7ba1,other-workspace,native_subagent,machine_index_complete,Original session identifiers and machine paths retained in local audit backup.
sha256:3252b0e175ed54e6acd1,other-workspace,native_subagent,machine_index_complete,Original session identifiers and machine paths retained in local audit backup.
sha256:0069aa55c259b661e437,other-workspace,native_subagent,machine_index_complete,Original session identifiers and machine paths retained in local audit backup.
sha256:789a5a073bd6c8ed353d,other-workspace,native_subagent,machine_index_complete,Original session identifiers and machine paths retained in local audit backup.
sha256:ae3d1629258760783d0b,other-workspace,native_subagent,machine_index_complete,Original session identifiers and machine paths retained in local audit backup.
sha256:e341f628a06dda4d2951,other-workspace,native_subagent,machine_index_complete,Original session identifiers and machine paths retained in local audit backup.
sha256:db7457e6b13229c8e906,other-workspace,native_subagent,machine_index_complete,Original session identifiers and machine paths retained in local audit backup.
sha256:7d0400b78d40b134c9f4,other-workspace,native_subagent,machine_index_complete,Original session identifiers and machine paths retained in local audit backup.
sha256:a5ca90212c0d4881990b,other-workspace,native_subagent,machine_index_complete,Original session identifiers and machine paths retained in local audit backup.
sha256:1b7b811c96c80de0f2d0,other-workspace,native_subagent,machine_index_complete,Original session identifiers and machine paths retained in local audit backup.
sha256:b90e98c965e1f229a89f,other-workspace,native_subagent,machine_index_complete,Original session identifiers and machine paths retained in local audit backup.
sha256:0688f8603f67c3f798b5,other-workspace,native_subagent,machine_index_complete,Original session identifiers and machine paths retained in local audit backup.
sha256:dbfc56d28f3669d45933,other-workspace,native_subagent,machine_index_complete,Original session identifiers and machine paths retained in local audit backup.
sha256:8e12a21d86a7897e62e3,other-workspace,native_subagent,machine_index_complete,Original session identifiers and machine paths retained in local audit backup.
sha256:d4aa18968c17acbcc9e7,other-workspace,native_subagent,machine_index_complete,Original session identifiers and machine paths retained in local audit backup.
sha256:5de01afa238fdaa70a58,other-workspace,native_subagent,machine_index_complete,Original session identifiers and machine paths retained in local audit backup.
sha256:f5bb166108ffd6dc28a2,other-workspace,native_subagent,machine_index_complete,Original session identifiers and machine paths retained in local audit backup.
sha256:7884a0493671a90752c0,other-workspace,native_subagent,machine_index_complete,Original session identifiers and machine paths retained in local audit backup.
sha256:860ccc02ce0b880386d9,other-workspace,native_subagent,machine_index_complete,Original session identifiers and machine paths retained in local audit backup.
sha256:c2d977a5449d99c3087c,other-workspace,native_subagent,machine_index_complete,Original session identifiers and machine paths retained in local audit backup.
sha256:653f9b44375ec709150b,other-workspace,native_subagent,machine_index_complete,Original session identifiers and machine paths retained in local audit backup.
sha256:79faf4cc1e8322cd51f9,other-workspace,native_subagent,machine_index_complete,Original session identifiers and machine paths retained in local audit backup.
sha256:572df00069b3191cbdc3,other-workspace,native_subagent,machine_index_complete,Original session identifiers and machine paths retained in local audit backup.
sha256:5339baf6c94cb722d231,other-workspace,native_subagent,machine_index_complete,Original session identifiers and machine paths retained in local audit backup.
sha256:dcff7134f52c4625dbc1,other-workspace,native_subagent,machine_index_complete,Original session identifiers and machine paths retained in local audit backup.
sha256:1a242f6bd49842faf537,other-workspace,native_subagent,machine_index_complete,Original session identifiers and machine paths retained in local audit backup.
sha256:0e7de4044c7c1b71f7f6,other-workspace,native_subagent,machine_index_complete,Original session identifiers and machine paths retained in local audit backup.
sha256:251fff1fead8ff08ef61,other-workspace,native_subagent,machine_index_complete,Original session identifiers and machine paths retained in local audit backup.
sha256:b8ad299a455c3a851eaf,other-workspace,native_subagent,machine_index_complete,Original session identifiers and machine paths retained in local audit backup.
sha256:12fa500f08a641721a5a,other-workspace,native_subagent,machine_index_complete,Original session identifiers and machine paths retained in local audit backup.
sha256:6be9b99096dde9126efe,other-workspace,native_subagent,machine_index_complete,Original session identifiers and machine paths retained in local audit backup.
sha256:72ca140847915fb6600f,other-workspace,native_subagent,machine_index_complete,Original session identifiers and machine paths retained in local audit backup.
sha256:20043917dbb0dd7271f5,other-workspace,native_subagent,machine_index_complete,Original session identifiers and machine paths retained in local audit backup.
sha256:807bf31141d1125d59c0,other-workspace,top_level_not_necessarily_human,machine_index_complete,Original session identifiers and machine paths retained in local audit backup.
sha256:c3613f15cf58f4eff043,swf,top_level_not_necessarily_human,machine_index_complete,Original session identifiers and machine paths retained in local audit backup.
sha256:8717d787011d4bd79d2c,other-workspace,native_subagent,machine_index_complete,Original session identifiers and machine paths retained in local audit backup.
sha256:adb88921de8ab1fac1eb,other-workspace,native_subagent,machine_index_complete,Original session identifiers and machine paths retained in local audit backup.
sha256:7f9e9a8bcbca743bc35b,other-workspace,top_level_not_necessarily_human,machine_index_complete,Original session identifiers and machine paths retained in local audit backup.
sha256:d97ef739ee35b5f5db56,other-workspace,native_subagent,machine_index_complete,Original session identifiers and machine paths retained in local audit backup.
sha256:bdabd6d14b8bd8439c14,other-workspace,native_subagent,machine_index_complete,Original session identifiers and machine paths retained in local audit backup.
sha256:78b69e9b3c528e922795,other-workspace,native_subagent,machine_index_complete,Original session identifiers and machine paths retained in local audit backup.
sha256:0f2083d2fd5da44216d2,other-workspace,native_subagent,machine_index_complete,Original session identifiers and machine paths retained in local audit backup.
sha256:37612b823f29682f4184,other-workspace,top_level_not_necessarily_human,machine_index_complete,Original session identifiers and machine paths retained in local audit backup.
sha256:d9370a2fc520a7a56be4,other-workspace,native_subagent,machine_index_complete,Original session identifiers and machine paths retained in local audit backup.
sha256:8c6f4ee8b1b4325f68b6,other-workspace,native_subagent,machine_index_complete,Original session identifiers and machine paths retained in local audit backup.
sha256:ed4871e8267c1abbb5af,swf,top_level_not_necessarily_human,machine_index_complete,Original session identifiers and machine paths retained in local audit backup.
sha256:9744bf20d08bd5410d0e,swf,top_level_not_necessarily_human,machine_index_complete,Original session identifiers and machine paths retained in local audit backup.
sha256:f5f51fb2e1ad34db7ac1,swf,top_level_not_necessarily_human,machine_index_complete,Original session identifiers and machine paths retained in local audit backup.
sha256:69bf742787cd526df9da,other-workspace,native_subagent,machine_index_complete,Original session identifiers and machine paths retained in local audit backup.
sha256:a25ddd0f57f5a7aa1210,other-workspace,native_subagent,machine_index_complete,Original session identifiers and machine paths retained in local audit backup.
sha256:b9580d227528d2d19ee3,swf,top_level_not_necessarily_human,machine_index_complete,Original session identifiers and machine paths retained in local audit backup.
sha256:2ad14aceec728f503085,other-workspace,native_subagent,machine_index_complete,Original session identifiers and machine paths retained in local audit backup.
sha256:d1325c8c2bab02b21933,other-workspace,native_subagent,machine_index_complete,Original session identifiers and machine paths retained in local audit backup.
sha256:5fc0dc72261a4112a466,other-workspace,native_subagent,machine_index_complete,Original session identifiers and machine paths retained in local audit backup.
sha256:c5444317a8160fe51133,other-workspace,native_subagent,machine_index_complete,Original session identifiers and machine paths retained in local audit backup.
sha256:9b19cc3ca5bf2d937887,other-workspace,top_level_not_necessarily_human,machine_index_complete,Original session identifiers and machine paths retained in local audit backup.
sha256:92861e7ea8e06f1d3dd7,other-workspace,top_level_not_necessarily_human,machine_index_complete,Original session identifiers and machine paths retained in local audit backup.
sha256:67e0188f60585a001757,other-workspace,top_level_not_necessarily_human,machine_index_complete,Original session identifiers and machine paths retained in local audit backup.
sha256:82dd5e81b2f5e37b9a46,other-workspace,native_subagent,machine_index_complete,Original session identifiers and machine paths retained in local audit backup.
sha256:f07c1d4305e9b7dab8bd,other-workspace,native_subagent,machine_index_complete,Original session identifiers and machine paths retained in local audit backup.
sha256:577dace0c8b3db9b1d21,other-workspace,native_subagent,machine_index_complete,Original session identifiers and machine paths retained in local audit backup.
sha256:bd673626afb773777ea3,other-workspace,native_subagent,machine_index_complete,Original session identifiers and machine paths retained in local audit backup.
sha256:cfee9ff1ec894088b1a0,other-workspace,native_subagent,machine_index_complete,Original session identifiers and machine paths retained in local audit backup.
sha256:abb82a98be27879740c8,other-workspace,native_subagent,machine_index_complete,Original session identifiers and machine paths retained in local audit backup.
sha256:60aaf379fe219139c9d7,other-workspace,native_subagent,machine_index_complete,Original session identifiers and machine paths retained in local audit backup.
sha256:47aa4e877ed97571e56c,other-workspace,native_subagent,machine_index_complete,Original session identifiers and machine paths retained in local audit backup.
sha256:9db2577b3831d7a2792f,other-workspace,native_subagent,machine_index_complete,Original session identifiers and machine paths retained in local audit backup.
sha256:c02f8806f6df9b68602c,other-workspace,top_level_not_necessarily_human,machine_index_complete,Original session identifiers and machine paths retained in local audit backup.
sha256:55c57dc889e79d40d8d4,swf,native_subagent,machine_index_complete,Original session identifiers and machine paths retained in local audit backup.
sha256:3137c61d2c511fbefae8,swf,native_subagent,machine_index_complete,Original session identifiers and machine paths retained in local audit backup.
sha256:395b1b202f697815ca21,other-workspace,native_subagent,machine_index_complete,Original session identifiers and machine paths retained in local audit backup.
sha256:a5a2c78c7d911140ef4d,other-workspace,native_subagent,machine_index_complete,Original session identifiers and machine paths retained in local audit backup.
sha256:2d5c3d56601d8881b900,other-workspace,top_level_not_necessarily_human,machine_index_complete,Original session identifiers and machine paths retained in local audit backup.
sha256:fdd3c5d6af5d269e9aaa,swf,top_level_not_necessarily_human,machine_index_complete,Original session identifiers and machine paths retained in local audit backup.
sha256:1c010bd6aaad97117a2a,swf,top_level_not_necessarily_human,machine_index_complete,Original session identifiers and machine paths retained in local audit backup.
sha256:efe2c7676858135f85b7,other-workspace,native_subagent,machine_index_complete,Original session identifiers and machine paths retained in local audit backup.
sha256:6ffde4587fe11f7b87fe,other-workspace,native_subagent,machine_index_complete,Original session identifiers and machine paths retained in local audit backup.
sha256:026e3d1ccc9446305178,other-workspace,native_subagent,machine_index_complete,Original session identifiers and machine paths retained in local audit backup.
sha256:07972e2bd95320129757,other-workspace,native_subagent,machine_index_complete,Original session identifiers and machine paths retained in local audit backup.
sha256:d8fb20f311f8e774062e,other-workspace,native_subagent,machine_index_complete,Original session identifiers and machine paths retained in local audit backup.
sha256:87e57bb3f93605951c74,other-workspace,native_subagent,machine_index_complete,Original session identifiers and machine paths retained in local audit backup.
sha256:ff05b32a6ed1ed8143d5,other-workspace,native_subagent,machine_index_complete,Original session identifiers and machine paths retained in local audit backup.
sha256:6be4e9a348b292d36c59,other-workspace,native_subagent,machine_index_complete,Original session identifiers and machine paths retained in local audit backup.
sha256:1c8d2776ade9434ab483,other-workspace,native_subagent,machine_index_complete,Original session identifiers and machine paths retained in local audit backup.
sha256:2fed3622085f4a85b62c,other-workspace,native_subagent,machine_index_complete,Original session identifiers and machine paths retained in local audit backup.
sha256:c16900e869ddbd8022e7,other-workspace,native_subagent,machine_index_complete,Original session identifiers and machine paths retained in local audit backup.
sha256:17d05ed494cf484a9229,other-workspace,native_subagent,machine_index_complete,Original session identifiers and machine paths retained in local audit backup.
sha256:0b6cff4cae20e14f86ea,other-workspace,top_level_not_necessarily_human,machine_index_complete,Original session identifiers and machine paths retained in local audit backup.
sha256:3e7be100048eb141e659,other-workspace,top_level_not_necessarily_human,machine_index_complete,Original session identifiers and machine paths retained in local audit backup.
sha256:991b58c9a61d016d90d4,other-workspace,native_subagent,machine_index_complete,Original session identifiers and machine paths retained in local audit backup.
sha256:ecf65f501f795123e663,other-workspace,native_subagent,machine_index_complete,Original session identifiers and machine paths retained in local audit backup.
sha256:2c44bc10ae9be695b77f,other-workspace,native_subagent,machine_index_complete,Original session identifiers and machine paths retained in local audit backup.
sha256:ea8b19dcb2018ab299bf,other-workspace,native_subagent,machine_index_complete,Original session identifiers and machine paths retained in local audit backup.
sha256:86c0b56d9c00de200508,other-workspace,native_subagent,machine_index_complete,Original session identifiers and machine paths retained in local audit backup.
sha256:736fd1863f0c5f63cc74,other-workspace,native_subagent,machine_index_complete,Original session identifiers and machine paths retained in local audit backup.
sha256:81238b280bc51737d9b4,other-workspace,native_subagent,machine_index_complete,Original session identifiers and machine paths retained in local audit backup.
sha256:01d08cb89caee004c389,other-workspace,native_subagent,machine_index_complete,Original session identifiers and machine paths retained in local audit backup.
sha256:43c071cded22da8a9966,other-workspace,native_subagent,machine_index_complete,Original session identifiers and machine paths retained in local audit backup.
sha256:4bc157887746766d7900,other-workspace,native_subagent,machine_index_complete,Original session identifiers and machine paths retained in local audit backup.
sha256:d6968d38d6b69546a55c,other-workspace,native_subagent,machine_index_complete,Original session identifiers and machine paths retained in local audit backup.
sha256:c2b972632c3fe6b7d5be,other-workspace,native_subagent,machine_index_complete,Original session identifiers and machine paths retained in local audit backup.
sha256:c790cec1600f74b11505,other-workspace,native_subagent,machine_index_complete,Original session identifiers and machine paths retained in local audit backup.
sha256:8ffb5d02a96f3acf036f,other-workspace,top_level_not_necessarily_human,machine_index_complete,Original session identifiers and machine paths retained in local audit backup.
sha256:7de0627fac6b0183b884,other-workspace,native_subagent,machine_index_complete,Original session identifiers and machine paths retained in local audit backup.
sha256:857e470bca39883696b7,other-workspace,native_subagent,machine_index_complete,Original session identifiers and machine paths retained in local audit backup.
sha256:2bbb58179668f693cff1,other-workspace,top_level_not_necessarily_human,machine_index_complete,Original session identifiers and machine paths retained in local audit backup.
sha256:62cc79920b3587689823,other-workspace,native_subagent,machine_index_complete,Original session identifiers and machine paths retained in local audit backup.
sha256:8e231de326b98429404f,other-workspace,native_subagent,machine_index_complete,Original session identifiers and machine paths retained in local audit backup.
sha256:4036669e58ec9ae272af,other-workspace,native_subagent,machine_index_complete,Original session identifiers and machine paths retained in local audit backup.
sha256:76e6fa88fc4320d1650e,other-workspace,top_level_not_necessarily_human,machine_index_complete,Original session identifiers and machine paths retained in local audit backup.
sha256:bd9d16f6fcc6a70e9332,other-workspace,top_level_not_necessarily_human,machine_index_complete,Original session identifiers and machine paths retained in local audit backup.
sha256:7be707f1eb4a704c70e1,other-workspace,top_level_not_necessarily_human,machine_index_complete,Original session identifiers and machine paths retained in local audit backup.
sha256:90b31350dd5194dac070,other-workspace,native_subagent,machine_index_complete,Original session identifiers and machine paths retained in local audit backup.
sha256:a5c8d6acb3c338a81974,other-workspace,native_subagent,machine_index_complete,Original session identifiers and machine paths retained in local audit backup.
sha256:99eb5f1f0872fc572c9c,other-workspace,native_subagent,machine_index_complete,Original session identifiers and machine paths retained in local audit backup.
sha256:982469bdb10234bbfbd3,other-workspace,native_subagent,machine_index_complete,Original session identifiers and machine paths retained in local audit backup.
sha256:f841d071c38b5c77c18c,other-workspace,native_subagent,machine_index_complete,Original session identifiers and machine paths retained in local audit backup.
sha256:38b04c71e151fb12a8cc,other-workspace,native_subagent,machine_index_complete,Original session identifiers and machine paths retained in local audit backup.
sha256:52655fb9426e75d4d1f3,other-workspace,native_subagent,machine_index_complete,Original session identifiers and machine paths retained in local audit backup.
sha256:908ab5ab89a6d1f255b5,other-workspace,native_subagent,machine_index_complete,Original session identifiers and machine paths retained in local audit backup.
sha256:b4731865dfdcb43fce6c,other-workspace,native_subagent,machine_index_complete,Original session identifiers and machine paths retained in local audit backup.
sha256:2f82fc503aaf4c5366bc,other-workspace,native_subagent,machine_index_complete,Original session identifiers and machine paths retained in local audit backup.
sha256:604ae081dd52f3a3d39a,other-workspace,native_subagent,machine_index_complete,Original session identifiers and machine paths retained in local audit backup.
sha256:529eb62d2c61b8a5e66c,other-workspace,native_subagent,machine_index_complete,Original session identifiers and machine paths retained in local audit backup.
sha256:9ce555bfd1474c39cd19,other-workspace,native_subagent,machine_index_complete,Original session identifiers and machine paths retained in local audit backup.
sha256:363df3c92834b04364f9,other-workspace,native_subagent,machine_index_complete,Original session identifiers and machine paths retained in local audit backup.
sha256:092aa1b1e47af1ed70e1,other-workspace,top_level_not_necessarily_human,machine_index_complete,Original session identifiers and machine paths retained in local audit backup.
sha256:d3d011b260a3dbad0337,other-workspace,native_subagent,machine_index_complete,Original session identifiers and machine paths retained in local audit backup.
sha256:b6dc3b6a2ff6ef98461b,other-workspace,native_subagent,machine_index_complete,Original session identifiers and machine paths retained in local audit backup.
sha256:3f796d7f7cfe32918c30,other-workspace,native_subagent,machine_index_complete,Original session identifiers and machine paths retained in local audit backup.
sha256:ca55fe643ea5d0a8a607,other-workspace,native_subagent,machine_index_complete,Original session identifiers and machine paths retained in local audit backup.
sha256:976bbeec5eda4f51dcc9,other-workspace,native_subagent,machine_index_complete,Original session identifiers and machine paths retained in local audit backup.
sha256:fcaae22eb85440e5a6de,other-workspace,native_subagent,machine_index_complete,Original session identifiers and machine paths retained in local audit backup.
sha256:289844906c34ab45bcef,other-workspace,native_subagent,machine_index_complete,Original session identifiers and machine paths retained in local audit backup.
sha256:664007d113bbec44f0df,swf,top_level_not_necessarily_human,machine_index_complete,Original session identifiers and machine paths retained in local audit backup.
sha256:ac2c3e2338d65c652317,swf,top_level_not_necessarily_human,machine_index_complete,Original session identifiers and machine paths retained in local audit backup.
sha256:861061a9cc707a870502,other-workspace,native_subagent,machine_index_complete,Original session identifiers and machine paths retained in local audit backup.
sha256:690a2367dd450021c87a,other-workspace,top_level_not_necessarily_human,machine_index_complete,Original session identifiers and machine paths retained in local audit backup.
sha256:79a850c805858c1f7ef5,swf,top_level_not_necessarily_human,machine_index_complete,Original session identifiers and machine paths retained in local audit backup.
sha256:f273ce3b64ab0e92e6a6,swf,top_level_not_necessarily_human,machine_index_complete,Original session identifiers and machine paths retained in local audit backup.
sha256:795a40a96aec4917039b,swf,native_subagent,machine_index_complete,Original session identifiers and machine paths retained in local audit backup.
sha256:c3572ff8211faacb6f01,swf,native_subagent,machine_index_complete,Original session identifiers and machine paths retained in local audit backup.
sha256:5051df9f4b358e150161,swf,native_subagent,machine_index_complete,Original session identifiers and machine paths retained in local audit backup.
sha256:fcf8c18a04207c61287c,swf,native_subagent,machine_index_complete,Original session identifiers and machine paths retained in local audit backup.
sha256:2e0beb330f09a6e79fba,swf,native_subagent,machine_index_complete,Original session identifiers and machine paths retained in local audit backup.
sha256:4a9b92c2b8c9c404de17,swf,native_subagent,machine_index_complete,Original session identifiers and machine paths retained in local audit backup.
sha256:64db0086c37ed420622e,other-workspace,top_level_not_necessarily_human,machine_index_complete,Original session identifiers and machine paths retained in local audit backup.
sha256:08bf402440902d0f8a0b,swf,native_subagent,machine_index_complete,Original session identifiers and machine paths retained in local audit backup.
sha256:a7ae0af2b2635807ccc1,swf,native_subagent,machine_index_complete,Original session identifiers and machine paths retained in local audit backup.
sha256:06bbd5aaa4296168bb6c,swf,top_level_not_necessarily_human,machine_index_complete,Original session identifiers and machine paths retained in local audit backup.
sha256:b07f3364e5bdcfdc031d,swf,native_subagent,machine_index_complete,Original session identifiers and machine paths retained in local audit backup.
sha256:9c2c20e9a5454f207bc6,swf,native_subagent,machine_index_complete,Original session identifiers and machine paths retained in local audit backup.
sha256:ee4258568f48c5d4fd86,swf,top_level_not_necessarily_human,machine_index_complete,Original session identifiers and machine paths retained in local audit backup.
sha256:2fab5552daf0633e972b,swf,top_level_not_necessarily_human,machine_index_complete,Original session identifiers and machine paths retained in local audit backup.
sha256:b99c8b0fde87edf86dca,swf,top_level_not_necessarily_human,machine_index_complete,Original session identifiers and machine paths retained in local audit backup.
sha256:2e0ee2b5ad2b6b0a9447,swf,top_level_not_necessarily_human,machine_index_complete,Original session identifiers and machine paths retained in local audit backup.
sha256:e696117cce8b492adc7f,swf,top_level_not_necessarily_human,machine_index_complete,Original session identifiers and machine paths retained in local audit backup.
sha256:a2323fa2577362a42524,swf,native_subagent,machine_index_complete,Original session identifiers and machine paths retained in local audit backup.
sha256:4569b01eed2f14b40895,swf,top_level_not_necessarily_human,machine_index_complete,Original session identifiers and machine paths retained in local audit backup.
sha256:ca5d9f84e4578fa34973,swf,top_level_not_necessarily_human,machine_index_complete,Original session identifiers and machine paths retained in local audit backup.
sha256:85de7149718d1aa97b63,swf,native_subagent,machine_index_complete,Original session identifiers and machine paths retained in local audit backup.
sha256:2bd50cfb881770e6a866,swf,top_level_not_necessarily_human,machine_index_complete,Original session identifiers and machine paths retained in local audit backup.
sha256:b647607cb12832cbca09,swf,top_level_not_necessarily_human,machine_index_complete,Original session identifiers and machine paths retained in local audit backup.
sha256:d233bef21decde04a123,swf,native_subagent,machine_index_complete,Original session identifiers and machine paths retained in local audit backup.
sha256:1c540263722c0f4dc9bc,swf,top_level_not_necessarily_human,machine_index_complete,Original session identifiers and machine paths retained in local audit backup.
sha256:026f9c281fd0ec1c4af4,swf,native_subagent,machine_index_complete,Original session identifiers and machine paths retained in local audit backup.
sha256:305aab2c5f6c8a5330b4,swf,top_level_not_necessarily_human,machine_index_complete,Original session identifiers and machine paths retained in local audit backup.
sha256:af398da87a46a8d3cc8b,swf,top_level_not_necessarily_human,machine_index_complete,Original session identifiers and machine paths retained in local audit backup.
sha256:7051caa11e5ed74c5c8e,swf,top_level_not_necessarily_human,machine_index_complete,Original session identifiers and machine paths retained in local audit backup.
sha256:99b1afae7e5f24d66c24,swf,native_subagent,machine_index_complete,Original session identifiers and machine paths retained in local audit backup.
sha256:f7d6a61677024a7e4a1a,other-workspace,top_level_not_necessarily_human,machine_index_complete,Original session identifiers and machine paths retained in local audit backup.
sha256:c6dd3cd9898c526ef5ac,other-workspace,top_level_not_necessarily_human,machine_index_complete,Original session identifiers and machine paths retained in local audit backup.
sha256:76103cc622d76588f7e2,swf,native_subagent,machine_index_complete,Original session identifiers and machine paths retained in local audit backup.
sha256:336196c0761f9ecb079e,other-workspace,top_level_not_necessarily_human,machine_index_complete,Original session identifiers and machine paths retained in local audit backup.
sha256:6e448138d290e0756cd6,other-workspace,top_level_not_necessarily_human,machine_index_complete,Original session identifiers and machine paths retained in local audit backup.
sha256:47f1f74dfb8ceffdb89b,other-workspace,top_level_not_necessarily_human,machine_index_complete,Original session identifiers and machine paths retained in local audit backup.
sha256:10fdc491a61dec1b5af6,other-workspace,top_level_not_necessarily_human,machine_index_complete,Original session identifiers and machine paths retained in local audit backup.
sha256:538c1a495370ab19c0ce,swf,top_level_not_necessarily_human,machine_index_complete,Original session identifiers and machine paths retained in local audit backup.
sha256:a9866c23f1de0ffe327c,swf,native_subagent,machine_index_complete,Original session identifiers and machine paths retained in local audit backup.
sha256:147b699095658f272ec4,swf,top_level_not_necessarily_human,machine_index_complete,Original session identifiers and machine paths retained in local audit backup.
sha256:5e9e10725a7e7e3f15ab,swf,top_level_not_necessarily_human,machine_index_complete,Original session identifiers and machine paths retained in local audit backup.
sha256:b467bdc1fe338af4dc82,swf,top_level_not_necessarily_human,machine_index_complete,Original session identifiers and machine paths retained in local audit backup.
sha256:c8b4bb521279917870bf,swf,top_level_not_necessarily_human,machine_index_complete,Original session identifiers and machine paths retained in local audit backup.
sha256:a07516b0f01c08754ba0,swf,top_level_not_necessarily_human,machine_index_complete,Original session identifiers and machine paths retained in local audit backup.
sha256:0dcc883aacd328efd9de,swf,top_level_not_necessarily_human,machine_index_complete,Original session identifiers and machine paths retained in local audit backup.
sha256:3ad4cc6e80a40995eb25,swf,native_subagent,machine_index_complete,Original session identifiers and machine paths retained in local audit backup.
sha256:dbe7d1a5a5a52e5aa417,swf,native_subagent,machine_index_complete,Original session identifiers and machine paths retained in local audit backup.
sha256:cb298027f06c00b6dce5,swf,native_subagent,machine_index_complete,Original session identifiers and machine paths retained in local audit backup.
sha256:00e6cc539a978a18c95b,swf,native_subagent,machine_index_complete,Original session identifiers and machine paths retained in local audit backup.
sha256:9c1852efeb3fd778507f,swf,native_subagent,machine_index_complete,Original session identifiers and machine paths retained in local audit backup.
sha256:08e3c4d9350da3ae84e6,swf,native_subagent,machine_index_complete,Original session identifiers and machine paths retained in local audit backup.
sha256:bf325c1fc80f4a6d5f2a,swf,native_subagent,machine_index_complete,Original session identifiers and machine paths retained in local audit backup.
sha256:f4460c062175d9203695,swf,native_subagent,machine_index_complete,Original session identifiers and machine paths retained in local audit backup.
sha256:4fe90c345cd55f021de7,swf,native_subagent,machine_index_complete,Original session identifiers and machine paths retained in local audit backup.
sha256:b3a146e5438ac6436991,swf,native_subagent,machine_index_complete,Original session identifiers and machine paths retained in local audit backup.
sha256:c68308aeb9e1931bbadf,swf,native_subagent,machine_index_complete,Original session identifiers and machine paths retained in local audit backup.
sha256:cf638f36d23975802482,swf,native_subagent,machine_index_complete,Original session identifiers and machine paths retained in local audit backup.
sha256:1df8caadd54529ea347a,swf,native_subagent,machine_index_complete,Original session identifiers and machine paths retained in local audit backup.
sha256:0f02a72062a1101f4bb4,swf,native_subagent,machine_index_complete,Original session identifiers and machine paths retained in local audit backup.
sha256:77409a3c7485e932c390,swf,native_subagent,machine_index_complete,Original session identifiers and machine paths retained in local audit backup.
sha256:1a101cfe04156b6021c4,swf,native_subagent,machine_index_complete,Original session identifiers and machine paths retained in local audit backup.
sha256:f118216cbea4c29b32f9,swf,native_subagent,machine_index_complete,Original session identifiers and machine paths retained in local audit backup.
sha256:2bc79625613dc970f770,swf,native_subagent,machine_index_complete,Original session identifiers and machine paths retained in local audit backup.
sha256:a5f691550d39ca1c917e,swf,native_subagent,machine_index_complete,Original session identifiers and machine paths retained in local audit backup.
sha256:96d50a5c441a6eb7b75a,swf,native_subagent,machine_index_complete,Original session identifiers and machine paths retained in local audit backup.
sha256:20c6760904fea66e2eaa,swf,native_subagent,machine_index_complete,Original session identifiers and machine paths retained in local audit backup.
sha256:20da208ae8973433dbe0,swf,native_subagent,machine_index_complete,Original session identifiers and machine paths retained in local audit backup.
sha256:8b5c7c5a272148e95087,other-workspace,top_level_not_necessarily_human,machine_index_complete,Original session identifiers and machine paths retained in local audit backup.
sha256:1d0c91d28ba5de92e1c3,other-workspace,native_subagent,machine_index_complete,Original session identifiers and machine paths retained in local audit backup.
sha256:d9e9bfdc4962296edd35,swf,native_subagent,machine_index_complete,Original session identifiers and machine paths retained in local audit backup.
sha256:aa7dac5699289aa9730e,swf,native_subagent,machine_index_complete,Original session identifiers and machine paths retained in local audit backup.
sha256:72f0e674f473a9d0ac05,swf,top_level_not_necessarily_human,machine_index_complete,Original session identifiers and machine paths retained in local audit backup.
sha256:96fb38021bf18842cd2d,swf,native_subagent,machine_index_complete,Original session identifiers and machine paths retained in local audit backup.
sha256:93e76d11b382edc787c4,swf,native_subagent,machine_index_complete,Original session identifiers and machine paths retained in local audit backup.
sha256:4003f58f27d82a217fc9,swf,native_subagent,machine_index_complete,Original session identifiers and machine paths retained in local audit backup.
sha256:dfdf6a262a2037a1953e,swf,native_subagent,machine_index_complete,Original session identifiers and machine paths retained in local audit backup.
sha256:84de4a5014d05cdbad18,swf,native_subagent,machine_index_complete,Original session identifiers and machine paths retained in local audit backup.
sha256:96cdd28b597883103877,swf,native_subagent,machine_index_complete,Original session identifiers and machine paths retained in local audit backup.
sha256:4a2f38805fcd5a10d5c7,swf,native_subagent,machine_index_complete,Original session identifiers and machine paths retained in local audit backup.
sha256:ffe4a7cd2a437758b9c8,other-workspace,top_level_not_necessarily_human,machine_index_complete,Original session identifiers and machine paths retained in local audit backup.
sha256:c815e36c6804f30e4c2d,other-workspace,native_subagent,machine_index_complete,Original session identifiers and machine paths retained in local audit backup.
sha256:8b3c542c1182ccd55385,swf,native_subagent,machine_index_complete,Original session identifiers and machine paths retained in local audit backup.
sha256:bbbd622d7e8d3b535e3a,swf,native_subagent,machine_index_complete,Original session identifiers and machine paths retained in local audit backup.
sha256:43d099cecdf3c77207dc,swf,native_subagent,machine_index_complete,Original session identifiers and machine paths retained in local audit backup.
sha256:6905ec189c8dbc28ee91,swf,native_subagent,machine_index_complete,Original session identifiers and machine paths retained in local audit backup.
sha256:a19c4b4b571883f79d6f,swf,native_subagent,machine_index_complete,Original session identifiers and machine paths retained in local audit backup.
sha256:07481a1dce0464194816,swf,native_subagent,machine_index_complete,Original session identifiers and machine paths retained in local audit backup.
sha256:8aee516b8597e6c684e1,swf,native_subagent,machine_index_complete,Original session identifiers and machine paths retained in local audit backup.
sha256:4ce24dc4f3a26012d5e1,swf,native_subagent,machine_index_complete,Original session identifiers and machine paths retained in local audit backup.
sha256:fbd5046c9cf95a5aef35,swf,native_subagent,machine_index_complete,Original session identifiers and machine paths retained in local audit backup.
sha256:ca64d6578ff9be4faee8,swf,native_subagent,machine_index_complete,Original session identifiers and machine paths retained in local audit backup.
sha256:c966dc8bdc0034a80494,swf,native_subagent,machine_index_complete,Original session identifiers and machine paths retained in local audit backup.
sha256:bce77a19d5334ce2d0ff,swf,native_subagent,machine_index_complete,Original session identifiers and machine paths retained in local audit backup.
sha256:9bee8e7b149f4afd1ab2,swf,native_subagent,machine_index_complete,Original session identifiers and machine paths retained in local audit backup.
sha256:4dd19bb8765cd63c3157,swf,native_subagent,machine_index_complete,Original session identifiers and machine paths retained in local audit backup.
sha256:e768b34cdea943bbb4f3,swf,native_subagent,machine_index_complete,Original session identifiers and machine paths retained in local audit backup.
sha256:b26b1f43d12d80b092ae,swf,native_subagent,machine_index_complete,Original session identifiers and machine paths retained in local audit backup.
sha256:4b90433dc219e19ba2e9,swf,native_subagent,machine_index_complete,Original session identifiers and machine paths retained in local audit backup.
sha256:9ffcb80f731410e41a2e,swf,native_subagent,machine_index_complete,Original session identifiers and machine paths retained in local audit backup.
sha256:496bdf7e73a2c77a6d7c,swf,native_subagent,machine_index_complete,Original session identifiers and machine paths retained in local audit backup.
sha256:536c9e845892efef0750,swf,native_subagent,machine_index_complete,Original session identifiers and machine paths retained in local audit backup.
sha256:c5cd6b4cd6b91ed57212,swf,native_subagent,machine_index_complete,Original session identifiers and machine paths retained in local audit backup.
sha256:46d4dc08555fa18097d3,swf,native_subagent,machine_index_complete,Original session identifiers and machine paths retained in local audit backup.
sha256:48949990898335810d38,swf,native_subagent,machine_index_complete,Original session identifiers and machine paths retained in local audit backup.
sha256:60f931d234b21bab66c5,swf,native_subagent,machine_index_complete,Original session identifiers and machine paths retained in local audit backup.
sha256:9a78931d552c94c89d01,other-workspace,top_level_not_necessarily_human,machine_index_complete,Original session identifiers and machine paths retained in local audit backup.
sha256:829d17e60a2676cedaeb,swf,native_subagent,machine_index_complete,Original session identifiers and machine paths retained in local audit backup.
sha256:070792178bb2b31f0f44,swf,native_subagent,machine_index_complete,Original session identifiers and machine paths retained in local audit backup.
sha256:c42cf7919577d1b35d73,swf,native_subagent,machine_index_complete,Original session identifiers and machine paths retained in local audit backup.
sha256:4ee14bec74c0513126da,swf,native_subagent,machine_index_complete,Original session identifiers and machine paths retained in local audit backup.
sha256:02ceac2e5a4950df2abf,swf,native_subagent,machine_index_complete,Original session identifiers and machine paths retained in local audit backup.
sha256:8982ef1a27924a2bed36,swf,native_subagent,machine_index_complete,Original session identifiers and machine paths retained in local audit backup.
sha256:9f16309150cc680e83c9,swf,native_subagent,machine_index_complete,Original session identifiers and machine paths retained in local audit backup.
sha256:9c2f23a7d2478c951952,swf,native_subagent,machine_index_complete,Original session identifiers and machine paths retained in local audit backup.
sha256:bea575768e4ea0244b2b,swf,native_subagent,machine_index_complete,Original session identifiers and machine paths retained in local audit backup.
sha256:87193562aef7b73851ce,swf,native_subagent,machine_index_complete,Original session identifiers and machine paths retained in local audit backup.
sha256:0ee83f38e4f4fe2101dd,swf,native_subagent,machine_index_complete,Original session identifiers and machine paths retained in local audit backup.
sha256:b96d3ebf4065ade2ac3c,other-workspace,native_subagent,machine_index_complete,Original session identifiers and machine paths retained in local audit backup.
sha256:264eca601ca7069e220f,swf,native_subagent,machine_index_complete,Original session identifiers and machine paths retained in local audit backup.
sha256:3b7a7653148a38315f8a,swf,native_subagent,machine_index_complete,Original session identifiers and machine paths retained in local audit backup.
sha256:ee248cdca66dceb2c7b3,swf,native_subagent,machine_index_complete,Original session identifiers and machine paths retained in local audit backup.
sha256:6d2308c2c59bcc96b3b8,swf,native_subagent,machine_index_complete,Original session identifiers and machine paths retained in local audit backup.
sha256:9faee9332b7ecb680d0e,swf,native_subagent,machine_index_complete,Original session identifiers and machine paths retained in local audit backup.
sha256:de152230df31a2ab3da5,swf,native_subagent,machine_index_complete,Original session identifiers and machine paths retained in local audit backup.
sha256:c93aee84f65e309d40dd,swf,native_subagent,machine_index_complete,Original session identifiers and machine paths retained in local audit backup.
sha256:610c96cb48ff1c934fbc,swf,native_subagent,machine_index_complete,Original session identifiers and machine paths retained in local audit backup.
sha256:06313bc2021fa524e420,swf,native_subagent,machine_index_complete,Original session identifiers and machine paths retained in local audit backup.
sha256:7248c8bae44e888e873f,swf,native_subagent,machine_index_complete,Original session identifiers and machine paths retained in local audit backup.
sha256:7c45bdb5bb7baeeae5c6,swf,native_subagent,machine_index_complete,Original session identifiers and machine paths retained in local audit backup.
sha256:50b6a22bb43839c37b8d,swf,native_subagent,machine_index_complete,Original session identifiers and machine paths retained in local audit backup.
sha256:6cdb40461b3f80d6c2a9,swf,native_subagent,machine_index_complete,Original session identifiers and machine paths retained in local audit backup.
sha256:90640373493a466c909c,swf,native_subagent,machine_index_complete,Original session identifiers and machine paths retained in local audit backup.
sha256:7349bc7b0941572f5f96,swf,native_subagent,machine_index_complete,Original session identifiers and machine paths retained in local audit backup.
sha256:b8b1af6c0a8efe8f066e,swf,native_subagent,machine_index_complete,Original session identifiers and machine paths retained in local audit backup.
sha256:619afe33d1ca9e0b2ace,swf,native_subagent,machine_index_complete,Original session identifiers and machine paths retained in local audit backup.
sha256:c28b5ea765ee995ab97a,swf,native_subagent,machine_index_complete,Original session identifiers and machine paths retained in local audit backup.
sha256:ddcde5ed4f6cf0a96e76,swf,native_subagent,machine_index_complete,Original session identifiers and machine paths retained in local audit backup.
sha256:449625b6bb7c8113a9a5,swf,native_subagent,machine_index_complete,Original session identifiers and machine paths retained in local audit backup.
sha256:6f9188016fec2e81c3a6,swf,native_subagent,machine_index_complete,Original session identifiers and machine paths retained in local audit backup.
sha256:dad5b6bb1fa344515d52,swf,native_subagent,machine_index_complete,Original session identifiers and machine paths retained in local audit backup.
sha256:76fad815fb23a9ec030b,swf,native_subagent,machine_index_complete,Original session identifiers and machine paths retained in local audit backup.
sha256:796b682eb6610e2496df,swf,native_subagent,machine_index_complete,Original session identifiers and machine paths retained in local audit backup.
sha256:609e9be5a6b4bdbd4e5a,swf,native_subagent,machine_index_complete,Original session identifiers and machine paths retained in local audit backup.
sha256:cc7a1db3f49d8166a091,swf,native_subagent,machine_index_complete,Original session identifiers and machine paths retained in local audit backup.
sha256:a4d61ef45853c75e6b7c,swf,native_subagent,machine_index_complete,Original session identifiers and machine paths retained in local audit backup.
sha256:9b3e95b0fe79c3513d4d,swf,native_subagent,machine_index_complete,Original session identifiers and machine paths retained in local audit backup.
sha256:8a7ee030b84556f3af57,swf,native_subagent,machine_index_complete,Original session identifiers and machine paths retained in local audit backup.
sha256:cd18c14bd29b3aed8ead,swf,native_subagent,machine_index_complete,Original session identifiers and machine paths retained in local audit backup.
sha256:7f60872195f99b9576d6,swf,native_subagent,machine_index_complete,Original session identifiers and machine paths retained in local audit backup.
sha256:952dc6e37c538f19c863,swf,native_subagent,machine_index_complete,Original session identifiers and machine paths retained in local audit backup.
sha256:0fe3aa897400f8c12b58,swf,native_subagent,machine_index_complete,Original session identifiers and machine paths retained in local audit backup.
sha256:3aa2bbad9b8908e0929e,swf,native_subagent,machine_index_complete,Original session identifiers and machine paths retained in local audit backup.
sha256:98785ef5773862408d66,other-workspace,top_level_not_necessarily_human,machine_index_complete,Original session identifiers and machine paths retained in local audit backup.
sha256:d888186b0e6f44770a9c,swf,native_subagent,machine_index_complete,Original session identifiers and machine paths retained in local audit backup.
sha256:c5bba449ff149eb5eddb,swf,native_subagent,machine_index_complete,Original session identifiers and machine paths retained in local audit backup.
sha256:0df68020bfc269d0162a,other-workspace,top_level_not_necessarily_human,machine_index_complete,Original session identifiers and machine paths retained in local audit backup.
sha256:f31c598921f18fc6c443,swf,native_subagent,machine_index_complete,Original session identifiers and machine paths retained in local audit backup.
sha256:115d5476781c83d6063f,swf,native_subagent,machine_index_complete,Original session identifiers and machine paths retained in local audit backup.
sha256:93f0f3de79bf1f544741,swf,native_subagent,machine_index_complete,Original session identifiers and machine paths retained in local audit backup.
sha256:6d19799d4b0fc2364ac6,swf,native_subagent,machine_index_complete,Original session identifiers and machine paths retained in local audit backup.
sha256:a1a580f0ef6ded7ec115,other-workspace,top_level_not_necessarily_human,machine_index_complete,Original session identifiers and machine paths retained in local audit backup.
sha256:425d10a998af36d77e3f,swf,native_subagent,machine_index_complete,Original session identifiers and machine paths retained in local audit backup.
sha256:b2f0d22af689d449538f,swf,native_subagent,machine_index_complete,Original session identifiers and machine paths retained in local audit backup.
sha256:669261a94012c2787aea,swf,native_subagent,machine_index_complete,Original session identifiers and machine paths retained in local audit backup.
sha256:a1be55efe4a982701215,swf,native_subagent,machine_index_complete,Original session identifiers and machine paths retained in local audit backup.
sha256:fd1d2a61837bfa0e989b,swf,native_subagent,machine_index_complete,Original session identifiers and machine paths retained in local audit backup.
sha256:d68b21586613af94bd0a,swf,native_subagent,machine_index_complete,Original session identifiers and machine paths retained in local audit backup.
sha256:183ba5a13dd5def5b8ea,swf,native_subagent,machine_index_complete,Original session identifiers and machine paths retained in local audit backup.
sha256:b3c4bbd6b76c56068161,swf,native_subagent,machine_index_complete,Original session identifiers and machine paths retained in local audit backup.
sha256:8e61f36c15cceeaa89f5,swf,native_subagent,machine_index_complete,Original session identifiers and machine paths retained in local audit backup.
sha256:a19b452c2b62a373bd95,swf,native_subagent,machine_index_complete,Original session identifiers and machine paths retained in local audit backup.
sha256:ff016c6754dfb84532d1,swf,native_subagent,machine_index_complete,Original session identifiers and machine paths retained in local audit backup.
sha256:c46ceab1b6761496293c,swf,native_subagent,machine_index_complete,Original session identifiers and machine paths retained in local audit backup.
sha256:bf9bb0195d0c1843e161,swf,native_subagent,machine_index_complete,Original session identifiers and machine paths retained in local audit backup.
sha256:0aaddf73e1709b6268e3,swf,native_subagent,machine_index_complete,Original session identifiers and machine paths retained in local audit backup.
sha256:a79de06b921257c3dbc1,other-workspace,top_level_not_necessarily_human,machine_index_complete,Original session identifiers and machine paths retained in local audit backup.
sha256:15c9adfdea805ab54266,other-workspace,top_level_not_necessarily_human,machine_index_complete,Original session identifiers and machine paths retained in local audit backup.
sha256:6ab41526c1202519c0ad,other-workspace,top_level_not_necessarily_human,machine_index_complete,Original session identifiers and machine paths retained in local audit backup.
sha256:8b7ae30925a2cfd01ca1,swf,top_level_not_necessarily_human,machine_index_complete,Original session identifiers and machine paths retained in local audit backup.
sha256:bff23ae848b2d289c3e2,swf,top_level_not_necessarily_human,machine_index_complete,Original session identifiers and machine paths retained in local audit backup.
sha256:563956f7945c5b63d708,other-workspace,top_level_not_necessarily_human,machine_index_complete,Original session identifiers and machine paths retained in local audit backup.
sha256:bc5e7e8151468eceb069,swf,top_level_not_necessarily_human,machine_index_complete,Original session identifiers and machine paths retained in local audit backup.
sha256:0ac210acb1d3f04a2cc4,other-workspace,top_level_not_necessarily_human,machine_index_complete,Original session identifiers and machine paths retained in local audit backup.
sha256:413a50c8cbdac8aa4c6f,other-workspace,top_level_not_necessarily_human,machine_index_complete,Original session identifiers and machine paths retained in local audit backup.
sha256:d26522bfb979448b494f,other-workspace,top_level_not_necessarily_human,machine_index_complete,Original session identifiers and machine paths retained in local audit backup.
sha256:6628cee521ef8c96f01c,swf,top_level_not_necessarily_human,machine_index_complete,Original session identifiers and machine paths retained in local audit backup.
sha256:e0cd7f901e43eeebaaf3,other-workspace,top_level_not_necessarily_human,machine_index_complete,Original session identifiers and machine paths retained in local audit backup.
sha256:f663dbd834f1099c6ab8,other-workspace,native_subagent,machine_index_complete,Original session identifiers and machine paths retained in local audit backup.
sha256:ef29bb20e23da833924a,other-workspace,top_level_not_necessarily_human,machine_index_complete,Original session identifiers and machine paths retained in local audit backup.
sha256:6fb26ff7cc604529e4aa,other-workspace,top_level_not_necessarily_human,machine_index_complete,Original session identifiers and machine paths retained in local audit backup.
sha256:63d86fdfe2fba6c40278,other-workspace,top_level_not_necessarily_human,machine_index_complete,Original session identifiers and machine paths retained in local audit backup.
sha256:290d22119eabab402997,other-workspace,native_subagent,machine_index_complete,Original session identifiers and machine paths retained in local audit backup.
sha256:108b080e4eef23c31ef6,other-workspace,native_subagent,machine_index_complete,Original session identifiers and machine paths retained in local audit backup.
sha256:ea1e646af352938916f6,other-workspace,top_level_not_necessarily_human,machine_index_complete,Original session identifiers and machine paths retained in local audit backup.
sha256:3a28a9e6acf97def64d7,other-workspace,top_level_not_necessarily_human,machine_index_complete,Original session identifiers and machine paths retained in local audit backup.
sha256:bd575c82301a6fd7e423,other-workspace,top_level_not_necessarily_human,machine_index_complete,Original session identifiers and machine paths retained in local audit backup.
sha256:c1854fac69bdf47896d4,other-workspace,top_level_not_necessarily_human,machine_index_complete,Original session identifiers and machine paths retained in local audit backup.
sha256:89bff74ac94c4e1bdddd,other-workspace,top_level_not_necessarily_human,machine_index_complete,Original session identifiers and machine paths retained in local audit backup.
sha256:5c461f66ac6c3b9d8784,other-workspace,top_level_not_necessarily_human,machine_index_complete,Original session identifiers and machine paths retained in local audit backup.
sha256:c88a6ceb71f3864beff7,other-workspace,top_level_not_necessarily_human,machine_index_complete,Original session identifiers and machine paths retained in local audit backup.
sha256:7536c8e63aeba73a3fc4,other-workspace,top_level_not_necessarily_human,machine_index_complete,Original session identifiers and machine paths retained in local audit backup.
sha256:239531fec71e0e1da7af,other-workspace,top_level_not_necessarily_human,machine_index_complete,Original session identifiers and machine paths retained in local audit backup.
sha256:ef9410373b7bad64e17a,other-workspace,native_subagent,machine_index_complete,Original session identifiers and machine paths retained in local audit backup.
sha256:acad756fdacee030b5b2,other-workspace,top_level_not_necessarily_human,machine_index_complete,Original session identifiers and machine paths retained in local audit backup.
sha256:e5f4104463aab26d3362,swf,top_level_not_necessarily_human,machine_index_complete,Original session identifiers and machine paths retained in local audit backup.
sha256:867480fed0203f374d2d,swf,top_level_not_necessarily_human,machine_index_complete,Original session identifiers and machine paths retained in local audit backup.
sha256:59fbefb7db93c2324a55,swf,top_level_not_necessarily_human,machine_index_complete,Original session identifiers and machine paths retained in local audit backup.
sha256:38bc79fe83ef2e57569a,swf,top_level_not_necessarily_human,machine_index_complete,Original session identifiers and machine paths retained in local audit backup.
sha256:379cec000e9f9f8e39d8,swf,top_level_not_necessarily_human,machine_index_complete,Original session identifiers and machine paths retained in local audit backup.
sha256:a9ed4190312999b3dc11,swf,top_level_not_necessarily_human,machine_index_complete,Original session identifiers and machine paths retained in local audit backup.
sha256:5dd1f99b768654ecba86,other-workspace,top_level_not_necessarily_human,machine_index_complete,Original session identifiers and machine paths retained in local audit backup.
sha256:6390179b78ae71eedfe3,swf,top_level_not_necessarily_human,machine_index_complete,Original session identifiers and machine paths retained in local audit backup.
sha256:4a9662038eec6c8ada67,other-workspace,top_level_not_necessarily_human,machine_index_complete,Original session identifiers and machine paths retained in local audit backup.
sha256:5b371b99eb3abbe1b765,other-workspace,top_level_not_necessarily_human,machine_index_complete,Original session identifiers and machine paths retained in local audit backup.
sha256:f79e43845ffbbefd088d,swf,top_level_not_necessarily_human,machine_index_complete,Original session identifiers and machine paths retained in local audit backup.
sha256:59acf3935ed8d1679650,other-workspace,top_level_not_necessarily_human,machine_index_complete,Original session identifiers and machine paths retained in local audit backup.
sha256:6ab0bf89d771a7ad5b85,other-workspace,top_level_not_necessarily_human,machine_index_complete,Original session identifiers and machine paths retained in local audit backup.
sha256:23a2181cc643336b50f1,other-workspace,top_level_not_necessarily_human,machine_index_complete,Original session identifiers and machine paths retained in local audit backup.
sha256:001c8b834c556282722e,other-workspace,top_level_not_necessarily_human,machine_index_complete,Original session identifiers and machine paths retained in local audit backup.
sha256:93bb30c55b4a8cf90460,other-workspace,top_level_not_necessarily_human,machine_index_complete,Original session identifiers and machine paths retained in local audit backup.
sha256:165bd0b688371d61965f,swf,top_level_not_necessarily_human,machine_index_complete,Original session identifiers and machine paths retained in local audit backup.
sha256:308c706fc7ba38c5d9c2,other-workspace,top_level_not_necessarily_human,machine_index_complete,Original session identifiers and machine paths retained in local audit backup.
sha256:b063740fb2aef3fa6500,other-workspace,top_level_not_necessarily_human,machine_index_complete,Original session identifiers and machine paths retained in local audit backup.
sha256:418dc7b31b3480f192b7,swf,top_level_not_necessarily_human,machine_index_complete,Original session identifiers and machine paths retained in local audit backup.
sha256:ddcc4a73a8abfcd6ccf1,swf,native_subagent,machine_index_complete,Original session identifiers and machine paths retained in local audit backup.
sha256:82c665acdbd1738a342e,swf,native_subagent,machine_index_complete,Original session identifiers and machine paths retained in local audit backup.
sha256:24f2db31c5ccc7dfeb98,other-workspace,top_level_not_necessarily_human,machine_index_complete,Original session identifiers and machine paths retained in local audit backup.
sha256:b820f20c1732faba7ff4,other-workspace,top_level_not_necessarily_human,machine_index_complete,Original session identifiers and machine paths retained in local audit backup.
sha256:b892f77ef1f056c0e61b,other-workspace,native_subagent,machine_index_complete,Original session identifiers and machine paths retained in local audit backup.
sha256:380919b5030657d58589,swf,top_level_not_necessarily_human,machine_index_complete,Original session identifiers and machine paths retained in local audit backup.
sha256:630bfc8060670e6ce992,swf,top_level_not_necessarily_human,machine_index_complete,Original session identifiers and machine paths retained in local audit backup.
sha256:7f45320a255d8fe68362,swf,top_level_not_necessarily_human,machine_index_complete,Original session identifiers and machine paths retained in local audit backup.
sha256:00d93cb65d02732692bd,swf,native_subagent,machine_index_complete,Original session identifiers and machine paths retained in local audit backup.
sha256:c5ed10724a6fea706b4b,swf,top_level_not_necessarily_human,machine_index_complete,Original session identifiers and machine paths retained in local audit backup.
sha256:881cd55fe16cc3fcb775,swf,top_level_not_necessarily_human,machine_index_complete,Original session identifiers and machine paths retained in local audit backup.
sha256:729b107469494dbc23df,swf,top_level_not_necessarily_human,machine_index_complete,Original session identifiers and machine paths retained in local audit backup.
sha256:0e3605adb6351f82e483,other-workspace,top_level_not_necessarily_human,machine_index_complete,Original session identifiers and machine paths retained in local audit backup.
sha256:545cdb974aeb1dc8d678,swf,top_level_not_necessarily_human,machine_index_complete,Original session identifiers and machine paths retained in local audit backup.
sha256:3b2efd6a3f910af0c965,swf,native_subagent,machine_index_complete,Original session identifiers and machine paths retained in local audit backup.
sha256:a2f4bb50c8c3ec694546,swf,native_subagent,machine_index_complete,Original session identifiers and machine paths retained in local audit backup.
sha256:7a4ccc845745d1078e6d,swf,native_subagent,machine_index_complete,Original session identifiers and machine paths retained in local audit backup.
sha256:5da5ba06aad6ba0c612d,swf,top_level_not_necessarily_human,machine_index_complete,Original session identifiers and machine paths retained in local audit backup.
sha256:6a238e532f778b2352eb,swf,native_subagent,machine_index_complete,Original session identifiers and machine paths retained in local audit backup.
sha256:2f5d5af5dedef5831f50,swf,native_subagent,machine_index_complete,Original session identifiers and machine paths retained in local audit backup.
sha256:ad3486e4f0fbdf84350a,swf,native_subagent,machine_index_complete,Original session identifiers and machine paths retained in local audit backup.
sha256:666a464f7d38f3ac189b,swf,native_subagent,machine_index_complete,Original session identifiers and machine paths retained in local audit backup.
sha256:0680c4ac6ccf6ec5ffcd,swf,native_subagent,machine_index_complete,Original session identifiers and machine paths retained in local audit backup.
sha256:2913a63cd3dc8a71578e,swf,native_subagent,machine_index_complete,Original session identifiers and machine paths retained in local audit backup.
sha256:3ca4e598c1a71857a705,swf,top_level_not_necessarily_human,machine_index_complete,Original session identifiers and machine paths retained in local audit backup.
sha256:91b626747b5fad1ec516,swf,native_subagent,machine_index_complete,Original session identifiers and machine paths retained in local audit backup.
sha256:0c08051006a94d22ee84,swf,native_subagent,machine_index_complete,Original session identifiers and machine paths retained in local audit backup.
sha256:9e27c0d5a33b07c45f83,other-workspace,top_level_not_necessarily_human,machine_index_complete,Original session identifiers and machine paths retained in local audit backup.
sha256:6c45da184b08d8d86bf9,swf,top_level_not_necessarily_human,machine_index_complete,Original session identifiers and machine paths retained in local audit backup.
sha256:86841b09f7792d986759,swf,top_level_not_necessarily_human,machine_index_complete,Original session identifiers and machine paths retained in local audit backup.
sha256:d25636eab6b96175cd6e,swf,top_level_not_necessarily_human,machine_index_complete,Original session identifiers and machine paths retained in local audit backup.
sha256:a8dcb673dc83095aadd7,swf,top_level_not_necessarily_human,machine_index_complete,Original session identifiers and machine paths retained in local audit backup.
sha256:474fd8f5b7c6817545e8,other-workspace,top_level_not_necessarily_human,machine_index_complete,Original session identifiers and machine paths retained in local audit backup.
sha256:5dab138a2d28daab2d86,other-workspace,top_level_not_necessarily_human,machine_index_complete,Original session identifiers and machine paths retained in local audit backup.
sha256:682fe30dd202e589774a,other-workspace,native_subagent,machine_index_complete,Original session identifiers and machine paths retained in local audit backup.
sha256:40d7dd3040ecfdd5df53,other-workspace,native_subagent,machine_index_complete,Original session identifiers and machine paths retained in local audit backup.
sha256:bf3913e0308970420946,other-workspace,native_subagent,machine_index_complete,Original session identifiers and machine paths retained in local audit backup.
sha256:180b366f5d2a8c27ecea,other-workspace,native_subagent,machine_index_complete,Original session identifiers and machine paths retained in local audit backup.
sha256:5993b8648156358e967a,other-workspace,native_subagent,machine_index_complete,Original session identifiers and machine paths retained in local audit backup.
sha256:9521ebb4bdf5d60cfd58,swf,native_subagent,machine_index_complete,Original session identifiers and machine paths retained in local audit backup.
sha256:ab0c66c1f26f94033823,swf,native_subagent,machine_index_complete,Original session identifiers and machine paths retained in local audit backup.
sha256:5157f8c3a528bc291943,other-workspace,top_level_not_necessarily_human,machine_index_complete,Original session identifiers and machine paths retained in local audit backup.
sha256:88627d9b2799c1f049e0,other-workspace,top_level_not_necessarily_human,machine_index_complete,Original session identifiers and machine paths retained in local audit backup.
sha256:b493c1e24c90176767b0,other-workspace,top_level_not_necessarily_human,machine_index_complete,Original session identifiers and machine paths retained in local audit backup.
sha256:501b8586975b93cead9d,swf,native_subagent,machine_index_complete,Original session identifiers and machine paths retained in local audit backup.
sha256:20f87ccaed35589eee54,other-workspace,native_subagent,machine_index_complete,Original session identifiers and machine paths retained in local audit backup.
sha256:218d4f72480d9ed30964,other-workspace,native_subagent,machine_index_complete,Original session identifiers and machine paths retained in local audit backup.
sha256:e5ac6d11a920b3094142,other-workspace,top_level_not_necessarily_human,machine_index_complete,Original session identifiers and machine paths retained in local audit backup.
sha256:9eee7b750ec662480e76,other-workspace,native_subagent,machine_index_complete,Original session identifiers and machine paths retained in local audit backup.
sha256:5c2e0ef452ae71553ea8,other-workspace,native_subagent,machine_index_complete,Original session identifiers and machine paths retained in local audit backup.
sha256:a50d5158055ff7c23c20,other-workspace,native_subagent,machine_index_complete,Original session identifiers and machine paths retained in local audit backup.
sha256:037fe8112f5710b6cc00,other-workspace,native_subagent,machine_index_complete,Original session identifiers and machine paths retained in local audit backup.
sha256:9453f05c663635451e58,swf,native_subagent,machine_index_complete,Original session identifiers and machine paths retained in local audit backup.
sha256:e840f8e3f2f0a937a97f,swf,top_level_not_necessarily_human,machine_index_complete,Original session identifiers and machine paths retained in local audit backup.
sha256:b388f18ce7a4e5f49462,other-workspace,top_level_not_necessarily_human,machine_index_complete,Original session identifiers and machine paths retained in local audit backup.
sha256:463549d8b5bca327b939,other-workspace,native_subagent,machine_index_complete,Original session identifiers and machine paths retained in local audit backup.
sha256:1856129c5f904a9d330d,other-workspace,native_subagent,machine_index_complete,Original session identifiers and machine paths retained in local audit backup.
sha256:37c18aead8731649a564,other-workspace,top_level_not_necessarily_human,machine_index_complete,Original session identifiers and machine paths retained in local audit backup.
sha256:d0d3639d22f5175b96ca,swf,top_level_not_necessarily_human,machine_index_complete,Original session identifiers and machine paths retained in local audit backup.
sha256:a64592626dc212b2d2ce,swf,native_subagent,machine_index_complete,Original session identifiers and machine paths retained in local audit backup.
sha256:28474113eb8d4ac72fe3,swf,native_subagent,machine_index_complete,Original session identifiers and machine paths retained in local audit backup.
sha256:c463b163ee750a7b3f11,swf,top_level_not_necessarily_human,machine_index_complete,Original session identifiers and machine paths retained in local audit backup.
sha256:c7f6d065e721464376f5,swf,native_subagent,machine_index_complete,Original session identifiers and machine paths retained in local audit backup.
sha256:e745bf70976b2c54508e,swf,native_subagent,machine_index_complete,Original session identifiers and machine paths retained in local audit backup.
sha256:46a93936c59fb306a8f7,swf,native_subagent,machine_index_complete,Original session identifiers and machine paths retained in local audit backup.
sha256:f6f87f2fa25da00921b2,swf,native_subagent,machine_index_complete,Original session identifiers and machine paths retained in local audit backup.
sha256:7ef2a003419d51d34c0a,swf,native_subagent,machine_index_complete,Original session identifiers and machine paths retained in local audit backup.
sha256:5e60b992089636209b72,swf,native_subagent,machine_index_complete,Original session identifiers and machine paths retained in local audit backup.
sha256:ed3a5b55d3e30f137505,swf,top_level_not_necessarily_human,machine_index_complete,Original session identifiers and machine paths retained in local audit backup.
sha256:8d8b738cfcb355f092a1,swf,native_subagent,machine_index_complete,Original session identifiers and machine paths retained in local audit backup.
sha256:1060c0eb388479fb3bd0,swf,top_level_not_necessarily_human,machine_index_complete,Original session identifiers and machine paths retained in local audit backup.
sha256:ddb96c5808bd3a257d17,swf,top_level_not_necessarily_human,machine_index_complete,Original session identifiers and machine paths retained in local audit backup.
sha256:d01e0f0ea22f21d18616,swf,top_level_not_necessarily_human,machine_index_complete,Original session identifiers and machine paths retained in local audit backup.
sha256:6fee0fb70ab66aed46fb,other-workspace,top_level_not_necessarily_human,machine_index_complete,Original session identifiers and machine paths retained in local audit backup.
sha256:69a5ffcbbb0e4658668e,other-workspace,native_subagent,machine_index_complete,Original session identifiers and machine paths retained in local audit backup.
sha256:4375059b144c907acf2d,other-workspace,native_subagent,machine_index_complete,Original session identifiers and machine paths retained in local audit backup.
sha256:624f683e38fab5b85766,swf,native_subagent,machine_index_complete,Original session identifiers and machine paths retained in local audit backup.
sha256:6b95e422d63ea30fef76,swf,top_level_not_necessarily_human,machine_index_complete,Original session identifiers and machine paths retained in local audit backup.
sha256:10feac80b5b26bc64c66,swf,native_subagent,machine_index_complete,Original session identifiers and machine paths retained in local audit backup.
sha256:cdf9564a299586e36130,other-workspace,native_subagent,machine_index_complete,Original session identifiers and machine paths retained in local audit backup.
sha256:bb7fb790f42b7bd06989,other-workspace,top_level_not_necessarily_human,machine_index_complete,Original session identifiers and machine paths retained in local audit backup.
sha256:e1bc16b80501841468e9,other-workspace,native_subagent,machine_index_complete,Original session identifiers and machine paths retained in local audit backup.
sha256:c992103c224527336618,other-workspace,native_subagent,machine_index_complete,Original session identifiers and machine paths retained in local audit backup.
sha256:1e29649c1af1ced65028,other-workspace,native_subagent,machine_index_complete,Original session identifiers and machine paths retained in local audit backup.
sha256:31bdba72cb1bf4c2873e,other-workspace,native_subagent,machine_index_complete,Original session identifiers and machine paths retained in local audit backup.
sha256:d5604e2c7d5d9ee1d5fd,other-workspace,top_level_not_necessarily_human,machine_index_complete,Original session identifiers and machine paths retained in local audit backup.
sha256:da8f245d392fdfbbfb52,other-workspace,top_level_not_necessarily_human,machine_index_complete,Original session identifiers and machine paths retained in local audit backup.
sha256:a6988204aad1775aa77f,other-workspace,top_level_not_necessarily_human,machine_index_complete,Original session identifiers and machine paths retained in local audit backup.
sha256:f011ca958e8feb3fe54a,other-workspace,top_level_not_necessarily_human,machine_index_complete,Original session identifiers and machine paths retained in local audit backup.
sha256:077880daa0a891914e37,other-workspace,top_level_not_necessarily_human,machine_index_complete,Original session identifiers and machine paths retained in local audit backup.
sha256:473a5037925cfd684d4a,swf,top_level_not_necessarily_human,machine_index_complete,Original session identifiers and machine paths retained in local audit backup.
sha256:43f374ca7e73684adbc7,swf,native_subagent,machine_index_complete,Original session identifiers and machine paths retained in local audit backup.
sha256:6cb342c55da852426751,swf,native_subagent,machine_index_complete,Original session identifiers and machine paths retained in local audit backup.
sha256:8a7cc69f4e13a2c5eaed,other-workspace,top_level_not_necessarily_human,machine_index_complete,Original session identifiers and machine paths retained in local audit backup.
sha256:fb22b11dc8ba6d66bb81,other-workspace,top_level_not_necessarily_human,machine_index_complete,Original session identifiers and machine paths retained in local audit backup.
sha256:397b58acb01f65875d98,other-workspace,native_subagent,machine_index_complete,Original session identifiers and machine paths retained in local audit backup.
sha256:896d1b9c3dd11445645e,other-workspace,native_subagent,machine_index_complete,Original session identifiers and machine paths retained in local audit backup.
sha256:11c23e3ce54ba31cd80d,other-workspace,native_subagent,machine_index_complete,Original session identifiers and machine paths retained in local audit backup.
sha256:a14de1899b044ff3dc3d,other-workspace,native_subagent,machine_index_complete,Original session identifiers and machine paths retained in local audit backup.
sha256:093e13b5541be8b3a552,other-workspace,native_subagent,machine_index_complete,Original session identifiers and machine paths retained in local audit backup.
sha256:fd76b174ba0e5cdb432f,other-workspace,native_subagent,machine_index_complete,Original session identifiers and machine paths retained in local audit backup.
sha256:f899cd56d21d7cc516d8,other-workspace,native_subagent,machine_index_complete,Original session identifiers and machine paths retained in local audit backup.
sha256:5f44e648c0f2f302b8c2,other-workspace,native_subagent,machine_index_complete,Original session identifiers and machine paths retained in local audit backup.
sha256:46560dd16b49ebbbb7ed,swf,native_subagent,machine_index_complete,Original session identifiers and machine paths retained in local audit backup.
sha256:22ab0d6c8b32060d1e4f,swf,top_level_not_necessarily_human,machine_index_complete,Original session identifiers and machine paths retained in local audit backup.
sha256:f0c60bf0c0c5fac99772,other-workspace,top_level_not_necessarily_human,machine_index_complete,Original session identifiers and machine paths retained in local audit backup.
sha256:7397b53eb2799cfb1609,other-workspace,native_subagent,machine_index_complete,Original session identifiers and machine paths retained in local audit backup.
sha256:2ac069b3aafccaed5e25,other-workspace,native_subagent,machine_index_complete,Original session identifiers and machine paths retained in local audit backup.
sha256:d32dbafa89fdee8f4b24,other-workspace,native_subagent,machine_index_complete,Original session identifiers and machine paths retained in local audit backup.
sha256:1ea421b92ec58650982e,other-workspace,native_subagent,machine_index_complete,Original session identifiers and machine paths retained in local audit backup.
sha256:9c6ffdd56174121de6f2,other-workspace,native_subagent,machine_index_complete,Original session identifiers and machine paths retained in local audit backup.
sha256:dd1b690fc93fca0bf032,swf,top_level_not_necessarily_human,machine_index_complete,Original session identifiers and machine paths retained in local audit backup.
sha256:a604a2b8ee3211482fc1,swf,native_subagent,machine_index_complete,Original session identifiers and machine paths retained in local audit backup.
sha256:e96b82b6733271a7f579,swf,native_subagent,machine_index_complete,Original session identifiers and machine paths retained in local audit backup.
sha256:b545b71cacd38ad8de99,swf,top_level_not_necessarily_human,machine_index_complete,Original session identifiers and machine paths retained in local audit backup.
sha256:343dbf844367f3a92d20,other-workspace,top_level_not_necessarily_human,machine_index_complete,Original session identifiers and machine paths retained in local audit backup.
sha256:acf6023cbc4787d8b69b,swf,native_subagent,machine_index_complete,Original session identifiers and machine paths retained in local audit backup.
sha256:ba78c284cc488b142113,swf,native_subagent,machine_index_complete,Original session identifiers and machine paths retained in local audit backup.
sha256:2192cb334720db03a519,swf,native_subagent,machine_index_complete,Original session identifiers and machine paths retained in local audit backup.
sha256:e415e7a138d8bf749dc5,swf,native_subagent,machine_index_complete,Original session identifiers and machine paths retained in local audit backup.
sha256:6f43e352ef0f89bb5231,other-workspace,native_subagent,machine_index_complete,Original session identifiers and machine paths retained in local audit backup.
sha256:1abd0b6232b76a9a79fc,swf,top_level_not_necessarily_human,machine_index_complete,Original session identifiers and machine paths retained in local audit backup.
sha256:13ae6eb1ddd0b7aa19d6,swf,native_subagent,machine_index_complete,Original session identifiers and machine paths retained in local audit backup.
sha256:d0dc0d0e794e7c6b7ae6,swf,native_subagent,machine_index_complete,Original session identifiers and machine paths retained in local audit backup.
sha256:20b78802a6b89944dbc0,other-workspace,top_level_not_necessarily_human,machine_index_complete,Original session identifiers and machine paths retained in local audit backup.
sha256:f375ce1a2f6bdef80223,other-workspace,top_level_not_necessarily_human,machine_index_complete,Original session identifiers and machine paths retained in local audit backup.
sha256:53804e0c0ca3d9dd9355,other-workspace,top_level_not_necessarily_human,machine_index_complete,Original session identifiers and machine paths retained in local audit backup.
sha256:73fbeecfc4558109aef8,other-workspace,top_level_not_necessarily_human,machine_index_complete,Original session identifiers and machine paths retained in local audit backup.
sha256:267130906464afdc7cbd,other-workspace,top_level_not_necessarily_human,machine_index_complete,Original session identifiers and machine paths retained in local audit backup.
sha256:2200664458addd58ab4f,other-workspace,top_level_not_necessarily_human,machine_index_complete,Original session identifiers and machine paths retained in local audit backup.
sha256:eaeca7daada5f2f04abd,other-workspace,native_subagent,machine_index_complete,Original session identifiers and machine paths retained in local audit backup.
sha256:2e99aead74947fb1a17f,other-workspace,top_level_not_necessarily_human,machine_index_complete,Original session identifiers and machine paths retained in local audit backup.
sha256:e5b50f08aada43acd5ef,other-workspace,top_level_not_necessarily_human,machine_index_complete,Original session identifiers and machine paths retained in local audit backup.
sha256:a1a813e74e2e00b4b38f,other-workspace,native_subagent,machine_index_complete,Original session identifiers and machine paths retained in local audit backup.
sha256:b1b02469d8248a264f83,other-workspace,native_subagent,machine_index_complete,Original session identifiers and machine paths retained in local audit backup.
sha256:b89b9d8c24c8727bd86d,other-workspace,native_subagent,machine_index_complete,Original session identifiers and machine paths retained in local audit backup.
sha256:de0fdcc97c9c690e08bb,other-workspace,native_subagent,machine_index_complete,Original session identifiers and machine paths retained in local audit backup.
sha256:d1f3e8f40df9cb68bbfd,other-workspace,native_subagent,machine_index_complete,Original session identifiers and machine paths retained in local audit backup.
sha256:72e5e357812aff317a3e,swf,top_level_not_necessarily_human,machine_index_complete,Original session identifiers and machine paths retained in local audit backup.
sha256:8b4fd6f49caec3e7c524,swf,native_subagent,machine_index_complete,Original session identifiers and machine paths retained in local audit backup.
sha256:52f00bd9db4800ccc59b,swf,native_subagent,machine_index_complete,Original session identifiers and machine paths retained in local audit backup.
sha256:842186442314dd0db192,swf,native_subagent,machine_index_complete,Original session identifiers and machine paths retained in local audit backup.
sha256:0c3bbf04dc3448df51ca,swf,native_subagent,machine_index_complete,Original session identifiers and machine paths retained in local audit backup.
sha256:454a3859686655a71b6f,swf,native_subagent,machine_index_complete,Original session identifiers and machine paths retained in local audit backup.
sha256:c58998b81e803f20cf8f,swf,native_subagent,machine_index_complete,Original session identifiers and machine paths retained in local audit backup.
sha256:c850664134e71ec0b919,swf,native_subagent,machine_index_complete,Original session identifiers and machine paths retained in local audit backup.
sha256:b5dfd23d6caec81d93a0,swf,native_subagent,machine_index_complete,Original session identifiers and machine paths retained in local audit backup.
sha256:73e776b0d13d75c8e3a2,swf,native_subagent,machine_index_complete,Original session identifiers and machine paths retained in local audit backup.
sha256:1efc8b8b7eb29d39df37,swf,native_subagent,machine_index_complete,Original session identifiers and machine paths retained in local audit backup.
sha256:8a389b9c2d810b0398bf,swf,native_subagent,machine_index_complete,Original session identifiers and machine paths retained in local audit backup.
sha256:41808cda1b82e95f3251,swf,native_subagent,machine_index_complete,Original session identifiers and machine paths retained in local audit backup.
sha256:e7c82e97dec24fc13457,swf,native_subagent,machine_index_complete,Original session identifiers and machine paths retained in local audit backup.
sha256:6ee23b072d29f42d1b04,swf,native_subagent,machine_index_complete,Original session identifiers and machine paths retained in local audit backup.
sha256:2f933e0fd638d80b70b1,swf,native_subagent,machine_index_complete,Original session identifiers and machine paths retained in local audit backup.
sha256:05dec921c3e59cda54d5,swf,top_level_not_necessarily_human,machine_index_complete,Original session identifiers and machine paths retained in local audit backup.
sha256:638a15483033fe95fe71,other-workspace,top_level_not_necessarily_human,machine_index_complete,Original session identifiers and machine paths retained in local audit backup.
sha256:831e1d31486e75520646,other-workspace,native_subagent,machine_index_complete,Original session identifiers and machine paths retained in local audit backup.
sha256:6c1f37ff7b0e6aab1ab5,other-workspace,native_subagent,machine_index_complete,Original session identifiers and machine paths retained in local audit backup.
sha256:cc60da6006fa58796f47,swf,native_subagent,machine_index_complete,Original session identifiers and machine paths retained in local audit backup.
sha256:c40b6d03e2b08ba725ef,swf,native_subagent,machine_index_complete,Original session identifiers and machine paths retained in local audit backup.
sha256:64e9338c41367f71e7ab,swf,native_subagent,machine_index_complete,Original session identifiers and machine paths retained in local audit backup.
sha256:06ec994425b12291b0d7,other-workspace,top_level_not_necessarily_human,machine_index_complete,Original session identifiers and machine paths retained in local audit backup.
sha256:30a3746a3cb365c7d89c,other-workspace,native_subagent,machine_index_complete,Original session identifiers and machine paths retained in local audit backup.
sha256:1ef343ef014e6cdcc6c0,other-workspace,native_subagent,machine_index_complete,Original session identifiers and machine paths retained in local audit backup.
sha256:54722eaed0ab7e1dd822,other-workspace,native_subagent,machine_index_complete,Original session identifiers and machine paths retained in local audit backup.
sha256:27c39744bb0f7af08532,swf,top_level_not_necessarily_human,machine_index_complete,Original session identifiers and machine paths retained in local audit backup.
sha256:26842c4411c0713f1a8c,swf,top_level_not_necessarily_human,machine_index_complete,Original session identifiers and machine paths retained in local audit backup.
sha256:6d138139401e964a137b,swf,top_level_not_necessarily_human,machine_index_complete,Original session identifiers and machine paths retained in local audit backup.
sha256:bdc2da95f0712a8eba93,swf,top_level_not_necessarily_human,machine_index_complete,Original session identifiers and machine paths retained in local audit backup.
sha256:cd71674ed74dd4c43863,swf,top_level_not_necessarily_human,machine_index_complete,Original session identifiers and machine paths retained in local audit backup.
sha256:7863f7eaa63a03562b21,swf,top_level_not_necessarily_human,machine_index_complete,Original session identifiers and machine paths retained in local audit backup.
sha256:c394f1cc2add0fd65892,swf,top_level_not_necessarily_human,machine_index_complete,Original session identifiers and machine paths retained in local audit backup.
sha256:a0887c3d522c68fe2558,other-workspace,top_level_not_necessarily_human,machine_index_complete,Original session identifiers and machine paths retained in local audit backup.
sha256:b1230b165010b3a3d091,swf,top_level_not_necessarily_human,machine_index_complete,Original session identifiers and machine paths retained in local audit backup.
sha256:1f0b8ba9286e4f0e4095,other-workspace,top_level_not_necessarily_human,machine_index_complete,Original session identifiers and machine paths retained in local audit backup.
sha256:6ecfa00446a7728d9c95,other-workspace,top_level_not_necessarily_human,machine_index_complete,Original session identifiers and machine paths retained in local audit backup.
sha256:c39e78ffa00a2d5073b2,other-workspace,top_level_not_necessarily_human,machine_index_complete,Original session identifiers and machine paths retained in local audit backup.
sha256:73fc97dd179e59bd0bc3,other-workspace,top_level_not_necessarily_human,machine_index_complete,Original session identifiers and machine paths retained in local audit backup.
sha256:a2787f8c0ac2cc8ee2ab,other-workspace,native_subagent,machine_index_complete,Original session identifiers and machine paths retained in local audit backup.
sha256:459bd01ccf6d30eab00f,other-workspace,top_level_not_necessarily_human,machine_index_complete,Original session identifiers and machine paths retained in local audit backup.
sha256:33582fd714f9052906af,other-workspace,native_subagent,machine_index_complete,Original session identifiers and machine paths retained in local audit backup.
sha256:9ebc66c4e69cb103b7fa,other-workspace,native_subagent,machine_index_complete,Original session identifiers and machine paths retained in local audit backup.
sha256:36cd6028e615fd822b30,other-workspace,top_level_not_necessarily_human,machine_index_complete,Original session identifiers and machine paths retained in local audit backup.
sha256:a98f31424160c875c5f4,other-workspace,native_subagent,machine_index_complete,Original session identifiers and machine paths retained in local audit backup.
sha256:dac02990482c8e89b2d9,swf,top_level_not_necessarily_human,machine_index_complete,Original session identifiers and machine paths retained in local audit backup.
sha256:490ff6eb37a12faf95e8,swf,native_subagent,machine_index_complete,Original session identifiers and machine paths retained in local audit backup.
sha256:cf1879c429c53b5f6bf5,other-workspace,top_level_not_necessarily_human,machine_index_complete,Original session identifiers and machine paths retained in local audit backup.
sha256:f7bf6f297346e736cbf3,other-workspace,native_subagent,machine_index_complete,Original session identifiers and machine paths retained in local audit backup.
sha256:bd20f3de7c58bf1b9ad5,other-workspace,top_level_not_necessarily_human,machine_index_complete,Original session identifiers and machine paths retained in local audit backup.
sha256:ec5233f0227579e97ba9,other-workspace,native_subagent,machine_index_complete,Original session identifiers and machine paths retained in local audit backup.
sha256:1a9ec20bf34e22a70f44,other-workspace,native_subagent,machine_index_complete,Original session identifiers and machine paths retained in local audit backup.
sha256:eb74769eaeb863be0f4e,other-workspace,top_level_not_necessarily_human,machine_index_complete,Original session identifiers and machine paths retained in local audit backup.
sha256:f60e464b0cbd43c18557,other-workspace,native_subagent,machine_index_complete,Original session identifiers and machine paths retained in local audit backup.
sha256:2669b487ff9b6113818f,other-workspace,native_subagent,machine_index_complete,Original session identifiers and machine paths retained in local audit backup.
sha256:a7837ee0afc9dfa055d5,other-workspace,native_subagent,machine_index_complete,Original session identifiers and machine paths retained in local audit backup.
sha256:d2c08156f8763beaff2e,other-workspace,top_level_not_necessarily_human,machine_index_complete,Original session identifiers and machine paths retained in local audit backup.
sha256:935a3cf23b65075e1d36,other-workspace,native_subagent,machine_index_complete,Original session identifiers and machine paths retained in local audit backup.
sha256:8261edfed296f2d40e93,other-workspace,top_level_not_necessarily_human,machine_index_complete,Original session identifiers and machine paths retained in local audit backup.
sha256:65e385a7ae2fb5f4f462,other-workspace,top_level_not_necessarily_human,machine_index_complete,Original session identifiers and machine paths retained in local audit backup.
sha256:75894f87de2511a69129,other-workspace,native_subagent,machine_index_complete,Original session identifiers and machine paths retained in local audit backup.
sha256:b39245fe650b32c88200,other-workspace,native_subagent,machine_index_complete,Original session identifiers and machine paths retained in local audit backup.
sha256:e72b6d6335c1874380c4,other-workspace,native_subagent,machine_index_complete,Original session identifiers and machine paths retained in local audit backup.
sha256:36b4602f415eab11fe73,other-workspace,native_subagent,machine_index_complete,Original session identifiers and machine paths retained in local audit backup.
sha256:1ccacfad1b22c313c049,other-workspace,top_level_not_necessarily_human,machine_index_complete,Original session identifiers and machine paths retained in local audit backup.
sha256:9ea089095473c0d82288,other-workspace,native_subagent,machine_index_complete,Original session identifiers and machine paths retained in local audit backup.
sha256:75f8b42b5cb415319a5a,other-workspace,native_subagent,machine_index_complete,Original session identifiers and machine paths retained in local audit backup.
sha256:2b832455818a3ba20321,other-workspace,native_subagent,machine_index_complete,Original session identifiers and machine paths retained in local audit backup.
sha256:2550ea6033b4ecc6a775,other-workspace,native_subagent,machine_index_complete,Original session identifiers and machine paths retained in local audit backup.
sha256:e986d6aa92db92054e8c,other-workspace,native_subagent,machine_index_complete,Original session identifiers and machine paths retained in local audit backup.
sha256:786348779e749d50bfae,other-workspace,top_level_not_necessarily_human,machine_index_complete,Original session identifiers and machine paths retained in local audit backup.
sha256:460ac0069eaaad73d2ee,other-workspace,native_subagent,machine_index_complete,Original session identifiers and machine paths retained in local audit backup.
sha256:61532ec9a7d633238f5e,other-workspace,native_subagent,machine_index_complete,Original session identifiers and machine paths retained in local audit backup.
sha256:d5d3f91cd7df025a9d9f,other-workspace,native_subagent,machine_index_complete,Original session identifiers and machine paths retained in local audit backup.
sha256:8cce05dcdc90b0e5d2f7,other-workspace,native_subagent,machine_index_complete,Original session identifiers and machine paths retained in local audit backup.
sha256:684d7d7572a96e6b6bbd,other-workspace,native_subagent,machine_index_complete,Original session identifiers and machine paths retained in local audit backup.
sha256:d4c5539084ed62e9c042,other-workspace,native_subagent,machine_index_complete,Original session identifiers and machine paths retained in local audit backup.
sha256:fc18ee686f39ad8fe39f,other-workspace,native_subagent,machine_index_complete,Original session identifiers and machine paths retained in local audit backup.
sha256:0703c293d47f66796fef,other-workspace,native_subagent,machine_index_complete,Original session identifiers and machine paths retained in local audit backup.
sha256:ecab22204328229ca3d0,other-workspace,native_subagent,machine_index_complete,Original session identifiers and machine paths retained in local audit backup.
sha256:2a535e1632c40ab067a0,other-workspace,native_subagent,machine_index_complete,Original session identifiers and machine paths retained in local audit backup.
sha256:09b604822eed4e4432a1,other-workspace,native_subagent,machine_index_complete,Original session identifiers and machine paths retained in local audit backup.
sha256:bb757069a2ddb76cf326,other-workspace,native_subagent,machine_index_complete,Original session identifiers and machine paths retained in local audit backup.
sha256:5922b656df12d30a73fd,other-workspace,native_subagent,machine_index_complete,Original session identifiers and machine paths retained in local audit backup.
sha256:12ee8814d5df1607f18e,swf,top_level_not_necessarily_human,machine_index_complete,Original session identifiers and machine paths retained in local audit backup.
sha256:2f95a7b75502f8a2b01f,swf,top_level_not_necessarily_human,machine_index_complete,Original session identifiers and machine paths retained in local audit backup.
sha256:0035f3bef12927c64416,other-workspace,top_level_not_necessarily_human,machine_index_complete,Original session identifiers and machine paths retained in local audit backup.
sha256:f1a1e109d6a63340fd1b,other-workspace,top_level_not_necessarily_human,machine_index_complete,Original session identifiers and machine paths retained in local audit backup.
sha256:d50b42e06184c7686ac2,other-workspace,top_level_not_necessarily_human,machine_index_complete,Original session identifiers and machine paths retained in local audit backup.
sha256:a1a45cc80346282e3b35,other-workspace,top_level_not_necessarily_human,machine_index_complete,Original session identifiers and machine paths retained in local audit backup.
sha256:e51ab5b6c9aa7c629a75,swf,top_level_not_necessarily_human,machine_index_complete,Original session identifiers and machine paths retained in local audit backup.
sha256:879f506eaf9f4258ec3f,other-workspace,top_level_not_necessarily_human,machine_index_complete,Original session identifiers and machine paths retained in local audit backup.
sha256:3c1a6d6715bb664163cd,other-workspace,top_level_not_necessarily_human,machine_index_complete,Original session identifiers and machine paths retained in local audit backup.
sha256:b9a7c06102978f4b7c01,other-workspace,top_level_not_necessarily_human,machine_index_complete,Original session identifiers and machine paths retained in local audit backup.
sha256:c2f15cd57da08a14304d,other-workspace,top_level_not_necessarily_human,machine_index_complete,Original session identifiers and machine paths retained in local audit backup.
sha256:1fcc2cc2017a11c1c64b,other-workspace,native_subagent,machine_index_complete,Original session identifiers and machine paths retained in local audit backup.
sha256:ea1e42aec11fd142b85e,other-workspace,native_subagent,machine_index_complete,Original session identifiers and machine paths retained in local audit backup.
sha256:9887f35a61ae9c47d814,other-workspace,native_subagent,machine_index_complete,Original session identifiers and machine paths retained in local audit backup.
sha256:28ccaff18cac64fef4e2,other-workspace,native_subagent,machine_index_complete,Original session identifiers and machine paths retained in local audit backup.
sha256:3c4784b2c1f311ea393f,other-workspace,native_subagent,machine_index_complete,Original session identifiers and machine paths retained in local audit backup.
sha256:84ed906c2a7dd5fc6179,other-workspace,native_subagent,machine_index_complete,Original session identifiers and machine paths retained in local audit backup.
sha256:9ddfd0fe0e65b3f6268e,other-workspace,native_subagent,machine_index_complete,Original session identifiers and machine paths retained in local audit backup.
sha256:cc7ea65a93914391c8bb,other-workspace,native_subagent,machine_index_complete,Original session identifiers and machine paths retained in local audit backup.
sha256:d0ab181a9f2023776d4b,other-workspace,native_subagent,machine_index_complete,Original session identifiers and machine paths retained in local audit backup.
sha256:03d4db96ec3ad344a17b,other-workspace,native_subagent,machine_index_complete,Original session identifiers and machine paths retained in local audit backup.
sha256:bee7c366362918239bde,other-workspace,top_level_not_necessarily_human,machine_index_complete,Original session identifiers and machine paths retained in local audit backup.
sha256:546fd45410d5e8700e13,other-workspace,top_level_not_necessarily_human,machine_index_complete,Original session identifiers and machine paths retained in local audit backup.
sha256:6b6b6dc36f0d0149d5fb,other-workspace,top_level_not_necessarily_human,machine_index_complete,Original session identifiers and machine paths retained in local audit backup.
sha256:8b19e0981345774fef48,other-workspace,native_subagent,machine_index_complete,Original session identifiers and machine paths retained in local audit backup.
sha256:bdcc7483dd9452e64903,other-workspace,top_level_not_necessarily_human,machine_index_complete,Original session identifiers and machine paths retained in local audit backup.
sha256:a625014daa6e5201aa23,other-workspace,top_level_not_necessarily_human,machine_index_complete,Original session identifiers and machine paths retained in local audit backup.
sha256:efe2e48844a08a64294c,other-workspace,top_level_not_necessarily_human,machine_index_complete,Original session identifiers and machine paths retained in local audit backup.
sha256:af29c0f7f5e43103fdc6,other-workspace,top_level_not_necessarily_human,machine_index_complete,Original session identifiers and machine paths retained in local audit backup.
sha256:a706a8956c441a52d785,other-workspace,top_level_not_necessarily_human,machine_index_complete,Original session identifiers and machine paths retained in local audit backup.
sha256:aa43cd781c7e47173e86,swf,top_level_not_necessarily_human,machine_index_complete,Original session identifiers and machine paths retained in local audit backup.
sha256:f2ba36eb75f5a3d0a861,other-workspace,top_level_not_necessarily_human,machine_index_complete,Original session identifiers and machine paths retained in local audit backup.
sha256:91dbe310663c08d99a50,other-workspace,native_subagent,machine_index_complete,Original session identifiers and machine paths retained in local audit backup.
sha256:e689826d69bcc1dc43a7,other-workspace,native_subagent,machine_index_complete,Original session identifiers and machine paths retained in local audit backup.
sha256:5d52d080b86ea0c3551b,other-workspace,top_level_not_necessarily_human,machine_index_complete,Original session identifiers and machine paths retained in local audit backup.
sha256:8562a6ba4cab038ad6b0,other-workspace,native_subagent,machine_index_complete,Original session identifiers and machine paths retained in local audit backup.
sha256:9a43bc056ab022993882,other-workspace,top_level_not_necessarily_human,machine_index_complete,Original session identifiers and machine paths retained in local audit backup.
sha256:a82efc89a4d8bcbf8229,other-workspace,top_level_not_necessarily_human,machine_index_complete,Original session identifiers and machine paths retained in local audit backup.
sha256:81c6af1484471485a1ec,other-workspace,top_level_not_necessarily_human,machine_index_complete,Original session identifiers and machine paths retained in local audit backup.
sha256:3823c257c6f520099aa5,other-workspace,top_level_not_necessarily_human,machine_index_complete,Original session identifiers and machine paths retained in local audit backup.
sha256:a24b649c94dcfc1377bf,swf,top_level_not_necessarily_human,machine_index_complete,Original session identifiers and machine paths retained in local audit backup.
sha256:27ac187e6ce57eae3b3e,other-workspace,top_level_not_necessarily_human,machine_index_complete,Original session identifiers and machine paths retained in local audit backup.
sha256:ea41d5bb84583262a883,other-workspace,top_level_not_necessarily_human,machine_index_complete,Original session identifiers and machine paths retained in local audit backup.
sha256:d0d45246f5f94c29a98c,swf,top_level_not_necessarily_human,machine_index_complete,Original session identifiers and machine paths retained in local audit backup.
sha256:f9ded068e8c67369d7fc,swf,native_subagent,machine_index_complete,Original session identifiers and machine paths retained in local audit backup.
sha256:571183cffefd405cf362,swf,native_subagent,machine_index_complete,Original session identifiers and machine paths retained in local audit backup.
sha256:f3d2d007e113ecfc411a,other-workspace,top_level_not_necessarily_human,machine_index_complete,Original session identifiers and machine paths retained in local audit backup.
sha256:f164d7719eeb6c78f648,other-workspace,top_level_not_necessarily_human,machine_index_complete,Original session identifiers and machine paths retained in local audit backup.
sha256:43c1d47142af8a0851ca,other-workspace,top_level_not_necessarily_human,machine_index_complete,Original session identifiers and machine paths retained in local audit backup.
sha256:5098e7f64061ac74c82b,other-workspace,top_level_not_necessarily_human,machine_index_complete,Original session identifiers and machine paths retained in local audit backup.
sha256:ca2441333c144d451e84,swf,native_subagent,machine_index_complete,Original session identifiers and machine paths retained in local audit backup.
sha256:44f110d2052e89386e81,other-workspace,top_level_not_necessarily_human,machine_index_complete,Original session identifiers and machine paths retained in local audit backup.
sha256:7fe3f21e6d102280baca,other-workspace,top_level_not_necessarily_human,machine_index_complete,Original session identifiers and machine paths retained in local audit backup.
sha256:f2b82677481598d1e5cc,other-workspace,top_level_not_necessarily_human,machine_index_complete,Original session identifiers and machine paths retained in local audit backup.
sha256:e6a604e3b571111b0b75,other-workspace,top_level_not_necessarily_human,machine_index_complete,Original session identifiers and machine paths retained in local audit backup.
sha256:c1bb39d4a20eb348e9b0,other-workspace,top_level_not_necessarily_human,machine_index_complete,Original session identifiers and machine paths retained in local audit backup.
sha256:efec383ba6a635d07073,other-workspace,top_level_not_necessarily_human,machine_index_complete,Original session identifiers and machine paths retained in local audit backup.
sha256:adfd526009918995f89d,other-workspace,top_level_not_necessarily_human,machine_index_complete,Original session identifiers and machine paths retained in local audit backup.
sha256:27191cbab32b70a63514,other-workspace,top_level_not_necessarily_human,machine_index_complete,Original session identifiers and machine paths retained in local audit backup.
sha256:a47711064fbc247506ae,other-workspace,top_level_not_necessarily_human,machine_index_complete,Original session identifiers and machine paths retained in local audit backup.
sha256:0150a02cf5891110745c,other-workspace,native_subagent,machine_index_complete,Original session identifiers and machine paths retained in local audit backup.
sha256:bd177418051e0abea1e7,other-workspace,top_level_not_necessarily_human,machine_index_complete,Original session identifiers and machine paths retained in local audit backup.
sha256:fcf6613885777cbbf304,other-workspace,native_subagent,machine_index_complete,Original session identifiers and machine paths retained in local audit backup.
sha256:f02a509e21b93367ed43,other-workspace,native_subagent,machine_index_complete,Original session identifiers and machine paths retained in local audit backup.
sha256:5af996ca6c638ae87990,other-workspace,native_subagent,machine_index_complete,Original session identifiers and machine paths retained in local audit backup.
sha256:7a404e14fbf055a3183d,other-workspace,native_subagent,machine_index_complete,Original session identifiers and machine paths retained in local audit backup.
sha256:a244a559c0b1826f0dac,other-workspace,native_subagent,machine_index_complete,Original session identifiers and machine paths retained in local audit backup.
sha256:34b71c187de9f280788e,swf,top_level_not_necessarily_human,machine_index_complete,Original session identifiers and machine paths retained in local audit backup.
sha256:166a0f9c8ee800c15915,swf,top_level_not_necessarily_human,machine_index_complete,Original session identifiers and machine paths retained in local audit backup.
sha256:0012765b78b71053cb03,swf,top_level_not_necessarily_human,machine_index_complete,Original session identifiers and machine paths retained in local audit backup.
sha256:d567cf450df3fad2fe72,swf,top_level_not_necessarily_human,machine_index_complete,Original session identifiers and machine paths retained in local audit backup.
sha256:9be9351ebff25e4e423a,swf,top_level_not_necessarily_human,machine_index_complete,Original session identifiers and machine paths retained in local audit backup.
sha256:79764f00859e127dde5c,swf,top_level_not_necessarily_human,machine_index_complete,Original session identifiers and machine paths retained in local audit backup.
sha256:20021a812f4a335da4d6,swf,top_level_not_necessarily_human,machine_index_complete,Original session identifiers and machine paths retained in local audit backup.
sha256:659c06a41cfb739c5501,swf,top_level_not_necessarily_human,machine_index_complete,Original session identifiers and machine paths retained in local audit backup.
sha256:25efd620e5fef504bb6d,swf,top_level_not_necessarily_human,machine_index_complete,Original session identifiers and machine paths retained in local audit backup.
sha256:7765800442e3ef0c381e,swf,top_level_not_necessarily_human,machine_index_complete,Original session identifiers and machine paths retained in local audit backup.
sha256:977e0bcafc1e1888bd8b,swf,top_level_not_necessarily_human,machine_index_complete,Original session identifiers and machine paths retained in local audit backup.
sha256:d3abdec236da7df17deb,swf,top_level_not_necessarily_human,machine_index_complete,Original session identifiers and machine paths retained in local audit backup.
sha256:150ad43a081c57071bc8,other-workspace,top_level_not_necessarily_human,machine_index_complete,Original session identifiers and machine paths retained in local audit backup.
sha256:f5d165c65ac3ba462ff1,swf,native_subagent,machine_index_complete,Original session identifiers and machine paths retained in local audit backup.
sha256:121e7223d2fb68d4c4fc,swf,native_subagent,machine_index_complete,Original session identifiers and machine paths retained in local audit backup.
sha256:8f2eff6eea30cab08322,other-workspace,top_level_not_necessarily_human,machine_index_complete,Original session identifiers and machine paths retained in local audit backup.
sha256:775a272495a3ecd4ab97,swf,top_level_not_necessarily_human,machine_index_complete,Original session identifiers and machine paths retained in local audit backup.
sha256:b78c4c926459db7df6b9,swf,top_level_not_necessarily_human,machine_index_complete,Original session identifiers and machine paths retained in local audit backup.
sha256:ab943efdaf45054f7d45,swf,top_level_not_necessarily_human,machine_index_complete,Original session identifiers and machine paths retained in local audit backup.
sha256:7c60ebdb1bc243483f4f,swf,top_level_not_necessarily_human,machine_index_complete,Original session identifiers and machine paths retained in local audit backup.
sha256:f52a6ba03f5637f4cc22,swf,top_level_not_necessarily_human,machine_index_complete,Original session identifiers and machine paths retained in local audit backup.
sha256:aef14b80e1d16ed6c483,swf,top_level_not_necessarily_human,machine_index_complete,Original session identifiers and machine paths retained in local audit backup.
sha256:c614ee6737a1eb246fcf,swf,native_subagent,machine_index_complete,Original session identifiers and machine paths retained in local audit backup.
sha256:216774de3da70ffb178d,swf,native_subagent,machine_index_complete,Original session identifiers and machine paths retained in local audit backup.
sha256:c924769743acd87d41d6,swf,native_subagent,machine_index_complete,Original session identifiers and machine paths retained in local audit backup.
sha256:546a7083b775ac3a51c7,swf,native_subagent,machine_index_complete,Original session identifiers and machine paths retained in local audit backup.
sha256:a24590a97930bd954976,swf,top_level_not_necessarily_human,machine_index_complete,Original session identifiers and machine paths retained in local audit backup.
sha256:cd8fd40aaa3052adbc77,swf,native_subagent,machine_index_complete,Original session identifiers and machine paths retained in local audit backup.
