
> superpowering-with-files@2.0.1 verify:all
> npm run verify:trio && npm run verify:core && npm run verify:homepage && npm run verify:render


> superpowering-with-files@2.0.1 verify:trio
> node --test tests/trio/authority-parity.test.mjs tests/trio/command-read.test.mjs tests/trio/decision.test.mjs tests/trio/decision-accuracy.test.mjs tests/trio/dev-capability.test.mjs tests/trio/dev-evidence.test.mjs tests/trio/host-routing.test.mjs tests/trio/install-upgrade.test.mjs tests/trio/lifecycle.test.mjs tests/trio/office-capability.test.mjs tests/trio/office-evidence.test.mjs tests/trio/permission-routing.test.mjs tests/trio/projection.test.mjs tests/trio/read.test.mjs tests/trio/recovery.test.mjs tests/trio/routing.test.mjs tests/trio/model-routing.test.mjs tests/trio/safety-capability.test.mjs tests/trio/shadow-gate.test.mjs tests/trio/store.test.mjs tests/trio/vocabulary.test.mjs && node tests/trio/import-boundaries.test.mjs --milestone final

✔ Trio Core authority resolves the nearest ancestor harness marker from a nested cwd (54.33825ms)
✔ Core authority preserves explicit, override, environment, and git-boundary behavior (157.485708ms)
✔ retired runtime authority modules are absent and installer consumers import Trio Core directly (10.5875ms)
✔ trioCommand status resolves a unique active task without --task and preserves file bytes (29.331833ms)
✔ trioCommand status --summary returns the exact recorded summary for an explicit task (10.725875ms)
✔ trioCommand status --summary honors an explicit task when multiple active tasks exist (10.4415ms)
✔ trioCommand rejects summary without an explicit task or with an attached value before any read/write (13.471041ms)
✔ trioCommand CLI status --summary emits one JSON record with no stdout pollution (294.010584ms)
✔ trioCommand summary keeps exact-reader failures and empty content fail-closed (86.195708ms)
✔ trioCommand summary refreshes source text and hash after findings drift (26.388792ms)
✔ trioCommand summary preserves terminal status without lifecycle side effects (22.071875ms)
✔ trio next fails closed without a declared work role and makes no model decision (37.682791ms)
✔ trioCommand calculates next --dry-run without writing or creating a Trio (97.55625ms)
✔ trioCommand routes quick no-Trio work inline without reading or creating Trio files (5.429666ms)
✔ trioCommand returns create-trio only for definite tracked no-Trio cases (6.379917ms)
✔ trioCommand fails closed for multiple or corrupt tasks and invalid explicit task IDs (68.611917ms)
✔ verify all runs the final Trio inventory before legacy backstops (3.986333ms)
✔ trio next --dry-run exposes role and complexity decisions without writing (44.540541ms)
✔ trio next rejects execution overrides and unknown role or complexity input (9.753292ms)
✔ trio next records structured Chief override provenance and stays read-only (39.083125ms)
✔ trio write commands render JSON-serializable reports to a captured stdout writer (186.913416ms)
✔ ground truth covers every fixture case with a declared vocabulary value (4.211334ms)
✔ the transition field now expresses every truth value in the vocabulary (8.097583ms)
✔ a recorded infrastructure failure is consumed: the gate recommends retry, not done (1.630416ms)
✔ the committed accuracy report is reproducible and keeps the two gate columns distinct (5.71925ms)
✔ decision vocabulary is frozen and labels every question with its evidence class (1.93225ms)
✔ validateDecisionRequest accepts a canonical request and rejects unknown bundles, questions and kinds (1.844375ms)
✔ validateDecisionResponse requires provenance and rejects out-of-scale or mistyped answers (1.944625ms)
✔ resolvePlanReady requires every plan question and treats a blocking unknown as not ready (0.175459ms)
✔ resolveActionGate only escalates to policy and never authorises (0.163458ms)
✔ resolveNextState covers every outcome and never escalates intelligence on infrastructure failure (0.293625ms)
✔ resolveReleaseState never returns allowed from readiness alone (0.149792ms)
✔ resolveComposites and transitionRecommendationOf dispatch per bundle (0.179583ms)
✔ evaluateDecision answers from operator input or deterministic evidence and reports what is unevaluable (0.537833ms)
✔ decision trace round-trips locally and never accepts chain-of-thought (22.61475ms)
✔ classifyFailure separates infrastructure from cognitive failure and never escalates on infrastructure (0.382042ms)
✔ shadow fixtures cover every evaluation row and replay deterministically (17.235833ms)
✔ S1 prioritizes known failures and scope problems over unknown checks (0.716084ms)
✔ S1 does not turn not-run or unreadable evidence into retry or done (0.288042ms)
✔ S1 rejects duplicate deterministic checks before resolution (0.201167ms)
✔ S1 known failure and broken scope dominate a separate infrastructure failure (0.0985ms)
✔ S1 an incomplete semantic verification still retries a measured timeout (0.075625ms)
✔ five shared skill identities survive extraction and local support resolves (19.277584ms)
✔ dev routes risk-relevant proof and preserves existing evidence (3.702541ms)
✔ dev recovery and delivery terms preserve scope and evidence boundaries (3.899ms)
✔ semantic proof safeguards cannot be removed while wording can change (3.259958ms)
✔ routing distinguishes direct completion from delegated acceptance (1.512917ms)
✔ completion requires authorized verification and repair while preserving real stops (2.591584ms)
✔ entry template delegates detail and retains only routing and authority boundaries (1.357625ms)
✔ ChiefOps selected delegation preserves frozen scope and Host lifecycle safeguards (1.640041ms)
✔ ChiefOps selective intake keeps quick work direct and Linear optional (1.359834ms)
✔ ChiefOps day and night handoff preserves readiness and head-bound proof (0.924834ms)
✔ ChiefOps closure separates local archive, Linear auto-archive, and Codex archive (0.981708ms)
✔ accepted PR feedback refinements retain all current-head and terminal gates (2.354584ms)
✔ PWF recovery is event driven and retains exactly three durable files (4.093916ms)
✔ overengineering review accepts evidence without fabricated line savings (0.372291ms)
✔ PWF templates initialize three files and resume without overwriting state or requiring a companion (663.880958ms)
✔ ChiefOps night queue intake is an explicit, evidence-gated human decision (1.16075ms)
✔ a command result maps to exactly one observed status (4.033166ms)
✔ a timed-out or signalled command is unknown rather than a failed check (0.217875ms)
✔ every declared dev check is reported exactly once (0.219833ms)
✔ an undeclared check id is rejected instead of silently recorded (0.267042ms)
✔ adapter output carries observed facts and no opinion (0.222541ms)
✔ git state is reported as facts without a verdict (0.117792ms)
✔ adapter output satisfies the verify bundle evidence contract (0.607291ms)
✔ collection records what a runner observed and never throws for a check (0.405667ms)
✔ collection reads git state and survives a failing git reader (0.4475ms)
✔ collection rejects an undeclared or duplicated command set (0.289459ms)
✔ the adapter stays provider-neutral and adds no model vocabulary (11.026833ms)
✔ deterministic serialization is stable for identical observations (0.240084ms)
✔ S1 limits dev evidence to explicit requiredCheckIds and preserves default compatibility (0.525334ms)
✔ S1 derives dev required scope from commands and retains timeout facts (0.125ms)
✔ S1 collector preserves a nonzero exit reported through runner rejection (0.13275ms)
✔ resolveHostOperation selects a native subagent with exact route evidence (4.647541ms)
✔ default non-spawn operations remain manual regardless of visible identity claims (5.6015ms)
✔ default execution keeps lifecycle identity evidence manual when only visible capability exists (0.562458ms)
✔ generic host adapter fails closed to a bounded manual pending descriptor (0.334542ms)
✔ Host routing selects a native subagent and then falls back to manual pending (0.492083ms)
✔ default execution selects a safe native subagent even when a visible worker is available (0.39325ms)
✔ native descriptors snapshot the validated packet before binding its digest (0.465708ms)
✔ packet aliases retain their native delegation policy (0.68075ms)
✔ packet aliases retain their legacy strict topology (0.746042ms)
✔ spawn routes do not inherit an old visible worker identity, status, or actual model evidence (1.120916ms)
✔ native subagents cannot be selected for non-spawn operations without a native child identity (0.599458ms)
✔ manual capability evidence preserves observed native support when safety is unbound (0.257833ms)
✔ Codex host adapter normalizes explicit observations without executing an operation (0.273208ms)
✔ Host capability support is operation-scoped across supported, unsupported, and unknown states (0.921583ms)
✔ Host routing ignores unauthenticated and request-side actual model claims (0.161625ms)
✔ Host worker candidate status remains manual without a visible route (0.324541ms)
✔ Host operation descriptors support spawn, continue, status, interrupt, and collect without visible routes (0.165459ms)
✔ strict primary execution retires even when a visible worker is available (0.179ms)
✔ strict primary execution never falls back to a native subagent (0.160666ms)
✔ strict primary execution fails closed when no visible worker capability is observed (0.132417ms)
✔ R2/R3 valid strict input retires all five Host operations without visible or native fallback (0.546334ms)
✔ R4 default operations with only an authenticated visible capability never produce a visible route (0.792417ms)
✔ R12 preserves historical visible_worker vocabulary and parses released legacy lane evidence (0.338292ms)
✔ non-strict primary execution keeps the native-first to manual chain (0.852083ms)
✔ assignment packets carry topology intent inside capability without a new top-level field (0.204041ms)
✔ capability.childDelegation = prohibited denies any native child route even with a valid child envelope (0.528125ms)
✔ strict visible-worker-required packet retires before childDelegation policy evaluation (0.201583ms)
✔ explicit child delegation policies do not revive retired strict packets (0.288708ms)
✔ legacy non-strict packets without childDelegation preserve native subagent compatibility (0.156042ms)
✔ unknown childDelegation values fail closed before native child acceptance (0.189333ms)
✔ unknown capability.executionMode values fail closed before native child acceptance (0.163708ms)
✔ unknown primary execution mode values fail closed (0.101209ms)
✔ R11 foundational errors precede strict retirement while topology policy stays retired-first (0.789333ms)
✔ static capability configuration alone grants no dynamic child permission (0.131208ms)
✔ Host routing validates packet and outer model policy before retiring strict topology (0.357542ms)
✔ packet capability validation runs before every Host route decision (0.218875ms)
✔ host operations fail closed without a declared work role or execution complexity (0.284459ms)
✔ packet digest authentication cannot expose actual worker facts without a visible route (0.48725ms)
✔ child requests must carry a bound model and effort no wider than the parent (0.654458ms)
✔ a strict unavailable Host returns manual_pending with the intact packet and digest (0.163875ms)
✔ adapter vocabulary reserves claude_code and pi as unimplemented (0.075625ms)
✔ Codex adapter maps provider-neutral permission intent without claiming Host application (0.477375ms)
✔ Codex adapter keeps an out-of-scope request blocked before any manual gate (0.133875ms)
✔ Codex adapter surfaces bound actual permission only with authenticated digest evidence and never applies it (0.25725ms)
✔ Codex adapter treats a missing requested approval policy as unbound even with fully authenticated actual evidence (1.901167ms)
✔ Codex adapter keeps partial authenticated evidence manual_pending when writable roots are absent (0.540583ms)
✔ Codex adapter keeps partial authenticated evidence manual_pending when reviewer state is absent (0.29925ms)
✔ Codex adapter keeps generated .agents targets blocked when generatedTargets is an empty list (0.932041ms)
✔ Codex adapter keeps the user-global .codex/AGENTS.md projection generated and blocked (0.760667ms)
✔ Host awaiting_approval remains recognized while visible lifecycle continuation stays manual (0.511458ms)
✔ same semantic lane in awaiting_approval blocks a new spawn even with a different output root (1.981917ms)
✔ blocked and unaccepted candidate_done lanes keep the semantic lane reserved until an authenticated Chief release (4.205292ms)
✔ only an explicitly distinct frozen slice identity admits an independent dispatch lane (1.239834ms)
✔ a revised packet digest for the same task and frozen slice cannot open a reserved semantic lane (0.925041ms)
✔ reserved lanes without task or current-slice identity fail closed on non-overlapping spawns (2.848875ms)
✔ task and frozen slice identity alone reserve a lane even without a packet digest (0.369916ms)
✔ every unreleased active status reserves the same task and frozen slice semantic lane (2.220083ms)
✔ a packet-less legacy spawn facing a fully identified active lane is pending, not independent (1.681334ms)
✔ an unresolved worktree clientThreadId blocks a fallback spawn until that exact setup resolves (0.981042ms)
✔ Host create-attempt accounting allows one bounded correction then manual_pending (0.666708ms)
✔ Codex adapter keeps the requested approval policy separate from authenticated actual Host evidence (1.172875ms)
✔ production selectors require an explicit fixture bridge before any legacy dependency (28.368083ms)
{
  "runtime": "trio",
  "mode": "fresh",
  "writes": [
    "/private/var/folders/1_/m2vfg4n10n9_50cz0bmvnmx80000gn/T/trio-v2-production-fresh-ZTTt0A/authority/AGENTS.md",
    "/private/var/folders/1_/m2vfg4n10n9_50cz0bmvnmx80000gn/T/trio-v2-production-fresh-ZTTt0A/authority/.agents/skills/trio/SKILL.md",
    "/private/var/folders/1_/m2vfg4n10n9_50cz0bmvnmx80000gn/T/trio-v2-production-fresh-ZTTt0A/authority/.agents/skills/trio/dev/SKILL.md",
    "/private/var/folders/1_/m2vfg4n10n9_50cz0bmvnmx80000gn/T/trio-v2-production-fresh-ZTTt0A/authority/.agents/skills/trio/office/SKILL.md",
    "/private/var/folders/1_/m2vfg4n10n9_50cz0bmvnmx80000gn/T/trio-v2-production-fresh-ZTTt0A/authority/.agents/skills/trio/safety/SKILL.md",
    "/private/var/folders/1_/m2vfg4n10n9_50cz0bmvnmx80000gn/T/trio-v2-production-fresh-ZTTt0A/authority/.agents/skills/chiefops/SKILL.md",
    "/private/var/folders/1_/m2vfg4n10n9_50cz0bmvnmx80000gn/T/trio-v2-production-fresh-ZTTt0A/authority/.agents/skills/trio/references/execution.md",
    "/private/var/folders/1_/m2vfg4n10n9_50cz0bmvnmx80000gn/T/trio-v2-production-fresh-ZTTt0A/authority/.agents/skills/trio/dev/references/methods.md",
    "/private/var/folders/1_/m2vfg4n10n9_50cz0bmvnmx80000gn/T/trio-v2-production-fresh-ZTTt0A/authority/.agents/skills/trio/dev/references/review.md",
    "/private/var/folders/1_/m2vfg4n10n9_50cz0bmvnmx80000gn/T/trio-v2-production-fresh-ZTTt0A/authority/.agents/skills/trio/dev/references/pr-feedback.md",
    "/private/var/folders/1_/m2vfg4n10n9_50cz0bmvnmx80000gn/T/trio-v2-production-fresh-ZTTt0A/authority/.agents/skills/chiefops/references/delegated-execution.md",
    "/private/var/folders/1_/m2vfg4n10n9_50cz0bmvnmx80000gn/T/trio-v2-production-fresh-ZTTt0A/authority/.agents/skills/trio/office/references/source-backed-work.md",
    "/private/var/folders/1_/m2vfg4n10n9_50cz0bmvnmx80000gn/T/trio-v2-production-fresh-ZTTt0A/authority/.agents/skills/trio/office/references/artifact-and-delivery.md"
  ],
  "conflicts": []
}
{
  "schemaVersion": 2,
  "runtime": "trio",
  "mode": "dry-run",
  "descriptors": [
    {
      "targetId": "codex",
      "surface": "entry",
      "destination": "/private/var/folders/1_/m2vfg4n10n9_50cz0bmvnmx80000gn/T/trio-v2-production-fresh-ZTTt0A/authority/AGENTS.md",
      "action": "update",
      "execution": "managed",
      "conflict": false
    },
    {
      "targetId": "codex",
      "surface": "trio",
      "destination": "/private/var/folders/1_/m2vfg4n10n9_50cz0bmvnmx80000gn/T/trio-v2-production-fresh-ZTTt0A/authority/.agents/skills/trio/SKILL.md",
      "action": "update",
      "execution": "managed",
      "conflict": false
    },
    {
      "targetId": "codex",
      "surface": "dev",
      "destination": "/private/var/folders/1_/m2vfg4n10n9_50cz0bmvnmx80000gn/T/trio-v2-production-fresh-ZTTt0A/authority/.agents/skills/trio/dev/SKILL.md",
      "action": "update",
      "execution": "managed",
      "conflict": false
    },
    {
      "targetId": "codex",
      "surface": "office",
      "destination": "/private/var/folders/1_/m2vfg4n10n9_50cz0bmvnmx80000gn/T/trio-v2-production-fresh-ZTTt0A/authority/.agents/skills/trio/office/SKILL.md",
      "action": "update",
      "execution": "managed",
      "conflict": false
    },
    {
      "targetId": "codex",
      "surface": "safety",
      "destination": "/private/var/folders/1_/m2vfg4n10n9_50cz0bmvnmx80000gn/T/trio-v2-production-fresh-ZTTt0A/authority/.agents/skills/trio/safety/SKILL.md",
      "action": "update",
      "execution": "managed",
      "conflict": false
    },
    {
      "targetId": "codex",
      "surface": "chiefops",
      "destination": "/private/var/folders/1_/m2vfg4n10n9_50cz0bmvnmx80000gn/T/trio-v2-production-fresh-ZTTt0A/authority/.agents/skills/chiefops/SKILL.md",
      "action": "update",
      "execution": "managed",
      "conflict": false
    },
    {
      "targetId": "codex",
      "surface": "trio/references/execution.md",
      "destination": "/private/var/folders/1_/m2vfg4n10n9_50cz0bmvnmx80000gn/T/trio-v2-production-fresh-ZTTt0A/authority/.agents/skills/trio/references/execution.md",
      "action": "update",
      "execution": "managed",
      "conflict": false
    },
    {
      "targetId": "codex",
      "surface": "dev/references/methods.md",
      "destination": "/private/var/folders/1_/m2vfg4n10n9_50cz0bmvnmx80000gn/T/trio-v2-production-fresh-ZTTt0A/authority/.agents/skills/trio/dev/references/methods.md",
      "action": "update",
      "execution": "managed",
      "conflict": false
    },
    {
      "targetId": "codex",
      "surface": "dev/references/review.md",
      "destination": "/private/var/folders/1_/m2vfg4n10n9_50cz0bmvnmx80000gn/T/trio-v2-production-fresh-ZTTt0A/authority/.agents/skills/trio/dev/references/review.md",
      "action": "update",
      "execution": "managed",
      "conflict": false
    },
    {
      "targetId": "codex",
      "surface": "dev/references/pr-feedback.md",
      "destination": "/private/var/folders/1_/m2vfg4n10n9_50cz0bmvnmx80000gn/T/trio-v2-production-fresh-ZTTt0A/authority/.agents/skills/trio/dev/references/pr-feedback.md",
      "action": "update",
      "execution": "managed",
      "conflict": false
    },
    {
      "targetId": "codex",
      "surface": "chiefops/references/delegated-execution.md",
      "destination": "/private/var/folders/1_/m2vfg4n10n9_50cz0bmvnmx80000gn/T/trio-v2-production-fresh-ZTTt0A/authority/.agents/skills/chiefops/references/delegated-execution.md",
      "action": "update",
      "execution": "managed",
      "conflict": false
    },
    {
      "targetId": "codex",
      "surface": "office/references/source-backed-work.md",
      "destination": "/private/var/folders/1_/m2vfg4n10n9_50cz0bmvnmx80000gn/T/trio-v2-production-fresh-ZTTt0A/authority/.agents/skills/trio/office/references/source-backed-work.md",
      "action": "update",
      "execution": "managed",
      "conflict": false
    },
    {
      "targetId": "codex",
      "surface": "office/references/artifact-and-delivery.md",
      "destination": "/private/var/folders/1_/m2vfg4n10n9_50cz0bmvnmx80000gn/T/trio-v2-production-fresh-ZTTt0A/authority/.agents/skills/trio/office/references/artifact-and-delivery.md",
      "action": "update",
      "execution": "managed",
      "conflict": false
    }
  ],
  "conflicts": []
}
{
  "schemaVersion": 2,
  "runtime": "trio",
  "mode": "check",
  "descriptors": [
    {
      "targetId": "codex",
      "surface": "entry",
      "destination": "/private/var/folders/1_/m2vfg4n10n9_50cz0bmvnmx80000gn/T/trio-v2-production-fresh-ZTTt0A/authority/AGENTS.md",
      "action": "update",
      "execution": "managed",
      "conflict": false
    },
    {
      "targetId": "codex",
      "surface": "trio",
      "destination": "/private/var/folders/1_/m2vfg4n10n9_50cz0bmvnmx80000gn/T/trio-v2-production-fresh-ZTTt0A/authority/.agents/skills/trio/SKILL.md",
      "action": "update",
      "execution": "managed",
      "conflict": false
    },
    {
      "targetId": "codex",
      "surface": "dev",
      "destination": "/private/var/folders/1_/m2vfg4n10n9_50cz0bmvnmx80000gn/T/trio-v2-production-fresh-ZTTt0A/authority/.agents/skills/trio/dev/SKILL.md",
      "action": "update",
      "execution": "managed",
      "conflict": false
    },
    {
      "targetId": "codex",
      "surface": "office",
      "destination": "/private/var/folders/1_/m2vfg4n10n9_50cz0bmvnmx80000gn/T/trio-v2-production-fresh-ZTTt0A/authority/.agents/skills/trio/office/SKILL.md",
      "action": "update",
      "execution": "managed",
      "conflict": false
    },
    {
      "targetId": "codex",
      "surface": "safety",
      "destination": "/private/var/folders/1_/m2vfg4n10n9_50cz0bmvnmx80000gn/T/trio-v2-production-fresh-ZTTt0A/authority/.agents/skills/trio/safety/SKILL.md",
      "action": "update",
      "execution": "managed",
      "conflict": false
    },
    {
      "targetId": "codex",
      "surface": "chiefops",
      "destination": "/private/var/folders/1_/m2vfg4n10n9_50cz0bmvnmx80000gn/T/trio-v2-production-fresh-ZTTt0A/authority/.agents/skills/chiefops/SKILL.md",
      "action": "update",
      "execution": "managed",
      "conflict": false
    },
    {
      "targetId": "codex",
      "surface": "trio/references/execution.md",
      "destination": "/private/var/folders/1_/m2vfg4n10n9_50cz0bmvnmx80000gn/T/trio-v2-production-fresh-ZTTt0A/authority/.agents/skills/trio/references/execution.md",
      "action": "update",
      "execution": "managed",
      "conflict": false
    },
    {
      "targetId": "codex",
      "surface": "dev/references/methods.md",
      "destination": "/private/var/folders/1_/m2vfg4n10n9_50cz0bmvnmx80000gn/T/trio-v2-production-fresh-ZTTt0A/authority/.agents/skills/trio/dev/references/methods.md",
      "action": "update",
      "execution": "managed",
      "conflict": false
    },
    {
      "targetId": "codex",
      "surface": "dev/references/review.md",
      "destination": "/private/var/folders/1_/m2vfg4n10n9_50cz0bmvnmx80000gn/T/trio-v2-production-fresh-ZTTt0A/authority/.agents/skills/trio/dev/references/review.md",
      "action": "update",
      "execution": "managed",
      "conflict": false
    },
    {
      "targetId": "codex",
      "surface": "dev/references/pr-feedback.md",
      "destination": "/private/var/folders/1_/m2vfg4n10n9_50cz0bmvnmx80000gn/T/trio-v2-production-fresh-ZTTt0A/authority/.agents/skills/trio/dev/references/pr-feedback.md",
      "action": "update",
      "execution": "managed",
      "conflict": false
    },
    {
      "targetId": "codex",
      "surface": "chiefops/references/delegated-execution.md",
      "destination": "/private/var/folders/1_/m2vfg4n10n9_50cz0bmvnmx80000gn/T/trio-v2-production-fresh-ZTTt0A/authority/.agents/skills/chiefops/references/delegated-execution.md",
      "action": "update",
      "execution": "managed",
      "conflict": false
    },
    {
      "targetId": "codex",
      "surface": "office/references/source-backed-work.md",
      "destination": "/private/var/folders/1_/m2vfg4n10n9_50cz0bmvnmx80000gn/T/trio-v2-production-fresh-ZTTt0A/authority/.agents/skills/trio/office/references/source-backed-work.md",
      "action": "update",
      "execution": "managed",
      "conflict": false
    },
    {
      "targetId": "codex",
      "surface": "office/references/artifact-and-delivery.md",
      "destination": "/private/var/folders/1_/m2vfg4n10n9_50cz0bmvnmx80000gn/T/trio-v2-production-fresh-ZTTt0A/authority/.agents/skills/trio/office/references/artifact-and-delivery.md",
      "action": "update",
      "execution": "managed",
      "conflict": false
    }
  ],
  "conflicts": []
}
{
  "schemaVersion": 2,
  "runtime": "trio",
  "mode": "apply",
  "descriptors": [
    {
      "targetId": "codex",
      "surface": "entry",
      "destination": "/private/var/folders/1_/m2vfg4n10n9_50cz0bmvnmx80000gn/T/trio-v2-production-fresh-ZTTt0A/authority/AGENTS.md",
      "action": "update",
      "execution": "managed",
      "conflict": false
    },
    {
      "targetId": "codex",
      "surface": "trio",
      "destination": "/private/var/folders/1_/m2vfg4n10n9_50cz0bmvnmx80000gn/T/trio-v2-production-fresh-ZTTt0A/authority/.agents/skills/trio/SKILL.md",
      "action": "update",
      "execution": "managed",
      "conflict": false
    },
    {
      "targetId": "codex",
      "surface": "dev",
      "destination": "/private/var/folders/1_/m2vfg4n10n9_50cz0bmvnmx80000gn/T/trio-v2-production-fresh-ZTTt0A/authority/.agents/skills/trio/dev/SKILL.md",
      "action": "update",
      "execution": "managed",
      "conflict": false
    },
    {
      "targetId": "codex",
      "surface": "office",
      "destination": "/private/var/folders/1_/m2vfg4n10n9_50cz0bmvnmx80000gn/T/trio-v2-production-fresh-ZTTt0A/authority/.agents/skills/trio/office/SKILL.md",
      "action": "update",
      "execution": "managed",
      "conflict": false
    },
    {
      "targetId": "codex",
      "surface": "safety",
      "destination": "/private/var/folders/1_/m2vfg4n10n9_50cz0bmvnmx80000gn/T/trio-v2-production-fresh-ZTTt0A/authority/.agents/skills/trio/safety/SKILL.md",
      "action": "update",
      "execution": "managed",
      "conflict": false
    },
    {
      "targetId": "codex",
      "surface": "chiefops",
      "destination": "/private/var/folders/1_/m2vfg4n10n9_50cz0bmvnmx80000gn/T/trio-v2-production-fresh-ZTTt0A/authority/.agents/skills/chiefops/SKILL.md",
      "action": "update",
      "execution": "managed",
      "conflict": false
    },
    {
      "targetId": "codex",
      "surface": "trio/references/execution.md",
      "destination": "/private/var/folders/1_/m2vfg4n10n9_50cz0bmvnmx80000gn/T/trio-v2-production-fresh-ZTTt0A/authority/.agents/skills/trio/references/execution.md",
      "action": "update",
      "execution": "managed",
      "conflict": false
    },
    {
      "targetId": "codex",
      "surface": "dev/references/methods.md",
      "destination": "/private/var/folders/1_/m2vfg4n10n9_50cz0bmvnmx80000gn/T/trio-v2-production-fresh-ZTTt0A/authority/.agents/skills/trio/dev/references/methods.md",
      "action": "update",
      "execution": "managed",
      "conflict": false
    },
    {
      "targetId": "codex",
      "surface": "dev/references/review.md",
      "destination": "/private/var/folders/1_/m2vfg4n10n9_50cz0bmvnmx80000gn/T/trio-v2-production-fresh-ZTTt0A/authority/.agents/skills/trio/dev/references/review.md",
      "action": "update",
      "execution": "managed",
      "conflict": false
    },
    {
      "targetId": "codex",
      "surface": "dev/references/pr-feedback.md",
      "destination": "/private/var/folders/1_/m2vfg4n10n9_50cz0bmvnmx80000gn/T/trio-v2-production-fresh-ZTTt0A/authority/.agents/skills/trio/dev/references/pr-feedback.md",
      "action": "update",
      "execution": "managed",
      "conflict": false
    },
    {
      "targetId": "codex",
      "surface": "chiefops/references/delegated-execution.md",
      "destination": "/private/var/folders/1_/m2vfg4n10n9_50cz0bmvnmx80000gn/T/trio-v2-production-fresh-ZTTt0A/authority/.agents/skills/chiefops/references/delegated-execution.md",
      "action": "update",
      "execution": "managed",
      "conflict": false
    },
    {
      "targetId": "codex",
      "surface": "office/references/source-backed-work.md",
      "destination": "/private/var/folders/1_/m2vfg4n10n9_50cz0bmvnmx80000gn/T/trio-v2-production-fresh-ZTTt0A/authority/.agents/skills/trio/office/references/source-backed-work.md",
      "action": "update",
      "execution": "managed",
      "conflict": false
    },
    {
      "targetId": "codex",
      "surface": "office/references/artifact-and-delivery.md",
      "destination": "/private/var/folders/1_/m2vfg4n10n9_50cz0bmvnmx80000gn/T/trio-v2-production-fresh-ZTTt0A/authority/.agents/skills/trio/office/references/artifact-and-delivery.md",
      "action": "update",
      "execution": "managed",
      "conflict": false
    }
  ],
  "conflicts": []
}
{
  "schemaVersion": 2,
  "runtime": "trio",
  "readable": true,
  "descriptorCount": 13,
  "conflicts": [],
  "mode": "check-only"
}
{
  "schemaVersion": 2,
  "runtime": "trio",
  "opened": true,
  "rendered": false,
  "descriptorCount": 13,
  "conflicts": []
}
✔ production no-state defaults to Trio and uses one scope-aware environment for lifecycle commands (1583.572833ms)
✔ Trio projection passes externally captured target and parent conditions to every publication (481.656791ms)
{
  "runtime": "trio",
  "mode": "fresh",
  "writes": [
    "/private/var/folders/1_/m2vfg4n10n9_50cz0bmvnmx80000gn/T/trio-v2-production-concurrent-install-cb89sq/authority/AGENTS.md",
    "/private/var/folders/1_/m2vfg4n10n9_50cz0bmvnmx80000gn/T/trio-v2-production-concurrent-install-cb89sq/authority/.agents/skills/trio/SKILL.md",
    "/private/var/folders/1_/m2vfg4n10n9_50cz0bmvnmx80000gn/T/trio-v2-production-concurrent-install-cb89sq/authority/.agents/skills/trio/dev/SKILL.md",
    "/private/var/folders/1_/m2vfg4n10n9_50cz0bmvnmx80000gn/T/trio-v2-production-concurrent-install-cb89sq/authority/.agents/skills/trio/office/SKILL.md",
    "/private/var/folders/1_/m2vfg4n10n9_50cz0bmvnmx80000gn/T/trio-v2-production-concurrent-install-cb89sq/authority/.agents/skills/trio/safety/SKILL.md",
    "/private/var/folders/1_/m2vfg4n10n9_50cz0bmvnmx80000gn/T/trio-v2-production-concurrent-install-cb89sq/authority/.agents/skills/chiefops/SKILL.md",
    "/private/var/folders/1_/m2vfg4n10n9_50cz0bmvnmx80000gn/T/trio-v2-production-concurrent-install-cb89sq/authority/.agents/skills/trio/references/execution.md",
    "/private/var/folders/1_/m2vfg4n10n9_50cz0bmvnmx80000gn/T/trio-v2-production-concurrent-install-cb89sq/authority/.agents/skills/trio/dev/references/methods.md",
    "/private/var/folders/1_/m2vfg4n10n9_50cz0bmvnmx80000gn/T/trio-v2-production-concurrent-install-cb89sq/authority/.agents/skills/trio/dev/references/review.md",
    "/private/var/folders/1_/m2vfg4n10n9_50cz0bmvnmx80000gn/T/trio-v2-production-concurrent-install-cb89sq/authority/.agents/skills/trio/dev/references/pr-feedback.md",
    "/private/var/folders/1_/m2vfg4n10n9_50cz0bmvnmx80000gn/T/trio-v2-production-concurrent-install-cb89sq/authority/.agents/skills/chiefops/references/delegated-execution.md",
    "/private/var/folders/1_/m2vfg4n10n9_50cz0bmvnmx80000gn/T/trio-v2-production-concurrent-install-cb89sq/authority/.agents/skills/trio/office/references/source-backed-work.md",
    "/private/var/folders/1_/m2vfg4n10n9_50cz0bmvnmx80000gn/T/trio-v2-production-concurrent-install-cb89sq/authority/.agents/skills/trio/office/references/artifact-and-delivery.md"
  ],
  "conflicts": []
}
{
  "runtime": "trio",
  "mode": "reinstall",
  "writes": [
    "/private/var/folders/1_/m2vfg4n10n9_50cz0bmvnmx80000gn/T/trio-v2-production-concurrent-install-cb89sq/authority/AGENTS.md",
    "/private/var/folders/1_/m2vfg4n10n9_50cz0bmvnmx80000gn/T/trio-v2-production-concurrent-install-cb89sq/authority/.agents/skills/trio/SKILL.md",
    "/private/var/folders/1_/m2vfg4n10n9_50cz0bmvnmx80000gn/T/trio-v2-production-concurrent-install-cb89sq/authority/.agents/skills/trio/dev/SKILL.md",
    "/private/var/folders/1_/m2vfg4n10n9_50cz0bmvnmx80000gn/T/trio-v2-production-concurrent-install-cb89sq/authority/.agents/skills/trio/office/SKILL.md",
    "/private/var/folders/1_/m2vfg4n10n9_50cz0bmvnmx80000gn/T/trio-v2-production-concurrent-install-cb89sq/authority/.agents/skills/trio/safety/SKILL.md",
    "/private/var/folders/1_/m2vfg4n10n9_50cz0bmvnmx80000gn/T/trio-v2-production-concurrent-install-cb89sq/authority/.agents/skills/chiefops/SKILL.md",
    "/private/var/folders/1_/m2vfg4n10n9_50cz0bmvnmx80000gn/T/trio-v2-production-concurrent-install-cb89sq/authority/.agents/skills/trio/references/execution.md",
    "/private/var/folders/1_/m2vfg4n10n9_50cz0bmvnmx80000gn/T/trio-v2-production-concurrent-install-cb89sq/authority/.agents/skills/trio/dev/references/methods.md",
    "/private/var/folders/1_/m2vfg4n10n9_50cz0bmvnmx80000gn/T/trio-v2-production-concurrent-install-cb89sq/authority/.agents/skills/trio/dev/references/review.md",
    "/private/var/folders/1_/m2vfg4n10n9_50cz0bmvnmx80000gn/T/trio-v2-production-concurrent-install-cb89sq/authority/.agents/skills/trio/dev/references/pr-feedback.md",
    "/private/var/folders/1_/m2vfg4n10n9_50cz0bmvnmx80000gn/T/trio-v2-production-concurrent-install-cb89sq/authority/.agents/skills/chiefops/references/delegated-execution.md",
    "/private/var/folders/1_/m2vfg4n10n9_50cz0bmvnmx80000gn/T/trio-v2-production-concurrent-install-cb89sq/authority/.agents/skills/trio/office/references/source-backed-work.md",
    "/private/var/folders/1_/m2vfg4n10n9_50cz0bmvnmx80000gn/T/trio-v2-production-concurrent-install-cb89sq/authority/.agents/skills/trio/office/references/artifact-and-delivery.md"
  ],
  "conflicts": []
}
✔ concurrent production installs serialize and re-probe state inside the authority publication lock (948.539625ms)
✔ a residual publication lock makes actual production install time out before any state or target mutation (2153.593917ms)
✔ a persisted V1 fixture requires explicit upgrade and never falls through to fresh Trio overwrite (25.482416ms)
{
  "runtime": "trio",
  "mode": "fresh",
  "writes": [
    "/private/var/folders/1_/m2vfg4n10n9_50cz0bmvnmx80000gn/T/trio-v2-production-v2-reinstall-LyjMpF/authority/AGENTS.md",
    "/private/var/folders/1_/m2vfg4n10n9_50cz0bmvnmx80000gn/T/trio-v2-production-v2-reinstall-LyjMpF/authority/.agents/skills/trio/SKILL.md",
    "/private/var/folders/1_/m2vfg4n10n9_50cz0bmvnmx80000gn/T/trio-v2-production-v2-reinstall-LyjMpF/authority/.agents/skills/trio/dev/SKILL.md",
    "/private/var/folders/1_/m2vfg4n10n9_50cz0bmvnmx80000gn/T/trio-v2-production-v2-reinstall-LyjMpF/authority/.agents/skills/trio/office/SKILL.md",
    "/private/var/folders/1_/m2vfg4n10n9_50cz0bmvnmx80000gn/T/trio-v2-production-v2-reinstall-LyjMpF/authority/.agents/skills/trio/safety/SKILL.md",
    "/private/var/folders/1_/m2vfg4n10n9_50cz0bmvnmx80000gn/T/trio-v2-production-v2-reinstall-LyjMpF/authority/.agents/skills/chiefops/SKILL.md",
    "/private/var/folders/1_/m2vfg4n10n9_50cz0bmvnmx80000gn/T/trio-v2-production-v2-reinstall-LyjMpF/authority/.agents/skills/trio/references/execution.md",
    "/private/var/folders/1_/m2vfg4n10n9_50cz0bmvnmx80000gn/T/trio-v2-production-v2-reinstall-LyjMpF/authority/.agents/skills/trio/dev/references/methods.md",
    "/private/var/folders/1_/m2vfg4n10n9_50cz0bmvnmx80000gn/T/trio-v2-production-v2-reinstall-LyjMpF/authority/.agents/skills/trio/dev/references/review.md",
    "/private/var/folders/1_/m2vfg4n10n9_50cz0bmvnmx80000gn/T/trio-v2-production-v2-reinstall-LyjMpF/authority/.agents/skills/trio/dev/references/pr-feedback.md",
    "/private/var/folders/1_/m2vfg4n10n9_50cz0bmvnmx80000gn/T/trio-v2-production-v2-reinstall-LyjMpF/authority/.agents/skills/chiefops/references/delegated-execution.md",
    "/private/var/folders/1_/m2vfg4n10n9_50cz0bmvnmx80000gn/T/trio-v2-production-v2-reinstall-LyjMpF/authority/.agents/skills/trio/office/references/source-backed-work.md",
    "/private/var/folders/1_/m2vfg4n10n9_50cz0bmvnmx80000gn/T/trio-v2-production-v2-reinstall-LyjMpF/authority/.agents/skills/trio/office/references/artifact-and-delivery.md"
  ],
  "conflicts": []
}
{
  "runtime": "trio",
  "mode": "reinstall",
  "writes": [
    "/private/var/folders/1_/m2vfg4n10n9_50cz0bmvnmx80000gn/T/trio-v2-production-v2-reinstall-LyjMpF/authority/AGENTS.md",
    "/private/var/folders/1_/m2vfg4n10n9_50cz0bmvnmx80000gn/T/trio-v2-production-v2-reinstall-LyjMpF/authority/.agents/skills/trio/SKILL.md",
    "/private/var/folders/1_/m2vfg4n10n9_50cz0bmvnmx80000gn/T/trio-v2-production-v2-reinstall-LyjMpF/authority/.agents/skills/trio/dev/SKILL.md",
    "/private/var/folders/1_/m2vfg4n10n9_50cz0bmvnmx80000gn/T/trio-v2-production-v2-reinstall-LyjMpF/authority/.agents/skills/trio/office/SKILL.md",
    "/private/var/folders/1_/m2vfg4n10n9_50cz0bmvnmx80000gn/T/trio-v2-production-v2-reinstall-LyjMpF/authority/.agents/skills/trio/safety/SKILL.md",
    "/private/var/folders/1_/m2vfg4n10n9_50cz0bmvnmx80000gn/T/trio-v2-production-v2-reinstall-LyjMpF/authority/.agents/skills/chiefops/SKILL.md",
    "/private/var/folders/1_/m2vfg4n10n9_50cz0bmvnmx80000gn/T/trio-v2-production-v2-reinstall-LyjMpF/authority/.agents/skills/trio/references/execution.md",
    "/private/var/folders/1_/m2vfg4n10n9_50cz0bmvnmx80000gn/T/trio-v2-production-v2-reinstall-LyjMpF/authority/.agents/skills/trio/dev/references/methods.md",
    "/private/var/folders/1_/m2vfg4n10n9_50cz0bmvnmx80000gn/T/trio-v2-production-v2-reinstall-LyjMpF/authority/.agents/skills/trio/dev/references/review.md",
    "/private/var/folders/1_/m2vfg4n10n9_50cz0bmvnmx80000gn/T/trio-v2-production-v2-reinstall-LyjMpF/authority/.agents/skills/trio/dev/references/pr-feedback.md",
    "/private/var/folders/1_/m2vfg4n10n9_50cz0bmvnmx80000gn/T/trio-v2-production-v2-reinstall-LyjMpF/authority/.agents/skills/chiefops/references/delegated-execution.md",
    "/private/var/folders/1_/m2vfg4n10n9_50cz0bmvnmx80000gn/T/trio-v2-production-v2-reinstall-LyjMpF/authority/.agents/skills/trio/office/references/source-backed-work.md",
    "/private/var/folders/1_/m2vfg4n10n9_50cz0bmvnmx80000gn/T/trio-v2-production-v2-reinstall-LyjMpF/authority/.agents/skills/trio/office/references/artifact-and-delivery.md"
  ],
  "conflicts": []
}
✔ production V2 reinstall preserves recovery and ownership while refusing user-owned drift (962.229334ms)
✔ production projection settles zero, single-scope, and both-scope managed surface cardinalities (1437.291792ms)
{
  "runtime": "trio",
  "mode": "fresh",
  "writes": [
    "/private/var/folders/1_/m2vfg4n10n9_50cz0bmvnmx80000gn/T/trio-v2-production-diagnostic-missing-GFoFCu/authority/AGENTS.md",
    "/private/var/folders/1_/m2vfg4n10n9_50cz0bmvnmx80000gn/T/trio-v2-production-diagnostic-missing-GFoFCu/authority/.agents/skills/trio/SKILL.md",
    "/private/var/folders/1_/m2vfg4n10n9_50cz0bmvnmx80000gn/T/trio-v2-production-diagnostic-missing-GFoFCu/authority/.agents/skills/trio/dev/SKILL.md",
    "/private/var/folders/1_/m2vfg4n10n9_50cz0bmvnmx80000gn/T/trio-v2-production-diagnostic-missing-GFoFCu/authority/.agents/skills/trio/office/SKILL.md",
    "/private/var/folders/1_/m2vfg4n10n9_50cz0bmvnmx80000gn/T/trio-v2-production-diagnostic-missing-GFoFCu/authority/.agents/skills/trio/safety/SKILL.md",
    "/private/var/folders/1_/m2vfg4n10n9_50cz0bmvnmx80000gn/T/trio-v2-production-diagnostic-missing-GFoFCu/authority/.agents/skills/chiefops/SKILL.md",
    "/private/var/folders/1_/m2vfg4n10n9_50cz0bmvnmx80000gn/T/trio-v2-production-diagnostic-missing-GFoFCu/authority/.agents/skills/trio/references/execution.md",
    "/private/var/folders/1_/m2vfg4n10n9_50cz0bmvnmx80000gn/T/trio-v2-production-diagnostic-missing-GFoFCu/authority/.agents/skills/trio/dev/references/methods.md",
    "/private/var/folders/1_/m2vfg4n10n9_50cz0bmvnmx80000gn/T/trio-v2-production-diagnostic-missing-GFoFCu/authority/.agents/skills/trio/dev/references/review.md",
    "/private/var/folders/1_/m2vfg4n10n9_50cz0bmvnmx80000gn/T/trio-v2-production-diagnostic-missing-GFoFCu/authority/.agents/skills/trio/dev/references/pr-feedback.md",
    "/private/var/folders/1_/m2vfg4n10n9_50cz0bmvnmx80000gn/T/trio-v2-production-diagnostic-missing-GFoFCu/authority/.agents/skills/chiefops/references/delegated-execution.md",
    "/private/var/folders/1_/m2vfg4n10n9_50cz0bmvnmx80000gn/T/trio-v2-production-diagnostic-missing-GFoFCu/authority/.agents/skills/trio/office/references/source-backed-work.md",
    "/private/var/folders/1_/m2vfg4n10n9_50cz0bmvnmx80000gn/T/trio-v2-production-diagnostic-missing-GFoFCu/authority/.agents/skills/trio/office/references/artifact-and-delivery.md"
  ],
  "conflicts": []
}
✔ production doctor and verify fail closed on a missing managed projection (353.712916ms)
{
  "runtime": "trio",
  "mode": "fresh",
  "writes": [
    "/private/var/folders/1_/m2vfg4n10n9_50cz0bmvnmx80000gn/T/trio-v2-production-diagnostic-content-drift-DC1AU4/authority/AGENTS.md",
    "/private/var/folders/1_/m2vfg4n10n9_50cz0bmvnmx80000gn/T/trio-v2-production-diagnostic-content-drift-DC1AU4/authority/.agents/skills/trio/SKILL.md",
    "/private/var/folders/1_/m2vfg4n10n9_50cz0bmvnmx80000gn/T/trio-v2-production-diagnostic-content-drift-DC1AU4/authority/.agents/skills/trio/dev/SKILL.md",
    "/private/var/folders/1_/m2vfg4n10n9_50cz0bmvnmx80000gn/T/trio-v2-production-diagnostic-content-drift-DC1AU4/authority/.agents/skills/trio/office/SKILL.md",
    "/private/var/folders/1_/m2vfg4n10n9_50cz0bmvnmx80000gn/T/trio-v2-production-diagnostic-content-drift-DC1AU4/authority/.agents/skills/trio/safety/SKILL.md",
    "/private/var/folders/1_/m2vfg4n10n9_50cz0bmvnmx80000gn/T/trio-v2-production-diagnostic-content-drift-DC1AU4/authority/.agents/skills/chiefops/SKILL.md",
    "/private/var/folders/1_/m2vfg4n10n9_50cz0bmvnmx80000gn/T/trio-v2-production-diagnostic-content-drift-DC1AU4/authority/.agents/skills/trio/references/execution.md",
    "/private/var/folders/1_/m2vfg4n10n9_50cz0bmvnmx80000gn/T/trio-v2-production-diagnostic-content-drift-DC1AU4/authority/.agents/skills/trio/dev/references/methods.md",
    "/private/var/folders/1_/m2vfg4n10n9_50cz0bmvnmx80000gn/T/trio-v2-production-diagnostic-content-drift-DC1AU4/authority/.agents/skills/trio/dev/references/review.md",
    "/private/var/folders/1_/m2vfg4n10n9_50cz0bmvnmx80000gn/T/trio-v2-production-diagnostic-content-drift-DC1AU4/authority/.agents/skills/trio/dev/references/pr-feedback.md",
    "/private/var/folders/1_/m2vfg4n10n9_50cz0bmvnmx80000gn/T/trio-v2-production-diagnostic-content-drift-DC1AU4/authority/.agents/skills/chiefops/references/delegated-execution.md",
    "/private/var/folders/1_/m2vfg4n10n9_50cz0bmvnmx80000gn/T/trio-v2-production-diagnostic-content-drift-DC1AU4/authority/.agents/skills/trio/office/references/source-backed-work.md",
    "/private/var/folders/1_/m2vfg4n10n9_50cz0bmvnmx80000gn/T/trio-v2-production-diagnostic-content-drift-DC1AU4/authority/.agents/skills/trio/office/references/artifact-and-delivery.md"
  ],
  "conflicts": []
}
✔ production doctor and verify fail closed on user content drift (393.456875ms)
{
  "runtime": "trio",
  "mode": "fresh",
  "writes": [
    "/private/var/folders/1_/m2vfg4n10n9_50cz0bmvnmx80000gn/T/trio-v2-production-diagnostic-ownership-drift-sXIoHK/authority/AGENTS.md",
    "/private/var/folders/1_/m2vfg4n10n9_50cz0bmvnmx80000gn/T/trio-v2-production-diagnostic-ownership-drift-sXIoHK/authority/.agents/skills/trio/SKILL.md",
    "/private/var/folders/1_/m2vfg4n10n9_50cz0bmvnmx80000gn/T/trio-v2-production-diagnostic-ownership-drift-sXIoHK/authority/.agents/skills/trio/dev/SKILL.md",
    "/private/var/folders/1_/m2vfg4n10n9_50cz0bmvnmx80000gn/T/trio-v2-production-diagnostic-ownership-drift-sXIoHK/authority/.agents/skills/trio/office/SKILL.md",
    "/private/var/folders/1_/m2vfg4n10n9_50cz0bmvnmx80000gn/T/trio-v2-production-diagnostic-ownership-drift-sXIoHK/authority/.agents/skills/trio/safety/SKILL.md",
    "/private/var/folders/1_/m2vfg4n10n9_50cz0bmvnmx80000gn/T/trio-v2-production-diagnostic-ownership-drift-sXIoHK/authority/.agents/skills/chiefops/SKILL.md",
    "/private/var/folders/1_/m2vfg4n10n9_50cz0bmvnmx80000gn/T/trio-v2-production-diagnostic-ownership-drift-sXIoHK/authority/.agents/skills/trio/references/execution.md",
    "/private/var/folders/1_/m2vfg4n10n9_50cz0bmvnmx80000gn/T/trio-v2-production-diagnostic-ownership-drift-sXIoHK/authority/.agents/skills/trio/dev/references/methods.md",
    "/private/var/folders/1_/m2vfg4n10n9_50cz0bmvnmx80000gn/T/trio-v2-production-diagnostic-ownership-drift-sXIoHK/authority/.agents/skills/trio/dev/references/review.md",
    "/private/var/folders/1_/m2vfg4n10n9_50cz0bmvnmx80000gn/T/trio-v2-production-diagnostic-ownership-drift-sXIoHK/authority/.agents/skills/trio/dev/references/pr-feedback.md",
    "/private/var/folders/1_/m2vfg4n10n9_50cz0bmvnmx80000gn/T/trio-v2-production-diagnostic-ownership-drift-sXIoHK/authority/.agents/skills/chiefops/references/delegated-execution.md",
    "/private/var/folders/1_/m2vfg4n10n9_50cz0bmvnmx80000gn/T/trio-v2-production-diagnostic-ownership-drift-sXIoHK/authority/.agents/skills/trio/office/references/source-backed-work.md",
    "/private/var/folders/1_/m2vfg4n10n9_50cz0bmvnmx80000gn/T/trio-v2-production-diagnostic-ownership-drift-sXIoHK/authority/.agents/skills/trio/office/references/artifact-and-delivery.md"
  ],
  "conflicts": []
}
✔ production doctor and verify fail closed on ownership evidence drift (421.098334ms)
{
  "runtime": "trio",
  "mode": "fresh",
  "writes": [
    "/private/var/folders/1_/m2vfg4n10n9_50cz0bmvnmx80000gn/T/trio-v2-production-diagnostic-physical-gate-U4g2Xe/authority/AGENTS.md",
    "/private/var/folders/1_/m2vfg4n10n9_50cz0bmvnmx80000gn/T/trio-v2-production-diagnostic-physical-gate-U4g2Xe/authority/.agents/skills/trio/SKILL.md",
    "/private/var/folders/1_/m2vfg4n10n9_50cz0bmvnmx80000gn/T/trio-v2-production-diagnostic-physical-gate-U4g2Xe/authority/.agents/skills/trio/dev/SKILL.md",
    "/private/var/folders/1_/m2vfg4n10n9_50cz0bmvnmx80000gn/T/trio-v2-production-diagnostic-physical-gate-U4g2Xe/authority/.agents/skills/trio/office/SKILL.md",
    "/private/var/folders/1_/m2vfg4n10n9_50cz0bmvnmx80000gn/T/trio-v2-production-diagnostic-physical-gate-U4g2Xe/authority/.agents/skills/trio/safety/SKILL.md",
    "/private/var/folders/1_/m2vfg4n10n9_50cz0bmvnmx80000gn/T/trio-v2-production-diagnostic-physical-gate-U4g2Xe/authority/.agents/skills/chiefops/SKILL.md",
    "/private/var/folders/1_/m2vfg4n10n9_50cz0bmvnmx80000gn/T/trio-v2-production-diagnostic-physical-gate-U4g2Xe/authority/.agents/skills/trio/references/execution.md",
    "/private/var/folders/1_/m2vfg4n10n9_50cz0bmvnmx80000gn/T/trio-v2-production-diagnostic-physical-gate-U4g2Xe/authority/.agents/skills/trio/dev/references/methods.md",
    "/private/var/folders/1_/m2vfg4n10n9_50cz0bmvnmx80000gn/T/trio-v2-production-diagnostic-physical-gate-U4g2Xe/authority/.agents/skills/trio/dev/references/review.md",
    "/private/var/folders/1_/m2vfg4n10n9_50cz0bmvnmx80000gn/T/trio-v2-production-diagnostic-physical-gate-U4g2Xe/authority/.agents/skills/trio/dev/references/pr-feedback.md",
    "/private/var/folders/1_/m2vfg4n10n9_50cz0bmvnmx80000gn/T/trio-v2-production-diagnostic-physical-gate-U4g2Xe/authority/.agents/skills/chiefops/references/delegated-execution.md",
    "/private/var/folders/1_/m2vfg4n10n9_50cz0bmvnmx80000gn/T/trio-v2-production-diagnostic-physical-gate-U4g2Xe/authority/.agents/skills/trio/office/references/source-backed-work.md",
    "/private/var/folders/1_/m2vfg4n10n9_50cz0bmvnmx80000gn/T/trio-v2-production-diagnostic-physical-gate-U4g2Xe/authority/.agents/skills/trio/office/references/artifact-and-delivery.md"
  ],
  "conflicts": []
}
✔ production doctor and verify preserve physical-gate failure for a symlinked projection (416.324584ms)
✔ Trio apply preserves a foreign create after an absent precondition and reports incomplete rollback honestly (38.380834ms)
✔ production install retains foreign V1 state injected immediately after its lock-held absent probe (286.378292ms)
✔ Trio apply consumes a thrown Core publication receipt and compensates its proven identity (92.854458ms)
✔ Trio compensation preserves a stable parent replacement encountered after a proven publication (83.447375ms)
✔ Trio apply preserves a stable real parent replacement with zero later target or state mutation (68.105ms)
{
  "runtime": "trio",
  "mode": "upgrade",
  "writes": [
    "/private/var/folders/1_/m2vfg4n10n9_50cz0bmvnmx80000gn/T/trio-v2-production-upgrade-v1-standard-uy513h/home/.codex/AGENTS.md",
    "/private/var/folders/1_/m2vfg4n10n9_50cz0bmvnmx80000gn/T/trio-v2-production-upgrade-v1-standard-uy513h/home/.agents/skills/trio/SKILL.md",
    "/private/var/folders/1_/m2vfg4n10n9_50cz0bmvnmx80000gn/T/trio-v2-production-upgrade-v1-standard-uy513h/home/.agents/skills/trio/dev/SKILL.md",
    "/private/var/folders/1_/m2vfg4n10n9_50cz0bmvnmx80000gn/T/trio-v2-production-upgrade-v1-standard-uy513h/home/.agents/skills/trio/office/SKILL.md",
    "/private/var/folders/1_/m2vfg4n10n9_50cz0bmvnmx80000gn/T/trio-v2-production-upgrade-v1-standard-uy513h/home/.agents/skills/trio/safety/SKILL.md",
    "/private/var/folders/1_/m2vfg4n10n9_50cz0bmvnmx80000gn/T/trio-v2-production-upgrade-v1-standard-uy513h/home/.agents/skills/chiefops/SKILL.md",
    "/private/var/folders/1_/m2vfg4n10n9_50cz0bmvnmx80000gn/T/trio-v2-production-upgrade-v1-standard-uy513h/home/.agents/skills/trio/references/execution.md",
    "/private/var/folders/1_/m2vfg4n10n9_50cz0bmvnmx80000gn/T/trio-v2-production-upgrade-v1-standard-uy513h/home/.agents/skills/trio/dev/references/methods.md",
    "/private/var/folders/1_/m2vfg4n10n9_50cz0bmvnmx80000gn/T/trio-v2-production-upgrade-v1-standard-uy513h/home/.agents/skills/trio/dev/references/review.md",
    "/private/var/folders/1_/m2vfg4n10n9_50cz0bmvnmx80000gn/T/trio-v2-production-upgrade-v1-standard-uy513h/home/.agents/skills/trio/dev/references/pr-feedback.md",
    "/private/var/folders/1_/m2vfg4n10n9_50cz0bmvnmx80000gn/T/trio-v2-production-upgrade-v1-standard-uy513h/home/.agents/skills/chiefops/references/delegated-execution.md",
    "/private/var/folders/1_/m2vfg4n10n9_50cz0bmvnmx80000gn/T/trio-v2-production-upgrade-v1-standard-uy513h/home/.agents/skills/trio/office/references/source-backed-work.md",
    "/private/var/folders/1_/m2vfg4n10n9_50cz0bmvnmx80000gn/T/trio-v2-production-upgrade-v1-standard-uy513h/home/.agents/skills/trio/office/references/artifact-and-delivery.md"
  ],
  "conflicts": [
    {
      "targetId": "cursor",
      "surface": "entry",
      "destination": "/private/var/folders/1_/m2vfg4n10n9_50cz0bmvnmx80000gn/T/trio-v2-production-upgrade-v1-standard-uy513h/home/manual/cursor/entry-policy.md",
      "reason": "destination-observation-unknown"
    },
    {
      "targetId": "cursor",
      "surface": "trio",
      "destination": "/private/var/folders/1_/m2vfg4n10n9_50cz0bmvnmx80000gn/T/trio-v2-production-upgrade-v1-standard-uy513h/home/manual/cursor/skills/trio/SKILL.md",
      "reason": "destination-observation-unknown"
    },
    {
      "targetId": "cursor",
      "surface": "dev",
      "destination": "/private/var/folders/1_/m2vfg4n10n9_50cz0bmvnmx80000gn/T/trio-v2-production-upgrade-v1-standard-uy513h/home/manual/cursor/skills/trio/dev/SKILL.md",
      "reason": "destination-observation-unknown"
    },
    {
      "targetId": "cursor",
      "surface": "office",
      "destination": "/private/var/folders/1_/m2vfg4n10n9_50cz0bmvnmx80000gn/T/trio-v2-production-upgrade-v1-standard-uy513h/home/manual/cursor/skills/trio/office/SKILL.md",
      "reason": "destination-observation-unknown"
    },
    {
      "targetId": "cursor",
      "surface": "safety",
      "destination": "/private/var/folders/1_/m2vfg4n10n9_50cz0bmvnmx80000gn/T/trio-v2-production-upgrade-v1-standard-uy513h/home/manual/cursor/skills/trio/safety/SKILL.md",
      "reason": "destination-observation-unknown"
    },
    {
      "targetId": "cursor",
      "surface": "chiefops",
      "destination": "/private/var/folders/1_/m2vfg4n10n9_50cz0bmvnmx80000gn/T/trio-v2-production-upgrade-v1-standard-uy513h/home/manual/cursor/skills/chiefops/SKILL.md",
      "reason": "destination-observation-unknown"
    },
    {
      "targetId": "cursor",
      "surface": "trio/references/execution.md",
      "destination": "/private/var/folders/1_/m2vfg4n10n9_50cz0bmvnmx80000gn/T/trio-v2-production-upgrade-v1-standard-uy513h/home/manual/cursor/skills/trio/references/execution.md",
      "reason": "destination-observation-unknown"
    },
    {
      "targetId": "cursor",
      "surface": "dev/references/methods.md",
      "destination": "/private/var/folders/1_/m2vfg4n10n9_50cz0bmvnmx80000gn/T/trio-v2-production-upgrade-v1-standard-uy513h/home/manual/cursor/skills/trio/dev/references/methods.md",
      "reason": "destination-observation-unknown"
    },
    {
      "targetId": "cursor",
      "surface": "dev/references/review.md",
      "destination": "/private/var/folders/1_/m2vfg4n10n9_50cz0bmvnmx80000gn/T/trio-v2-production-upgrade-v1-standard-uy513h/home/manual/cursor/skills/trio/dev/references/review.md",
      "reason": "destination-observation-unknown"
    },
    {
      "targetId": "cursor",
      "surface": "dev/references/pr-feedback.md",
      "destination": "/private/var/folders/1_/m2vfg4n10n9_50cz0bmvnmx80000gn/T/trio-v2-production-upgrade-v1-standard-uy513h/home/manual/cursor/skills/trio/dev/references/pr-feedback.md",
      "reason": "destination-observation-unknown"
    },
    {
      "targetId": "cursor",
      "surface": "chiefops/references/delegated-execution.md",
      "destination": "/private/var/folders/1_/m2vfg4n10n9_50cz0bmvnmx80000gn/T/trio-v2-production-upgrade-v1-standard-uy513h/home/manual/cursor/skills/chiefops/references/delegated-execution.md",
      "reason": "destination-observation-unknown"
    },
    {
      "targetId": "cursor",
      "surface": "office/references/source-backed-work.md",
      "destination": "/private/var/folders/1_/m2vfg4n10n9_50cz0bmvnmx80000gn/T/trio-v2-production-upgrade-v1-standard-uy513h/home/manual/cursor/skills/trio/office/references/source-backed-work.md",
      "reason": "destination-observation-unknown"
    },
    {
      "targetId": "cursor",
      "surface": "office/references/artifact-and-delivery.md",
      "destination": "/private/var/folders/1_/m2vfg4n10n9_50cz0bmvnmx80000gn/T/trio-v2-production-upgrade-v1-standard-uy513h/home/manual/cursor/skills/trio/office/references/artifact-and-delivery.md",
      "reason": "destination-observation-unknown"
    }
  ]
}
{
  "schemaVersion": 2,
  "runtime": "trio",
  "mode": "dry-run",
  "descriptors": [
    {
      "targetId": "codex",
      "surface": "entry",
      "destination": "/private/var/folders/1_/m2vfg4n10n9_50cz0bmvnmx80000gn/T/trio-v2-production-upgrade-v1-standard-uy513h/home/.codex/AGENTS.md",
      "action": "update",
      "execution": "managed",
      "conflict": false
    },
    {
      "targetId": "codex",
      "surface": "trio",
      "destination": "/private/var/folders/1_/m2vfg4n10n9_50cz0bmvnmx80000gn/T/trio-v2-production-upgrade-v1-standard-uy513h/home/.agents/skills/trio/SKILL.md",
      "action": "update",
      "execution": "managed",
      "conflict": false
    },
    {
      "targetId": "codex",
      "surface": "dev",
      "destination": "/private/var/folders/1_/m2vfg4n10n9_50cz0bmvnmx80000gn/T/trio-v2-production-upgrade-v1-standard-uy513h/home/.agents/skills/trio/dev/SKILL.md",
      "action": "update",
      "execution": "managed",
      "conflict": false
    },
    {
      "targetId": "codex",
      "surface": "office",
      "destination": "/private/var/folders/1_/m2vfg4n10n9_50cz0bmvnmx80000gn/T/trio-v2-production-upgrade-v1-standard-uy513h/home/.agents/skills/trio/office/SKILL.md",
      "action": "update",
      "execution": "managed",
      "conflict": false
    },
    {
      "targetId": "codex",
      "surface": "safety",
      "destination": "/private/var/folders/1_/m2vfg4n10n9_50cz0bmvnmx80000gn/T/trio-v2-production-upgrade-v1-standard-uy513h/home/.agents/skills/trio/safety/SKILL.md",
      "action": "update",
      "execution": "managed",
      "conflict": false
    },
    {
      "targetId": "codex",
      "surface": "chiefops",
      "destination": "/private/var/folders/1_/m2vfg4n10n9_50cz0bmvnmx80000gn/T/trio-v2-production-upgrade-v1-standard-uy513h/home/.agents/skills/chiefops/SKILL.md",
      "action": "update",
      "execution": "managed",
      "conflict": false
    },
    {
      "targetId": "codex",
      "surface": "trio/references/execution.md",
      "destination": "/private/var/folders/1_/m2vfg4n10n9_50cz0bmvnmx80000gn/T/trio-v2-production-upgrade-v1-standard-uy513h/home/.agents/skills/trio/references/execution.md",
      "action": "update",
      "execution": "managed",
      "conflict": false
    },
    {
      "targetId": "codex",
      "surface": "dev/references/methods.md",
      "destination": "/private/var/folders/1_/m2vfg4n10n9_50cz0bmvnmx80000gn/T/trio-v2-production-upgrade-v1-standard-uy513h/home/.agents/skills/trio/dev/references/methods.md",
      "action": "update",
      "execution": "managed",
      "conflict": false
    },
    {
      "targetId": "codex",
      "surface": "dev/references/review.md",
      "destination": "/private/var/folders/1_/m2vfg4n10n9_50cz0bmvnmx80000gn/T/trio-v2-production-upgrade-v1-standard-uy513h/home/.agents/skills/trio/dev/references/review.md",
      "action": "update",
      "execution": "managed",
      "conflict": false
    },
    {
      "targetId": "codex",
      "surface": "dev/references/pr-feedback.md",
      "destination": "/private/var/folders/1_/m2vfg4n10n9_50cz0bmvnmx80000gn/T/trio-v2-production-upgrade-v1-standard-uy513h/home/.agents/skills/trio/dev/references/pr-feedback.md",
      "action": "update",
      "execution": "managed",
      "conflict": false
    },
    {
      "targetId": "codex",
      "surface": "chiefops/references/delegated-execution.md",
      "destination": "/private/var/folders/1_/m2vfg4n10n9_50cz0bmvnmx80000gn/T/trio-v2-production-upgrade-v1-standard-uy513h/home/.agents/skills/chiefops/references/delegated-execution.md",
      "action": "update",
      "execution": "managed",
      "conflict": false
    },
    {
      "targetId": "codex",
      "surface": "office/references/source-backed-work.md",
      "destination": "/private/var/folders/1_/m2vfg4n10n9_50cz0bmvnmx80000gn/T/trio-v2-production-upgrade-v1-standard-uy513h/home/.agents/skills/trio/office/references/source-backed-work.md",
      "action": "update",
      "execution": "managed",
      "conflict": false
    },
    {
      "targetId": "codex",
      "surface": "office/references/artifact-and-delivery.md",
      "destination": "/private/var/folders/1_/m2vfg4n10n9_50cz0bmvnmx80000gn/T/trio-v2-production-upgrade-v1-standard-uy513h/home/.agents/skills/trio/office/references/artifact-and-delivery.md",
      "action": "update",
      "execution": "managed",
      "conflict": false
    },
    {
      "targetId": "cursor",
      "surface": "entry",
      "destination": "/private/var/folders/1_/m2vfg4n10n9_50cz0bmvnmx80000gn/T/trio-v2-production-upgrade-v1-standard-uy513h/home/manual/cursor/entry-policy.md",
      "action": "preserve",
      "execution": "manual",
      "conflict": true
    },
    {
      "targetId": "cursor",
      "surface": "trio",
      "destination": "/private/var/folders/1_/m2vfg4n10n9_50cz0bmvnmx80000gn/T/trio-v2-production-upgrade-v1-standard-uy513h/home/manual/cursor/skills/trio/SKILL.md",
      "action": "preserve",
      "execution": "manual",
      "conflict": true
    },
    {
      "targetId": "cursor",
      "surface": "dev",
      "destination": "/private/var/folders/1_/m2vfg4n10n9_50cz0bmvnmx80000gn/T/trio-v2-production-upgrade-v1-standard-uy513h/home/manual/cursor/skills/trio/dev/SKILL.md",
      "action": "preserve",
      "execution": "manual",
      "conflict": true
    },
    {
      "targetId": "cursor",
      "surface": "office",
      "destination": "/private/var/folders/1_/m2vfg4n10n9_50cz0bmvnmx80000gn/T/trio-v2-production-upgrade-v1-standard-uy513h/home/manual/cursor/skills/trio/office/SKILL.md",
      "action": "preserve",
      "execution": "manual",
      "conflict": true
    },
    {
      "targetId": "cursor",
      "surface": "safety",
      "destination": "/private/var/folders/1_/m2vfg4n10n9_50cz0bmvnmx80000gn/T/trio-v2-production-upgrade-v1-standard-uy513h/home/manual/cursor/skills/trio/safety/SKILL.md",
      "action": "preserve",
      "execution": "manual",
      "conflict": true
    },
    {
      "targetId": "cursor",
      "surface": "chiefops",
      "destination": "/private/var/folders/1_/m2vfg4n10n9_50cz0bmvnmx80000gn/T/trio-v2-production-upgrade-v1-standard-uy513h/home/manual/cursor/skills/chiefops/SKILL.md",
      "action": "preserve",
      "execution": "manual",
      "conflict": true
    },
    {
      "targetId": "cursor",
      "surface": "trio/references/execution.md",
      "destination": "/private/var/folders/1_/m2vfg4n10n9_50cz0bmvnmx80000gn/T/trio-v2-production-upgrade-v1-standard-uy513h/home/manual/cursor/skills/trio/references/execution.md",
      "action": "preserve",
      "execution": "manual",
      "conflict": true
    },
    {
      "targetId": "cursor",
      "surface": "dev/references/methods.md",
      "destination": "/private/var/folders/1_/m2vfg4n10n9_50cz0bmvnmx80000gn/T/trio-v2-production-upgrade-v1-standard-uy513h/home/manual/cursor/skills/trio/dev/references/methods.md",
      "action": "preserve",
      "execution": "manual",
      "conflict": true
    },
    {
      "targetId": "cursor",
      "surface": "dev/references/review.md",
      "destination": "/private/var/folders/1_/m2vfg4n10n9_50cz0bmvnmx80000gn/T/trio-v2-production-upgrade-v1-standard-uy513h/home/manual/cursor/skills/trio/dev/references/review.md",
      "action": "preserve",
      "execution": "manual",
      "conflict": true
    },
    {
      "targetId": "cursor",
      "surface": "dev/references/pr-feedback.md",
      "destination": "/private/var/folders/1_/m2vfg4n10n9_50cz0bmvnmx80000gn/T/trio-v2-production-upgrade-v1-standard-uy513h/home/manual/cursor/skills/trio/dev/references/pr-feedback.md",
      "action": "preserve",
      "execution": "manual",
      "conflict": true
    },
    {
      "targetId": "cursor",
      "surface": "chiefops/references/delegated-execution.md",
      "destination": "/private/var/folders/1_/m2vfg4n10n9_50cz0bmvnmx80000gn/T/trio-v2-production-upgrade-v1-standard-uy513h/home/manual/cursor/skills/chiefops/references/delegated-execution.md",
      "action": "preserve",
      "execution": "manual",
      "conflict": true
    },
    {
      "targetId": "cursor",
      "surface": "office/references/source-backed-work.md",
      "destination": "/private/var/folders/1_/m2vfg4n10n9_50cz0bmvnmx80000gn/T/trio-v2-production-upgrade-v1-standard-uy513h/home/manual/cursor/skills/trio/office/references/source-backed-work.md",
      "action": "preserve",
      "execution": "manual",
      "conflict": true
    },
    {
      "targetId": "cursor",
      "surface": "office/references/artifact-and-delivery.md",
      "destination": "/private/var/folders/1_/m2vfg4n10n9_50cz0bmvnmx80000gn/T/trio-v2-production-upgrade-v1-standard-uy513h/home/manual/cursor/skills/trio/office/references/artifact-and-delivery.md",
      "action": "preserve",
      "execution": "manual",
      "conflict": true
    }
  ],
  "conflicts": [
    {
      "targetId": "cursor",
      "surface": "entry",
      "destination": "/private/var/folders/1_/m2vfg4n10n9_50cz0bmvnmx80000gn/T/trio-v2-production-upgrade-v1-standard-uy513h/home/manual/cursor/entry-policy.md",
      "reason": "destination-observation-unknown"
    },
    {
      "targetId": "cursor",
      "surface": "trio",
      "destination": "/private/var/folders/1_/m2vfg4n10n9_50cz0bmvnmx80000gn/T/trio-v2-production-upgrade-v1-standard-uy513h/home/manual/cursor/skills/trio/SKILL.md",
      "reason": "destination-observation-unknown"
    },
    {
      "targetId": "cursor",
      "surface": "dev",
      "destination": "/private/var/folders/1_/m2vfg4n10n9_50cz0bmvnmx80000gn/T/trio-v2-production-upgrade-v1-standard-uy513h/home/manual/cursor/skills/trio/dev/SKILL.md",
      "reason": "destination-observation-unknown"
    },
    {
      "targetId": "cursor",
      "surface": "office",
      "destination": "/private/var/folders/1_/m2vfg4n10n9_50cz0bmvnmx80000gn/T/trio-v2-production-upgrade-v1-standard-uy513h/home/manual/cursor/skills/trio/office/SKILL.md",
      "reason": "destination-observation-unknown"
    },
    {
      "targetId": "cursor",
      "surface": "safety",
      "destination": "/private/var/folders/1_/m2vfg4n10n9_50cz0bmvnmx80000gn/T/trio-v2-production-upgrade-v1-standard-uy513h/home/manual/cursor/skills/trio/safety/SKILL.md",
      "reason": "destination-observation-unknown"
    },
    {
      "targetId": "cursor",
      "surface": "chiefops",
      "destination": "/private/var/folders/1_/m2vfg4n10n9_50cz0bmvnmx80000gn/T/trio-v2-production-upgrade-v1-standard-uy513h/home/manual/cursor/skills/chiefops/SKILL.md",
      "reason": "destination-observation-unknown"
    },
    {
      "targetId": "cursor",
      "surface": "trio/references/execution.md",
      "destination": "/private/var/folders/1_/m2vfg4n10n9_50cz0bmvnmx80000gn/T/trio-v2-production-upgrade-v1-standard-uy513h/home/manual/cursor/skills/trio/references/execution.md",
      "reason": "destination-observation-unknown"
    },
    {
      "targetId": "cursor",
      "surface": "dev/references/methods.md",
      "destination": "/private/var/folders/1_/m2vfg4n10n9_50cz0bmvnmx80000gn/T/trio-v2-production-upgrade-v1-standard-uy513h/home/manual/cursor/skills/trio/dev/references/methods.md",
      "reason": "destination-observation-unknown"
    },
    {
      "targetId": "cursor",
      "surface": "dev/references/review.md",
      "destination": "/private/var/folders/1_/m2vfg4n10n9_50cz0bmvnmx80000gn/T/trio-v2-production-upgrade-v1-standard-uy513h/home/manual/cursor/skills/trio/dev/references/review.md",
      "reason": "destination-observation-unknown"
    },
    {
      "targetId": "cursor",
      "surface": "dev/references/pr-feedback.md",
      "destination": "/private/var/folders/1_/m2vfg4n10n9_50cz0bmvnmx80000gn/T/trio-v2-production-upgrade-v1-standard-uy513h/home/manual/cursor/skills/trio/dev/references/pr-feedback.md",
      "reason": "destination-observation-unknown"
    },
    {
      "targetId": "cursor",
      "surface": "chiefops/references/delegated-execution.md",
      "destination": "/private/var/folders/1_/m2vfg4n10n9_50cz0bmvnmx80000gn/T/trio-v2-production-upgrade-v1-standard-uy513h/home/manual/cursor/skills/chiefops/references/delegated-execution.md",
      "reason": "destination-observation-unknown"
    },
    {
      "targetId": "cursor",
      "surface": "office/references/source-backed-work.md",
      "destination": "/private/var/folders/1_/m2vfg4n10n9_50cz0bmvnmx80000gn/T/trio-v2-production-upgrade-v1-standard-uy513h/home/manual/cursor/skills/trio/office/references/source-backed-work.md",
      "reason": "destination-observation-unknown"
    },
    {
      "targetId": "cursor",
      "surface": "office/references/artifact-and-delivery.md",
      "destination": "/private/var/folders/1_/m2vfg4n10n9_50cz0bmvnmx80000gn/T/trio-v2-production-upgrade-v1-standard-uy513h/home/manual/cursor/skills/trio/office/references/artifact-and-delivery.md",
      "reason": "destination-observation-unknown"
    }
  ]
}
{
  "schemaVersion": 2,
  "runtime": "trio",
  "mode": "check",
  "descriptors": [
    {
      "targetId": "codex",
      "surface": "entry",
      "destination": "/private/var/folders/1_/m2vfg4n10n9_50cz0bmvnmx80000gn/T/trio-v2-production-upgrade-v1-standard-uy513h/home/.codex/AGENTS.md",
      "action": "update",
      "execution": "managed",
      "conflict": false
    },
    {
      "targetId": "codex",
      "surface": "trio",
      "destination": "/private/var/folders/1_/m2vfg4n10n9_50cz0bmvnmx80000gn/T/trio-v2-production-upgrade-v1-standard-uy513h/home/.agents/skills/trio/SKILL.md",
      "action": "update",
      "execution": "managed",
      "conflict": false
    },
    {
      "targetId": "codex",
      "surface": "dev",
      "destination": "/private/var/folders/1_/m2vfg4n10n9_50cz0bmvnmx80000gn/T/trio-v2-production-upgrade-v1-standard-uy513h/home/.agents/skills/trio/dev/SKILL.md",
      "action": "update",
      "execution": "managed",
      "conflict": false
    },
    {
      "targetId": "codex",
      "surface": "office",
      "destination": "/private/var/folders/1_/m2vfg4n10n9_50cz0bmvnmx80000gn/T/trio-v2-production-upgrade-v1-standard-uy513h/home/.agents/skills/trio/office/SKILL.md",
      "action": "update",
      "execution": "managed",
      "conflict": false
    },
    {
      "targetId": "codex",
      "surface": "safety",
      "destination": "/private/var/folders/1_/m2vfg4n10n9_50cz0bmvnmx80000gn/T/trio-v2-production-upgrade-v1-standard-uy513h/home/.agents/skills/trio/safety/SKILL.md",
      "action": "update",
      "execution": "managed",
      "conflict": false
    },
    {
      "targetId": "codex",
      "surface": "chiefops",
      "destination": "/private/var/folders/1_/m2vfg4n10n9_50cz0bmvnmx80000gn/T/trio-v2-production-upgrade-v1-standard-uy513h/home/.agents/skills/chiefops/SKILL.md",
      "action": "update",
      "execution": "managed",
      "conflict": false
    },
    {
      "targetId": "codex",
      "surface": "trio/references/execution.md",
      "destination": "/private/var/folders/1_/m2vfg4n10n9_50cz0bmvnmx80000gn/T/trio-v2-production-upgrade-v1-standard-uy513h/home/.agents/skills/trio/references/execution.md",
      "action": "update",
      "execution": "managed",
      "conflict": false
    },
    {
      "targetId": "codex",
      "surface": "dev/references/methods.md",
      "destination": "/private/var/folders/1_/m2vfg4n10n9_50cz0bmvnmx80000gn/T/trio-v2-production-upgrade-v1-standard-uy513h/home/.agents/skills/trio/dev/references/methods.md",
      "action": "update",
      "execution": "managed",
      "conflict": false
    },
    {
      "targetId": "codex",
      "surface": "dev/references/review.md",
      "destination": "/private/var/folders/1_/m2vfg4n10n9_50cz0bmvnmx80000gn/T/trio-v2-production-upgrade-v1-standard-uy513h/home/.agents/skills/trio/dev/references/review.md",
      "action": "update",
      "execution": "managed",
      "conflict": false
    },
    {
      "targetId": "codex",
      "surface": "dev/references/pr-feedback.md",
      "destination": "/private/var/folders/1_/m2vfg4n10n9_50cz0bmvnmx80000gn/T/trio-v2-production-upgrade-v1-standard-uy513h/home/.agents/skills/trio/dev/references/pr-feedback.md",
      "action": "update",
      "execution": "managed",
      "conflict": false
    },
    {
      "targetId": "codex",
      "surface": "chiefops/references/delegated-execution.md",
      "destination": "/private/var/folders/1_/m2vfg4n10n9_50cz0bmvnmx80000gn/T/trio-v2-production-upgrade-v1-standard-uy513h/home/.agents/skills/chiefops/references/delegated-execution.md",
      "action": "update",
      "execution": "managed",
      "conflict": false
    },
    {
      "targetId": "codex",
      "surface": "office/references/source-backed-work.md",
      "destination": "/private/var/folders/1_/m2vfg4n10n9_50cz0bmvnmx80000gn/T/trio-v2-production-upgrade-v1-standard-uy513h/home/.agents/skills/trio/office/references/source-backed-work.md",
      "action": "update",
      "execution": "managed",
      "conflict": false
    },
    {
      "targetId": "codex",
      "surface": "office/references/artifact-and-delivery.md",
      "destination": "/private/var/folders/1_/m2vfg4n10n9_50cz0bmvnmx80000gn/T/trio-v2-production-upgrade-v1-standard-uy513h/home/.agents/skills/trio/office/references/artifact-and-delivery.md",
      "action": "update",
      "execution": "managed",
      "conflict": false
    },
    {
      "targetId": "cursor",
      "surface": "entry",
      "destination": "/private/var/folders/1_/m2vfg4n10n9_50cz0bmvnmx80000gn/T/trio-v2-production-upgrade-v1-standard-uy513h/home/manual/cursor/entry-policy.md",
      "action": "preserve",
      "execution": "manual",
      "conflict": true
    },
    {
      "targetId": "cursor",
      "surface": "trio",
      "destination": "/private/var/folders/1_/m2vfg4n10n9_50cz0bmvnmx80000gn/T/trio-v2-production-upgrade-v1-standard-uy513h/home/manual/cursor/skills/trio/SKILL.md",
      "action": "preserve",
      "execution": "manual",
      "conflict": true
    },
    {
      "targetId": "cursor",
      "surface": "dev",
      "destination": "/private/var/folders/1_/m2vfg4n10n9_50cz0bmvnmx80000gn/T/trio-v2-production-upgrade-v1-standard-uy513h/home/manual/cursor/skills/trio/dev/SKILL.md",
      "action": "preserve",
      "execution": "manual",
      "conflict": true
    },
    {
      "targetId": "cursor",
      "surface": "office",
      "destination": "/private/var/folders/1_/m2vfg4n10n9_50cz0bmvnmx80000gn/T/trio-v2-production-upgrade-v1-standard-uy513h/home/manual/cursor/skills/trio/office/SKILL.md",
      "action": "preserve",
      "execution": "manual",
      "conflict": true
    },
    {
      "targetId": "cursor",
      "surface": "safety",
      "destination": "/private/var/folders/1_/m2vfg4n10n9_50cz0bmvnmx80000gn/T/trio-v2-production-upgrade-v1-standard-uy513h/home/manual/cursor/skills/trio/safety/SKILL.md",
      "action": "preserve",
      "execution": "manual",
      "conflict": true
    },
    {
      "targetId": "cursor",
      "surface": "chiefops",
      "destination": "/private/var/folders/1_/m2vfg4n10n9_50cz0bmvnmx80000gn/T/trio-v2-production-upgrade-v1-standard-uy513h/home/manual/cursor/skills/chiefops/SKILL.md",
      "action": "preserve",
      "execution": "manual",
      "conflict": true
    },
    {
      "targetId": "cursor",
      "surface": "trio/references/execution.md",
      "destination": "/private/var/folders/1_/m2vfg4n10n9_50cz0bmvnmx80000gn/T/trio-v2-production-upgrade-v1-standard-uy513h/home/manual/cursor/skills/trio/references/execution.md",
      "action": "preserve",
      "execution": "manual",
      "conflict": true
    },
    {
      "targetId": "cursor",
      "surface": "dev/references/methods.md",
      "destination": "/private/var/folders/1_/m2vfg4n10n9_50cz0bmvnmx80000gn/T/trio-v2-production-upgrade-v1-standard-uy513h/home/manual/cursor/skills/trio/dev/references/methods.md",
      "action": "preserve",
      "execution": "manual",
      "conflict": true
    },
    {
      "targetId": "cursor",
      "surface": "dev/references/review.md",
      "destination": "/private/var/folders/1_/m2vfg4n10n9_50cz0bmvnmx80000gn/T/trio-v2-production-upgrade-v1-standard-uy513h/home/manual/cursor/skills/trio/dev/references/review.md",
      "action": "preserve",
      "execution": "manual",
      "conflict": true
    },
    {
      "targetId": "cursor",
      "surface": "dev/references/pr-feedback.md",
      "destination": "/private/var/folders/1_/m2vfg4n10n9_50cz0bmvnmx80000gn/T/trio-v2-production-upgrade-v1-standard-uy513h/home/manual/cursor/skills/trio/dev/references/pr-feedback.md",
      "action": "preserve",
      "execution": "manual",
      "conflict": true
    },
    {
      "targetId": "cursor",
      "surface": "chiefops/references/delegated-execution.md",
      "destination": "/private/var/folders/1_/m2vfg4n10n9_50cz0bmvnmx80000gn/T/trio-v2-production-upgrade-v1-standard-uy513h/home/manual/cursor/skills/chiefops/references/delegated-execution.md",
      "action": "preserve",
      "execution": "manual",
      "conflict": true
    },
    {
      "targetId": "cursor",
      "surface": "office/references/source-backed-work.md",
      "destination": "/private/var/folders/1_/m2vfg4n10n9_50cz0bmvnmx80000gn/T/trio-v2-production-upgrade-v1-standard-uy513h/home/manual/cursor/skills/trio/office/references/source-backed-work.md",
      "action": "preserve",
      "execution": "manual",
      "conflict": true
    },
    {
      "targetId": "cursor",
      "surface": "office/references/artifact-and-delivery.md",
      "destination": "/private/var/folders/1_/m2vfg4n10n9_50cz0bmvnmx80000gn/T/trio-v2-production-upgrade-v1-standard-uy513h/home/manual/cursor/skills/trio/office/references/artifact-and-delivery.md",
      "action": "preserve",
      "execution": "manual",
      "conflict": true
    }
  ],
  "conflicts": [
    {
      "targetId": "cursor",
      "surface": "entry",
      "destination": "/private/var/folders/1_/m2vfg4n10n9_50cz0bmvnmx80000gn/T/trio-v2-production-upgrade-v1-standard-uy513h/home/manual/cursor/entry-policy.md",
      "reason": "destination-observation-unknown"
    },
    {
      "targetId": "cursor",
      "surface": "trio",
      "destination": "/private/var/folders/1_/m2vfg4n10n9_50cz0bmvnmx80000gn/T/trio-v2-production-upgrade-v1-standard-uy513h/home/manual/cursor/skills/trio/SKILL.md",
      "reason": "destination-observation-unknown"
    },
    {
      "targetId": "cursor",
      "surface": "dev",
      "destination": "/private/var/folders/1_/m2vfg4n10n9_50cz0bmvnmx80000gn/T/trio-v2-production-upgrade-v1-standard-uy513h/home/manual/cursor/skills/trio/dev/SKILL.md",
      "reason": "destination-observation-unknown"
    },
    {
      "targetId": "cursor",
      "surface": "office",
      "destination": "/private/var/folders/1_/m2vfg4n10n9_50cz0bmvnmx80000gn/T/trio-v2-production-upgrade-v1-standard-uy513h/home/manual/cursor/skills/trio/office/SKILL.md",
      "reason": "destination-observation-unknown"
    },
    {
      "targetId": "cursor",
      "surface": "safety",
      "destination": "/private/var/folders/1_/m2vfg4n10n9_50cz0bmvnmx80000gn/T/trio-v2-production-upgrade-v1-standard-uy513h/home/manual/cursor/skills/trio/safety/SKILL.md",
      "reason": "destination-observation-unknown"
    },
    {
      "targetId": "cursor",
      "surface": "chiefops",
      "destination": "/private/var/folders/1_/m2vfg4n10n9_50cz0bmvnmx80000gn/T/trio-v2-production-upgrade-v1-standard-uy513h/home/manual/cursor/skills/chiefops/SKILL.md",
      "reason": "destination-observation-unknown"
    },
    {
      "targetId": "cursor",
      "surface": "trio/references/execution.md",
      "destination": "/private/var/folders/1_/m2vfg4n10n9_50cz0bmvnmx80000gn/T/trio-v2-production-upgrade-v1-standard-uy513h/home/manual/cursor/skills/trio/references/execution.md",
      "reason": "destination-observation-unknown"
    },
    {
      "targetId": "cursor",
      "surface": "dev/references/methods.md",
      "destination": "/private/var/folders/1_/m2vfg4n10n9_50cz0bmvnmx80000gn/T/trio-v2-production-upgrade-v1-standard-uy513h/home/manual/cursor/skills/trio/dev/references/methods.md",
      "reason": "destination-observation-unknown"
    },
    {
      "targetId": "cursor",
      "surface": "dev/references/review.md",
      "destination": "/private/var/folders/1_/m2vfg4n10n9_50cz0bmvnmx80000gn/T/trio-v2-production-upgrade-v1-standard-uy513h/home/manual/cursor/skills/trio/dev/references/review.md",
      "reason": "destination-observation-unknown"
    },
    {
      "targetId": "cursor",
      "surface": "dev/references/pr-feedback.md",
      "destination": "/private/var/folders/1_/m2vfg4n10n9_50cz0bmvnmx80000gn/T/trio-v2-production-upgrade-v1-standard-uy513h/home/manual/cursor/skills/trio/dev/references/pr-feedback.md",
      "reason": "destination-observation-unknown"
    },
    {
      "targetId": "cursor",
      "surface": "chiefops/references/delegated-execution.md",
      "destination": "/private/var/folders/1_/m2vfg4n10n9_50cz0bmvnmx80000gn/T/trio-v2-production-upgrade-v1-standard-uy513h/home/manual/cursor/skills/chiefops/references/delegated-execution.md",
      "reason": "destination-observation-unknown"
    },
    {
      "targetId": "cursor",
      "surface": "office/references/source-backed-work.md",
      "destination": "/private/var/folders/1_/m2vfg4n10n9_50cz0bmvnmx80000gn/T/trio-v2-production-upgrade-v1-standard-uy513h/home/manual/cursor/skills/trio/office/references/source-backed-work.md",
      "reason": "destination-observation-unknown"
    },
    {
      "targetId": "cursor",
      "surface": "office/references/artifact-and-delivery.md",
      "destination": "/private/var/folders/1_/m2vfg4n10n9_50cz0bmvnmx80000gn/T/trio-v2-production-upgrade-v1-standard-uy513h/home/manual/cursor/skills/trio/office/references/artifact-and-delivery.md",
      "reason": "destination-observation-unknown"
    }
  ]
}
{
  "schemaVersion": 2,
  "runtime": "trio",
  "mode": "apply",
  "descriptors": [
    {
      "targetId": "codex",
      "surface": "entry",
      "destination": "/private/var/folders/1_/m2vfg4n10n9_50cz0bmvnmx80000gn/T/trio-v2-production-upgrade-v1-standard-uy513h/home/.codex/AGENTS.md",
      "action": "update",
      "execution": "managed",
      "conflict": false
    },
    {
      "targetId": "codex",
      "surface": "trio",
      "destination": "/private/var/folders/1_/m2vfg4n10n9_50cz0bmvnmx80000gn/T/trio-v2-production-upgrade-v1-standard-uy513h/home/.agents/skills/trio/SKILL.md",
      "action": "update",
      "execution": "managed",
      "conflict": false
    },
    {
      "targetId": "codex",
      "surface": "dev",
      "destination": "/private/var/folders/1_/m2vfg4n10n9_50cz0bmvnmx80000gn/T/trio-v2-production-upgrade-v1-standard-uy513h/home/.agents/skills/trio/dev/SKILL.md",
      "action": "update",
      "execution": "managed",
      "conflict": false
    },
    {
      "targetId": "codex",
      "surface": "office",
      "destination": "/private/var/folders/1_/m2vfg4n10n9_50cz0bmvnmx80000gn/T/trio-v2-production-upgrade-v1-standard-uy513h/home/.agents/skills/trio/office/SKILL.md",
      "action": "update",
      "execution": "managed",
      "conflict": false
    },
    {
      "targetId": "codex",
      "surface": "safety",
      "destination": "/private/var/folders/1_/m2vfg4n10n9_50cz0bmvnmx80000gn/T/trio-v2-production-upgrade-v1-standard-uy513h/home/.agents/skills/trio/safety/SKILL.md",
      "action": "update",
      "execution": "managed",
      "conflict": false
    },
    {
      "targetId": "codex",
      "surface": "chiefops",
      "destination": "/private/var/folders/1_/m2vfg4n10n9_50cz0bmvnmx80000gn/T/trio-v2-production-upgrade-v1-standard-uy513h/home/.agents/skills/chiefops/SKILL.md",
      "action": "update",
      "execution": "managed",
      "conflict": false
    },
    {
      "targetId": "codex",
      "surface": "trio/references/execution.md",
      "destination": "/private/var/folders/1_/m2vfg4n10n9_50cz0bmvnmx80000gn/T/trio-v2-production-upgrade-v1-standard-uy513h/home/.agents/skills/trio/references/execution.md",
      "action": "update",
      "execution": "managed",
      "conflict": false
    },
    {
      "targetId": "codex",
      "surface": "dev/references/methods.md",
      "destination": "/private/var/folders/1_/m2vfg4n10n9_50cz0bmvnmx80000gn/T/trio-v2-production-upgrade-v1-standard-uy513h/home/.agents/skills/trio/dev/references/methods.md",
      "action": "update",
      "execution": "managed",
      "conflict": false
    },
    {
      "targetId": "codex",
      "surface": "dev/references/review.md",
      "destination": "/private/var/folders/1_/m2vfg4n10n9_50cz0bmvnmx80000gn/T/trio-v2-production-upgrade-v1-standard-uy513h/home/.agents/skills/trio/dev/references/review.md",
      "action": "update",
      "execution": "managed",
      "conflict": false
    },
    {
      "targetId": "codex",
      "surface": "dev/references/pr-feedback.md",
      "destination": "/private/var/folders/1_/m2vfg4n10n9_50cz0bmvnmx80000gn/T/trio-v2-production-upgrade-v1-standard-uy513h/home/.agents/skills/trio/dev/references/pr-feedback.md",
      "action": "update",
      "execution": "managed",
      "conflict": false
    },
    {
      "targetId": "codex",
      "surface": "chiefops/references/delegated-execution.md",
      "destination": "/private/var/folders/1_/m2vfg4n10n9_50cz0bmvnmx80000gn/T/trio-v2-production-upgrade-v1-standard-uy513h/home/.agents/skills/chiefops/references/delegated-execution.md",
      "action": "update",
      "execution": "managed",
      "conflict": false
    },
    {
      "targetId": "codex",
      "surface": "office/references/source-backed-work.md",
      "destination": "/private/var/folders/1_/m2vfg4n10n9_50cz0bmvnmx80000gn/T/trio-v2-production-upgrade-v1-standard-uy513h/home/.agents/skills/trio/office/references/source-backed-work.md",
      "action": "update",
      "execution": "managed",
      "conflict": false
    },
    {
      "targetId": "codex",
      "surface": "office/references/artifact-and-delivery.md",
      "destination": "/private/var/folders/1_/m2vfg4n10n9_50cz0bmvnmx80000gn/T/trio-v2-production-upgrade-v1-standard-uy513h/home/.agents/skills/trio/office/references/artifact-and-delivery.md",
      "action": "update",
      "execution": "managed",
      "conflict": false
    },
    {
      "targetId": "cursor",
      "surface": "entry",
      "destination": "/private/var/folders/1_/m2vfg4n10n9_50cz0bmvnmx80000gn/T/trio-v2-production-upgrade-v1-standard-uy513h/home/manual/cursor/entry-policy.md",
      "action": "preserve",
      "execution": "manual",
      "conflict": true
    },
    {
      "targetId": "cursor",
      "surface": "trio",
      "destination": "/private/var/folders/1_/m2vfg4n10n9_50cz0bmvnmx80000gn/T/trio-v2-production-upgrade-v1-standard-uy513h/home/manual/cursor/skills/trio/SKILL.md",
      "action": "preserve",
      "execution": "manual",
      "conflict": true
    },
    {
      "targetId": "cursor",
      "surface": "dev",
      "destination": "/private/var/folders/1_/m2vfg4n10n9_50cz0bmvnmx80000gn/T/trio-v2-production-upgrade-v1-standard-uy513h/home/manual/cursor/skills/trio/dev/SKILL.md",
      "action": "preserve",
      "execution": "manual",
      "conflict": true
    },
    {
      "targetId": "cursor",
      "surface": "office",
      "destination": "/private/var/folders/1_/m2vfg4n10n9_50cz0bmvnmx80000gn/T/trio-v2-production-upgrade-v1-standard-uy513h/home/manual/cursor/skills/trio/office/SKILL.md",
      "action": "preserve",
      "execution": "manual",
      "conflict": true
    },
    {
      "targetId": "cursor",
      "surface": "safety",
      "destination": "/private/var/folders/1_/m2vfg4n10n9_50cz0bmvnmx80000gn/T/trio-v2-production-upgrade-v1-standard-uy513h/home/manual/cursor/skills/trio/safety/SKILL.md",
      "action": "preserve",
      "execution": "manual",
      "conflict": true
    },
    {
      "targetId": "cursor",
      "surface": "chiefops",
      "destination": "/private/var/folders/1_/m2vfg4n10n9_50cz0bmvnmx80000gn/T/trio-v2-production-upgrade-v1-standard-uy513h/home/manual/cursor/skills/chiefops/SKILL.md",
      "action": "preserve",
      "execution": "manual",
      "conflict": true
    },
    {
      "targetId": "cursor",
      "surface": "trio/references/execution.md",
      "destination": "/private/var/folders/1_/m2vfg4n10n9_50cz0bmvnmx80000gn/T/trio-v2-production-upgrade-v1-standard-uy513h/home/manual/cursor/skills/trio/references/execution.md",
      "action": "preserve",
      "execution": "manual",
      "conflict": true
    },
    {
      "targetId": "cursor",
      "surface": "dev/references/methods.md",
      "destination": "/private/var/folders/1_/m2vfg4n10n9_50cz0bmvnmx80000gn/T/trio-v2-production-upgrade-v1-standard-uy513h/home/manual/cursor/skills/trio/dev/references/methods.md",
      "action": "preserve",
      "execution": "manual",
      "conflict": true
    },
    {
      "targetId": "cursor",
      "surface": "dev/references/review.md",
      "destination": "/private/var/folders/1_/m2vfg4n10n9_50cz0bmvnmx80000gn/T/trio-v2-production-upgrade-v1-standard-uy513h/home/manual/cursor/skills/trio/dev/references/review.md",
      "action": "preserve",
      "execution": "manual",
      "conflict": true
    },
    {
      "targetId": "cursor",
      "surface": "dev/references/pr-feedback.md",
      "destination": "/private/var/folders/1_/m2vfg4n10n9_50cz0bmvnmx80000gn/T/trio-v2-production-upgrade-v1-standard-uy513h/home/manual/cursor/skills/trio/dev/references/pr-feedback.md",
      "action": "preserve",
      "execution": "manual",
      "conflict": true
    },
    {
      "targetId": "cursor",
      "surface": "chiefops/references/delegated-execution.md",
      "destination": "/private/var/folders/1_/m2vfg4n10n9_50cz0bmvnmx80000gn/T/trio-v2-production-upgrade-v1-standard-uy513h/home/manual/cursor/skills/chiefops/references/delegated-execution.md",
      "action": "preserve",
      "execution": "manual",
      "conflict": true
    },
    {
      "targetId": "cursor",
      "surface": "office/references/source-backed-work.md",
      "destination": "/private/var/folders/1_/m2vfg4n10n9_50cz0bmvnmx80000gn/T/trio-v2-production-upgrade-v1-standard-uy513h/home/manual/cursor/skills/trio/office/references/source-backed-work.md",
      "action": "preserve",
      "execution": "manual",
      "conflict": true
    },
    {
      "targetId": "cursor",
      "surface": "office/references/artifact-and-delivery.md",
      "destination": "/private/var/folders/1_/m2vfg4n10n9_50cz0bmvnmx80000gn/T/trio-v2-production-upgrade-v1-standard-uy513h/home/manual/cursor/skills/trio/office/references/artifact-and-delivery.md",
      "action": "preserve",
      "execution": "manual",
      "conflict": true
    }
  ],
  "conflicts": [
    {
      "targetId": "cursor",
      "surface": "entry",
      "destination": "/private/var/folders/1_/m2vfg4n10n9_50cz0bmvnmx80000gn/T/trio-v2-production-upgrade-v1-standard-uy513h/home/manual/cursor/entry-policy.md",
      "reason": "destination-observation-unknown"
    },
    {
      "targetId": "cursor",
      "surface": "trio",
      "destination": "/private/var/folders/1_/m2vfg4n10n9_50cz0bmvnmx80000gn/T/trio-v2-production-upgrade-v1-standard-uy513h/home/manual/cursor/skills/trio/SKILL.md",
      "reason": "destination-observation-unknown"
    },
    {
      "targetId": "cursor",
      "surface": "dev",
      "destination": "/private/var/folders/1_/m2vfg4n10n9_50cz0bmvnmx80000gn/T/trio-v2-production-upgrade-v1-standard-uy513h/home/manual/cursor/skills/trio/dev/SKILL.md",
      "reason": "destination-observation-unknown"
    },
    {
      "targetId": "cursor",
      "surface": "office",
      "destination": "/private/var/folders/1_/m2vfg4n10n9_50cz0bmvnmx80000gn/T/trio-v2-production-upgrade-v1-standard-uy513h/home/manual/cursor/skills/trio/office/SKILL.md",
      "reason": "destination-observation-unknown"
    },
    {
      "targetId": "cursor",
      "surface": "safety",
      "destination": "/private/var/folders/1_/m2vfg4n10n9_50cz0bmvnmx80000gn/T/trio-v2-production-upgrade-v1-standard-uy513h/home/manual/cursor/skills/trio/safety/SKILL.md",
      "reason": "destination-observation-unknown"
    },
    {
      "targetId": "cursor",
      "surface": "chiefops",
      "destination": "/private/var/folders/1_/m2vfg4n10n9_50cz0bmvnmx80000gn/T/trio-v2-production-upgrade-v1-standard-uy513h/home/manual/cursor/skills/chiefops/SKILL.md",
      "reason": "destination-observation-unknown"
    },
    {
      "targetId": "cursor",
      "surface": "trio/references/execution.md",
      "destination": "/private/var/folders/1_/m2vfg4n10n9_50cz0bmvnmx80000gn/T/trio-v2-production-upgrade-v1-standard-uy513h/home/manual/cursor/skills/trio/references/execution.md",
      "reason": "destination-observation-unknown"
    },
    {
      "targetId": "cursor",
      "surface": "dev/references/methods.md",
      "destination": "/private/var/folders/1_/m2vfg4n10n9_50cz0bmvnmx80000gn/T/trio-v2-production-upgrade-v1-standard-uy513h/home/manual/cursor/skills/trio/dev/references/methods.md",
      "reason": "destination-observation-unknown"
    },
    {
      "targetId": "cursor",
      "surface": "dev/references/review.md",
      "destination": "/private/var/folders/1_/m2vfg4n10n9_50cz0bmvnmx80000gn/T/trio-v2-production-upgrade-v1-standard-uy513h/home/manual/cursor/skills/trio/dev/references/review.md",
      "reason": "destination-observation-unknown"
    },
    {
      "targetId": "cursor",
      "surface": "dev/references/pr-feedback.md",
      "destination": "/private/var/folders/1_/m2vfg4n10n9_50cz0bmvnmx80000gn/T/trio-v2-production-upgrade-v1-standard-uy513h/home/manual/cursor/skills/trio/dev/references/pr-feedback.md",
      "reason": "destination-observation-unknown"
    },
    {
      "targetId": "cursor",
      "surface": "chiefops/references/delegated-execution.md",
      "destination": "/private/var/folders/1_/m2vfg4n10n9_50cz0bmvnmx80000gn/T/trio-v2-production-upgrade-v1-standard-uy513h/home/manual/cursor/skills/chiefops/references/delegated-execution.md",
      "reason": "destination-observation-unknown"
    },
    {
      "targetId": "cursor",
      "surface": "office/references/source-backed-work.md",
      "destination": "/private/var/folders/1_/m2vfg4n10n9_50cz0bmvnmx80000gn/T/trio-v2-production-upgrade-v1-standard-uy513h/home/manual/cursor/skills/trio/office/references/source-backed-work.md",
      "reason": "destination-observation-unknown"
    },
    {
      "targetId": "cursor",
      "surface": "office/references/artifact-and-delivery.md",
      "destination": "/private/var/folders/1_/m2vfg4n10n9_50cz0bmvnmx80000gn/T/trio-v2-production-upgrade-v1-standard-uy513h/home/manual/cursor/skills/trio/office/references/artifact-and-delivery.md",
      "reason": "destination-observation-unknown"
    }
  ]
}
{
  "schemaVersion": 2,
  "runtime": "trio",
  "readable": true,
  "descriptorCount": 26,
  "conflicts": [
    {
      "targetId": "cursor",
      "surface": "entry",
      "destination": "/private/var/folders/1_/m2vfg4n10n9_50cz0bmvnmx80000gn/T/trio-v2-production-upgrade-v1-standard-uy513h/home/manual/cursor/entry-policy.md",
      "reason": "destination-observation-unknown"
    },
    {
      "targetId": "cursor",
      "surface": "trio",
      "destination": "/private/var/folders/1_/m2vfg4n10n9_50cz0bmvnmx80000gn/T/trio-v2-production-upgrade-v1-standard-uy513h/home/manual/cursor/skills/trio/SKILL.md",
      "reason": "destination-observation-unknown"
    },
    {
      "targetId": "cursor",
      "surface": "dev",
      "destination": "/private/var/folders/1_/m2vfg4n10n9_50cz0bmvnmx80000gn/T/trio-v2-production-upgrade-v1-standard-uy513h/home/manual/cursor/skills/trio/dev/SKILL.md",
      "reason": "destination-observation-unknown"
    },
    {
      "targetId": "cursor",
      "surface": "office",
      "destination": "/private/var/folders/1_/m2vfg4n10n9_50cz0bmvnmx80000gn/T/trio-v2-production-upgrade-v1-standard-uy513h/home/manual/cursor/skills/trio/office/SKILL.md",
      "reason": "destination-observation-unknown"
    },
    {
      "targetId": "cursor",
      "surface": "safety",
      "destination": "/private/var/folders/1_/m2vfg4n10n9_50cz0bmvnmx80000gn/T/trio-v2-production-upgrade-v1-standard-uy513h/home/manual/cursor/skills/trio/safety/SKILL.md",
      "reason": "destination-observation-unknown"
    },
    {
      "targetId": "cursor",
      "surface": "chiefops",
      "destination": "/private/var/folders/1_/m2vfg4n10n9_50cz0bmvnmx80000gn/T/trio-v2-production-upgrade-v1-standard-uy513h/home/manual/cursor/skills/chiefops/SKILL.md",
      "reason": "destination-observation-unknown"
    },
    {
      "targetId": "cursor",
      "surface": "trio/references/execution.md",
      "destination": "/private/var/folders/1_/m2vfg4n10n9_50cz0bmvnmx80000gn/T/trio-v2-production-upgrade-v1-standard-uy513h/home/manual/cursor/skills/trio/references/execution.md",
      "reason": "destination-observation-unknown"
    },
    {
      "targetId": "cursor",
      "surface": "dev/references/methods.md",
      "destination": "/private/var/folders/1_/m2vfg4n10n9_50cz0bmvnmx80000gn/T/trio-v2-production-upgrade-v1-standard-uy513h/home/manual/cursor/skills/trio/dev/references/methods.md",
      "reason": "destination-observation-unknown"
    },
    {
      "targetId": "cursor",
      "surface": "dev/references/review.md",
      "destination": "/private/var/folders/1_/m2vfg4n10n9_50cz0bmvnmx80000gn/T/trio-v2-production-upgrade-v1-standard-uy513h/home/manual/cursor/skills/trio/dev/references/review.md",
      "reason": "destination-observation-unknown"
    },
    {
      "targetId": "cursor",
      "surface": "dev/references/pr-feedback.md",
      "destination": "/private/var/folders/1_/m2vfg4n10n9_50cz0bmvnmx80000gn/T/trio-v2-production-upgrade-v1-standard-uy513h/home/manual/cursor/skills/trio/dev/references/pr-feedback.md",
      "reason": "destination-observation-unknown"
    },
    {
      "targetId": "cursor",
      "surface": "chiefops/references/delegated-execution.md",
      "destination": "/private/var/folders/1_/m2vfg4n10n9_50cz0bmvnmx80000gn/T/trio-v2-production-upgrade-v1-standard-uy513h/home/manual/cursor/skills/chiefops/references/delegated-execution.md",
      "reason": "destination-observation-unknown"
    },
    {
      "targetId": "cursor",
      "surface": "office/references/source-backed-work.md",
      "destination": "/private/var/folders/1_/m2vfg4n10n9_50cz0bmvnmx80000gn/T/trio-v2-production-upgrade-v1-standard-uy513h/home/manual/cursor/skills/trio/office/references/source-backed-work.md",
      "reason": "destination-observation-unknown"
    },
    {
      "targetId": "cursor",
      "surface": "office/references/artifact-and-delivery.md",
      "destination": "/private/var/folders/1_/m2vfg4n10n9_50cz0bmvnmx80000gn/T/trio-v2-production-upgrade-v1-standard-uy513h/home/manual/cursor/skills/trio/office/references/artifact-and-delivery.md",
      "reason": "destination-observation-unknown"
    }
  ],
  "mode": "check-only"
}
{
  "schemaVersion": 2,
  "runtime": "trio",
  "opened": true,
  "rendered": false,
  "descriptorCount": 26,
  "conflicts": [
    {
      "targetId": "cursor",
      "surface": "entry",
      "destination": "/private/var/folders/1_/m2vfg4n10n9_50cz0bmvnmx80000gn/T/trio-v2-production-upgrade-v1-standard-uy513h/home/manual/cursor/entry-policy.md",
      "reason": "destination-observation-unknown"
    },
    {
      "targetId": "cursor",
      "surface": "trio",
      "destination": "/private/var/folders/1_/m2vfg4n10n9_50cz0bmvnmx80000gn/T/trio-v2-production-upgrade-v1-standard-uy513h/home/manual/cursor/skills/trio/SKILL.md",
      "reason": "destination-observation-unknown"
    },
    {
      "targetId": "cursor",
      "surface": "dev",
      "destination": "/private/var/folders/1_/m2vfg4n10n9_50cz0bmvnmx80000gn/T/trio-v2-production-upgrade-v1-standard-uy513h/home/manual/cursor/skills/trio/dev/SKILL.md",
      "reason": "destination-observation-unknown"
    },
    {
      "targetId": "cursor",
      "surface": "office",
      "destination": "/private/var/folders/1_/m2vfg4n10n9_50cz0bmvnmx80000gn/T/trio-v2-production-upgrade-v1-standard-uy513h/home/manual/cursor/skills/trio/office/SKILL.md",
      "reason": "destination-observation-unknown"
    },
    {
      "targetId": "cursor",
      "surface": "safety",
      "destination": "/private/var/folders/1_/m2vfg4n10n9_50cz0bmvnmx80000gn/T/trio-v2-production-upgrade-v1-standard-uy513h/home/manual/cursor/skills/trio/safety/SKILL.md",
      "reason": "destination-observation-unknown"
    },
    {
      "targetId": "cursor",
      "surface": "chiefops",
      "destination": "/private/var/folders/1_/m2vfg4n10n9_50cz0bmvnmx80000gn/T/trio-v2-production-upgrade-v1-standard-uy513h/home/manual/cursor/skills/chiefops/SKILL.md",
      "reason": "destination-observation-unknown"
    },
    {
      "targetId": "cursor",
      "surface": "trio/references/execution.md",
      "destination": "/private/var/folders/1_/m2vfg4n10n9_50cz0bmvnmx80000gn/T/trio-v2-production-upgrade-v1-standard-uy513h/home/manual/cursor/skills/trio/references/execution.md",
      "reason": "destination-observation-unknown"
    },
    {
      "targetId": "cursor",
      "surface": "dev/references/methods.md",
      "destination": "/private/var/folders/1_/m2vfg4n10n9_50cz0bmvnmx80000gn/T/trio-v2-production-upgrade-v1-standard-uy513h/home/manual/cursor/skills/trio/dev/references/methods.md",
      "reason": "destination-observation-unknown"
    },
    {
      "targetId": "cursor",
      "surface": "dev/references/review.md",
      "destination": "/private/var/folders/1_/m2vfg4n10n9_50cz0bmvnmx80000gn/T/trio-v2-production-upgrade-v1-standard-uy513h/home/manual/cursor/skills/trio/dev/references/review.md",
      "reason": "destination-observation-unknown"
    },
    {
      "targetId": "cursor",
      "surface": "dev/references/pr-feedback.md",
      "destination": "/private/var/folders/1_/m2vfg4n10n9_50cz0bmvnmx80000gn/T/trio-v2-production-upgrade-v1-standard-uy513h/home/manual/cursor/skills/trio/dev/references/pr-feedback.md",
      "reason": "destination-observation-unknown"
    },
    {
      "targetId": "cursor",
      "surface": "chiefops/references/delegated-execution.md",
      "destination": "/private/var/folders/1_/m2vfg4n10n9_50cz0bmvnmx80000gn/T/trio-v2-production-upgrade-v1-standard-uy513h/home/manual/cursor/skills/chiefops/references/delegated-execution.md",
      "reason": "destination-observation-unknown"
    },
    {
      "targetId": "cursor",
      "surface": "office/references/source-backed-work.md",
      "destination": "/private/var/folders/1_/m2vfg4n10n9_50cz0bmvnmx80000gn/T/trio-v2-production-upgrade-v1-standard-uy513h/home/manual/cursor/skills/trio/office/references/source-backed-work.md",
      "reason": "destination-observation-unknown"
    },
    {
      "targetId": "cursor",
      "surface": "office/references/artifact-and-delivery.md",
      "destination": "/private/var/folders/1_/m2vfg4n10n9_50cz0bmvnmx80000gn/T/trio-v2-production-upgrade-v1-standard-uy513h/home/manual/cursor/skills/trio/office/references/artifact-and-delivery.md",
      "reason": "destination-observation-unknown"
    }
  ]
}
✔ production V1 stays legacy until explicit checkpointed upgrade, then uses the V2 lifecycle (1063.727959ms)
✔ production V1 upgrade rejects a hard-linked recovery before state or destination writes (29.718042ms)
{
  "runtime": "trio",
  "mode": "upgrade",
  "writes": [
    "/private/var/folders/1_/m2vfg4n10n9_50cz0bmvnmx80000gn/T/trio-v2-command-upgrade-v1-standard-BNJHhT/home/.codex/AGENTS.md",
    "/private/var/folders/1_/m2vfg4n10n9_50cz0bmvnmx80000gn/T/trio-v2-command-upgrade-v1-standard-BNJHhT/home/.agents/skills/trio/SKILL.md",
    "/private/var/folders/1_/m2vfg4n10n9_50cz0bmvnmx80000gn/T/trio-v2-command-upgrade-v1-standard-BNJHhT/home/.agents/skills/trio/dev/SKILL.md",
    "/private/var/folders/1_/m2vfg4n10n9_50cz0bmvnmx80000gn/T/trio-v2-command-upgrade-v1-standard-BNJHhT/home/.agents/skills/trio/office/SKILL.md",
    "/private/var/folders/1_/m2vfg4n10n9_50cz0bmvnmx80000gn/T/trio-v2-command-upgrade-v1-standard-BNJHhT/home/.agents/skills/trio/safety/SKILL.md",
    "/private/var/folders/1_/m2vfg4n10n9_50cz0bmvnmx80000gn/T/trio-v2-command-upgrade-v1-standard-BNJHhT/home/.agents/skills/chiefops/SKILL.md",
    "/private/var/folders/1_/m2vfg4n10n9_50cz0bmvnmx80000gn/T/trio-v2-command-upgrade-v1-standard-BNJHhT/home/.agents/skills/trio/references/execution.md",
    "/private/var/folders/1_/m2vfg4n10n9_50cz0bmvnmx80000gn/T/trio-v2-command-upgrade-v1-standard-BNJHhT/home/.agents/skills/trio/dev/references/methods.md",
    "/private/var/folders/1_/m2vfg4n10n9_50cz0bmvnmx80000gn/T/trio-v2-command-upgrade-v1-standard-BNJHhT/home/.agents/skills/trio/dev/references/review.md",
    "/private/var/folders/1_/m2vfg4n10n9_50cz0bmvnmx80000gn/T/trio-v2-command-upgrade-v1-standard-BNJHhT/home/.agents/skills/trio/dev/references/pr-feedback.md",
    "/private/var/folders/1_/m2vfg4n10n9_50cz0bmvnmx80000gn/T/trio-v2-command-upgrade-v1-standard-BNJHhT/home/.agents/skills/chiefops/references/delegated-execution.md",
    "/private/var/folders/1_/m2vfg4n10n9_50cz0bmvnmx80000gn/T/trio-v2-command-upgrade-v1-standard-BNJHhT/home/.agents/skills/trio/office/references/source-backed-work.md",
    "/private/var/folders/1_/m2vfg4n10n9_50cz0bmvnmx80000gn/T/trio-v2-command-upgrade-v1-standard-BNJHhT/home/.agents/skills/trio/office/references/artifact-and-delivery.md"
  ],
  "conflicts": [
    {
      "targetId": "cursor",
      "surface": "entry",
      "destination": "/private/var/folders/1_/m2vfg4n10n9_50cz0bmvnmx80000gn/T/trio-v2-command-upgrade-v1-standard-BNJHhT/home/manual/cursor/entry-policy.md",
      "reason": "destination-observation-unknown"
    },
    {
      "targetId": "cursor",
      "surface": "trio",
      "destination": "/private/var/folders/1_/m2vfg4n10n9_50cz0bmvnmx80000gn/T/trio-v2-command-upgrade-v1-standard-BNJHhT/home/manual/cursor/skills/trio/SKILL.md",
      "reason": "destination-observation-unknown"
    },
    {
      "targetId": "cursor",
      "surface": "dev",
      "destination": "/private/var/folders/1_/m2vfg4n10n9_50cz0bmvnmx80000gn/T/trio-v2-command-upgrade-v1-standard-BNJHhT/home/manual/cursor/skills/trio/dev/SKILL.md",
      "reason": "destination-observation-unknown"
    },
    {
      "targetId": "cursor",
      "surface": "office",
      "destination": "/private/var/folders/1_/m2vfg4n10n9_50cz0bmvnmx80000gn/T/trio-v2-command-upgrade-v1-standard-BNJHhT/home/manual/cursor/skills/trio/office/SKILL.md",
      "reason": "destination-observation-unknown"
    },
    {
      "targetId": "cursor",
      "surface": "safety",
      "destination": "/private/var/folders/1_/m2vfg4n10n9_50cz0bmvnmx80000gn/T/trio-v2-command-upgrade-v1-standard-BNJHhT/home/manual/cursor/skills/trio/safety/SKILL.md",
      "reason": "destination-observation-unknown"
    },
    {
      "targetId": "cursor",
      "surface": "chiefops",
      "destination": "/private/var/folders/1_/m2vfg4n10n9_50cz0bmvnmx80000gn/T/trio-v2-command-upgrade-v1-standard-BNJHhT/home/manual/cursor/skills/chiefops/SKILL.md",
      "reason": "destination-observation-unknown"
    },
    {
      "targetId": "cursor",
      "surface": "trio/references/execution.md",
      "destination": "/private/var/folders/1_/m2vfg4n10n9_50cz0bmvnmx80000gn/T/trio-v2-command-upgrade-v1-standard-BNJHhT/home/manual/cursor/skills/trio/references/execution.md",
      "reason": "destination-observation-unknown"
    },
    {
      "targetId": "cursor",
      "surface": "dev/references/methods.md",
      "destination": "/private/var/folders/1_/m2vfg4n10n9_50cz0bmvnmx80000gn/T/trio-v2-command-upgrade-v1-standard-BNJHhT/home/manual/cursor/skills/trio/dev/references/methods.md",
      "reason": "destination-observation-unknown"
    },
    {
      "targetId": "cursor",
      "surface": "dev/references/review.md",
      "destination": "/private/var/folders/1_/m2vfg4n10n9_50cz0bmvnmx80000gn/T/trio-v2-command-upgrade-v1-standard-BNJHhT/home/manual/cursor/skills/trio/dev/references/review.md",
      "reason": "destination-observation-unknown"
    },
    {
      "targetId": "cursor",
      "surface": "dev/references/pr-feedback.md",
      "destination": "/private/var/folders/1_/m2vfg4n10n9_50cz0bmvnmx80000gn/T/trio-v2-command-upgrade-v1-standard-BNJHhT/home/manual/cursor/skills/trio/dev/references/pr-feedback.md",
      "reason": "destination-observation-unknown"
    },
    {
      "targetId": "cursor",
      "surface": "chiefops/references/delegated-execution.md",
      "destination": "/private/var/folders/1_/m2vfg4n10n9_50cz0bmvnmx80000gn/T/trio-v2-command-upgrade-v1-standard-BNJHhT/home/manual/cursor/skills/chiefops/references/delegated-execution.md",
      "reason": "destination-observation-unknown"
    },
    {
      "targetId": "cursor",
      "surface": "office/references/source-backed-work.md",
      "destination": "/private/var/folders/1_/m2vfg4n10n9_50cz0bmvnmx80000gn/T/trio-v2-command-upgrade-v1-standard-BNJHhT/home/manual/cursor/skills/trio/office/references/source-backed-work.md",
      "reason": "destination-observation-unknown"
    },
    {
      "targetId": "cursor",
      "surface": "office/references/artifact-and-delivery.md",
      "destination": "/private/var/folders/1_/m2vfg4n10n9_50cz0bmvnmx80000gn/T/trio-v2-command-upgrade-v1-standard-BNJHhT/home/manual/cursor/skills/trio/office/references/artifact-and-delivery.md",
      "reason": "destination-observation-unknown"
    }
  ]
}
{
  "schemaVersion": 2,
  "runtime": "trio",
  "mode": "dry-run",
  "descriptors": [
    {
      "targetId": "codex",
      "surface": "entry",
      "destination": "/private/var/folders/1_/m2vfg4n10n9_50cz0bmvnmx80000gn/T/trio-v2-command-upgrade-v1-standard-BNJHhT/home/.codex/AGENTS.md",
      "action": "update",
      "execution": "managed",
      "conflict": false
    },
    {
      "targetId": "codex",
      "surface": "trio",
      "destination": "/private/var/folders/1_/m2vfg4n10n9_50cz0bmvnmx80000gn/T/trio-v2-command-upgrade-v1-standard-BNJHhT/home/.agents/skills/trio/SKILL.md",
      "action": "update",
      "execution": "managed",
      "conflict": false
    },
    {
      "targetId": "codex",
      "surface": "dev",
      "destination": "/private/var/folders/1_/m2vfg4n10n9_50cz0bmvnmx80000gn/T/trio-v2-command-upgrade-v1-standard-BNJHhT/home/.agents/skills/trio/dev/SKILL.md",
      "action": "update",
      "execution": "managed",
      "conflict": false
    },
    {
      "targetId": "codex",
      "surface": "office",
      "destination": "/private/var/folders/1_/m2vfg4n10n9_50cz0bmvnmx80000gn/T/trio-v2-command-upgrade-v1-standard-BNJHhT/home/.agents/skills/trio/office/SKILL.md",
      "action": "update",
      "execution": "managed",
      "conflict": false
    },
    {
      "targetId": "codex",
      "surface": "safety",
      "destination": "/private/var/folders/1_/m2vfg4n10n9_50cz0bmvnmx80000gn/T/trio-v2-command-upgrade-v1-standard-BNJHhT/home/.agents/skills/trio/safety/SKILL.md",
      "action": "update",
      "execution": "managed",
      "conflict": false
    },
    {
      "targetId": "codex",
      "surface": "chiefops",
      "destination": "/private/var/folders/1_/m2vfg4n10n9_50cz0bmvnmx80000gn/T/trio-v2-command-upgrade-v1-standard-BNJHhT/home/.agents/skills/chiefops/SKILL.md",
      "action": "update",
      "execution": "managed",
      "conflict": false
    },
    {
      "targetId": "codex",
      "surface": "trio/references/execution.md",
      "destination": "/private/var/folders/1_/m2vfg4n10n9_50cz0bmvnmx80000gn/T/trio-v2-command-upgrade-v1-standard-BNJHhT/home/.agents/skills/trio/references/execution.md",
      "action": "update",
      "execution": "managed",
      "conflict": false
    },
    {
      "targetId": "codex",
      "surface": "dev/references/methods.md",
      "destination": "/private/var/folders/1_/m2vfg4n10n9_50cz0bmvnmx80000gn/T/trio-v2-command-upgrade-v1-standard-BNJHhT/home/.agents/skills/trio/dev/references/methods.md",
      "action": "update",
      "execution": "managed",
      "conflict": false
    },
    {
      "targetId": "codex",
      "surface": "dev/references/review.md",
      "destination": "/private/var/folders/1_/m2vfg4n10n9_50cz0bmvnmx80000gn/T/trio-v2-command-upgrade-v1-standard-BNJHhT/home/.agents/skills/trio/dev/references/review.md",
      "action": "update",
      "execution": "managed",
      "conflict": false
    },
    {
      "targetId": "codex",
      "surface": "dev/references/pr-feedback.md",
      "destination": "/private/var/folders/1_/m2vfg4n10n9_50cz0bmvnmx80000gn/T/trio-v2-command-upgrade-v1-standard-BNJHhT/home/.agents/skills/trio/dev/references/pr-feedback.md",
      "action": "update",
      "execution": "managed",
      "conflict": false
    },
    {
      "targetId": "codex",
      "surface": "chiefops/references/delegated-execution.md",
      "destination": "/private/var/folders/1_/m2vfg4n10n9_50cz0bmvnmx80000gn/T/trio-v2-command-upgrade-v1-standard-BNJHhT/home/.agents/skills/chiefops/references/delegated-execution.md",
      "action": "update",
      "execution": "managed",
      "conflict": false
    },
    {
      "targetId": "codex",
      "surface": "office/references/source-backed-work.md",
      "destination": "/private/var/folders/1_/m2vfg4n10n9_50cz0bmvnmx80000gn/T/trio-v2-command-upgrade-v1-standard-BNJHhT/home/.agents/skills/trio/office/references/source-backed-work.md",
      "action": "update",
      "execution": "managed",
      "conflict": false
    },
    {
      "targetId": "codex",
      "surface": "office/references/artifact-and-delivery.md",
      "destination": "/private/var/folders/1_/m2vfg4n10n9_50cz0bmvnmx80000gn/T/trio-v2-command-upgrade-v1-standard-BNJHhT/home/.agents/skills/trio/office/references/artifact-and-delivery.md",
      "action": "update",
      "execution": "managed",
      "conflict": false
    },
    {
      "targetId": "cursor",
      "surface": "entry",
      "destination": "/private/var/folders/1_/m2vfg4n10n9_50cz0bmvnmx80000gn/T/trio-v2-command-upgrade-v1-standard-BNJHhT/home/manual/cursor/entry-policy.md",
      "action": "preserve",
      "execution": "manual",
      "conflict": true
    },
    {
      "targetId": "cursor",
      "surface": "trio",
      "destination": "/private/var/folders/1_/m2vfg4n10n9_50cz0bmvnmx80000gn/T/trio-v2-command-upgrade-v1-standard-BNJHhT/home/manual/cursor/skills/trio/SKILL.md",
      "action": "preserve",
      "execution": "manual",
      "conflict": true
    },
    {
      "targetId": "cursor",
      "surface": "dev",
      "destination": "/private/var/folders/1_/m2vfg4n10n9_50cz0bmvnmx80000gn/T/trio-v2-command-upgrade-v1-standard-BNJHhT/home/manual/cursor/skills/trio/dev/SKILL.md",
      "action": "preserve",
      "execution": "manual",
      "conflict": true
    },
    {
      "targetId": "cursor",
      "surface": "office",
      "destination": "/private/var/folders/1_/m2vfg4n10n9_50cz0bmvnmx80000gn/T/trio-v2-command-upgrade-v1-standard-BNJHhT/home/manual/cursor/skills/trio/office/SKILL.md",
      "action": "preserve",
      "execution": "manual",
      "conflict": true
    },
    {
      "targetId": "cursor",
      "surface": "safety",
      "destination": "/private/var/folders/1_/m2vfg4n10n9_50cz0bmvnmx80000gn/T/trio-v2-command-upgrade-v1-standard-BNJHhT/home/manual/cursor/skills/trio/safety/SKILL.md",
      "action": "preserve",
      "execution": "manual",
      "conflict": true
    },
    {
      "targetId": "cursor",
      "surface": "chiefops",
      "destination": "/private/var/folders/1_/m2vfg4n10n9_50cz0bmvnmx80000gn/T/trio-v2-command-upgrade-v1-standard-BNJHhT/home/manual/cursor/skills/chiefops/SKILL.md",
      "action": "preserve",
      "execution": "manual",
      "conflict": true
    },
    {
      "targetId": "cursor",
      "surface": "trio/references/execution.md",
      "destination": "/private/var/folders/1_/m2vfg4n10n9_50cz0bmvnmx80000gn/T/trio-v2-command-upgrade-v1-standard-BNJHhT/home/manual/cursor/skills/trio/references/execution.md",
      "action": "preserve",
      "execution": "manual",
      "conflict": true
    },
    {
      "targetId": "cursor",
      "surface": "dev/references/methods.md",
      "destination": "/private/var/folders/1_/m2vfg4n10n9_50cz0bmvnmx80000gn/T/trio-v2-command-upgrade-v1-standard-BNJHhT/home/manual/cursor/skills/trio/dev/references/methods.md",
      "action": "preserve",
      "execution": "manual",
      "conflict": true
    },
    {
      "targetId": "cursor",
      "surface": "dev/references/review.md",
      "destination": "/private/var/folders/1_/m2vfg4n10n9_50cz0bmvnmx80000gn/T/trio-v2-command-upgrade-v1-standard-BNJHhT/home/manual/cursor/skills/trio/dev/references/review.md",
      "action": "preserve",
      "execution": "manual",
      "conflict": true
    },
    {
      "targetId": "cursor",
      "surface": "dev/references/pr-feedback.md",
      "destination": "/private/var/folders/1_/m2vfg4n10n9_50cz0bmvnmx80000gn/T/trio-v2-command-upgrade-v1-standard-BNJHhT/home/manual/cursor/skills/trio/dev/references/pr-feedback.md",
      "action": "preserve",
      "execution": "manual",
      "conflict": true
    },
    {
      "targetId": "cursor",
      "surface": "chiefops/references/delegated-execution.md",
      "destination": "/private/var/folders/1_/m2vfg4n10n9_50cz0bmvnmx80000gn/T/trio-v2-command-upgrade-v1-standard-BNJHhT/home/manual/cursor/skills/chiefops/references/delegated-execution.md",
      "action": "preserve",
      "execution": "manual",
      "conflict": true
    },
    {
      "targetId": "cursor",
      "surface": "office/references/source-backed-work.md",
      "destination": "/private/var/folders/1_/m2vfg4n10n9_50cz0bmvnmx80000gn/T/trio-v2-command-upgrade-v1-standard-BNJHhT/home/manual/cursor/skills/trio/office/references/source-backed-work.md",
      "action": "preserve",
      "execution": "manual",
      "conflict": true
    },
    {
      "targetId": "cursor",
      "surface": "office/references/artifact-and-delivery.md",
      "destination": "/private/var/folders/1_/m2vfg4n10n9_50cz0bmvnmx80000gn/T/trio-v2-command-upgrade-v1-standard-BNJHhT/home/manual/cursor/skills/trio/office/references/artifact-and-delivery.md",
      "action": "preserve",
      "execution": "manual",
      "conflict": true
    }
  ],
  "conflicts": [
    {
      "targetId": "cursor",
      "surface": "entry",
      "destination": "/private/var/folders/1_/m2vfg4n10n9_50cz0bmvnmx80000gn/T/trio-v2-command-upgrade-v1-standard-BNJHhT/home/manual/cursor/entry-policy.md",
      "reason": "destination-observation-unknown"
    },
    {
      "targetId": "cursor",
      "surface": "trio",
      "destination": "/private/var/folders/1_/m2vfg4n10n9_50cz0bmvnmx80000gn/T/trio-v2-command-upgrade-v1-standard-BNJHhT/home/manual/cursor/skills/trio/SKILL.md",
      "reason": "destination-observation-unknown"
    },
    {
      "targetId": "cursor",
      "surface": "dev",
      "destination": "/private/var/folders/1_/m2vfg4n10n9_50cz0bmvnmx80000gn/T/trio-v2-command-upgrade-v1-standard-BNJHhT/home/manual/cursor/skills/trio/dev/SKILL.md",
      "reason": "destination-observation-unknown"
    },
    {
      "targetId": "cursor",
      "surface": "office",
      "destination": "/private/var/folders/1_/m2vfg4n10n9_50cz0bmvnmx80000gn/T/trio-v2-command-upgrade-v1-standard-BNJHhT/home/manual/cursor/skills/trio/office/SKILL.md",
      "reason": "destination-observation-unknown"
    },
    {
      "targetId": "cursor",
      "surface": "safety",
      "destination": "/private/var/folders/1_/m2vfg4n10n9_50cz0bmvnmx80000gn/T/trio-v2-command-upgrade-v1-standard-BNJHhT/home/manual/cursor/skills/trio/safety/SKILL.md",
      "reason": "destination-observation-unknown"
    },
    {
      "targetId": "cursor",
      "surface": "chiefops",
      "destination": "/private/var/folders/1_/m2vfg4n10n9_50cz0bmvnmx80000gn/T/trio-v2-command-upgrade-v1-standard-BNJHhT/home/manual/cursor/skills/chiefops/SKILL.md",
      "reason": "destination-observation-unknown"
    },
    {
      "targetId": "cursor",
      "surface": "trio/references/execution.md",
      "destination": "/private/var/folders/1_/m2vfg4n10n9_50cz0bmvnmx80000gn/T/trio-v2-command-upgrade-v1-standard-BNJHhT/home/manual/cursor/skills/trio/references/execution.md",
      "reason": "destination-observation-unknown"
    },
    {
      "targetId": "cursor",
      "surface": "dev/references/methods.md",
      "destination": "/private/var/folders/1_/m2vfg4n10n9_50cz0bmvnmx80000gn/T/trio-v2-command-upgrade-v1-standard-BNJHhT/home/manual/cursor/skills/trio/dev/references/methods.md",
      "reason": "destination-observation-unknown"
    },
    {
      "targetId": "cursor",
      "surface": "dev/references/review.md",
      "destination": "/private/var/folders/1_/m2vfg4n10n9_50cz0bmvnmx80000gn/T/trio-v2-command-upgrade-v1-standard-BNJHhT/home/manual/cursor/skills/trio/dev/references/review.md",
      "reason": "destination-observation-unknown"
    },
    {
      "targetId": "cursor",
      "surface": "dev/references/pr-feedback.md",
      "destination": "/private/var/folders/1_/m2vfg4n10n9_50cz0bmvnmx80000gn/T/trio-v2-command-upgrade-v1-standard-BNJHhT/home/manual/cursor/skills/trio/dev/references/pr-feedback.md",
      "reason": "destination-observation-unknown"
    },
    {
      "targetId": "cursor",
      "surface": "chiefops/references/delegated-execution.md",
      "destination": "/private/var/folders/1_/m2vfg4n10n9_50cz0bmvnmx80000gn/T/trio-v2-command-upgrade-v1-standard-BNJHhT/home/manual/cursor/skills/chiefops/references/delegated-execution.md",
      "reason": "destination-observation-unknown"
    },
    {
      "targetId": "cursor",
      "surface": "office/references/source-backed-work.md",
      "destination": "/private/var/folders/1_/m2vfg4n10n9_50cz0bmvnmx80000gn/T/trio-v2-command-upgrade-v1-standard-BNJHhT/home/manual/cursor/skills/trio/office/references/source-backed-work.md",
      "reason": "destination-observation-unknown"
    },
    {
      "targetId": "cursor",
      "surface": "office/references/artifact-and-delivery.md",
      "destination": "/private/var/folders/1_/m2vfg4n10n9_50cz0bmvnmx80000gn/T/trio-v2-command-upgrade-v1-standard-BNJHhT/home/manual/cursor/skills/trio/office/references/artifact-and-delivery.md",
      "reason": "destination-observation-unknown"
    }
  ]
}
{
  "schemaVersion": 2,
  "runtime": "trio",
  "readable": true,
  "descriptorCount": 26,
  "conflicts": [
    {
      "targetId": "cursor",
      "surface": "entry",
      "destination": "/private/var/folders/1_/m2vfg4n10n9_50cz0bmvnmx80000gn/T/trio-v2-command-upgrade-v1-standard-BNJHhT/home/manual/cursor/entry-policy.md",
      "reason": "destination-observation-unknown"
    },
    {
      "targetId": "cursor",
      "surface": "trio",
      "destination": "/private/var/folders/1_/m2vfg4n10n9_50cz0bmvnmx80000gn/T/trio-v2-command-upgrade-v1-standard-BNJHhT/home/manual/cursor/skills/trio/SKILL.md",
      "reason": "destination-observation-unknown"
    },
    {
      "targetId": "cursor",
      "surface": "dev",
      "destination": "/private/var/folders/1_/m2vfg4n10n9_50cz0bmvnmx80000gn/T/trio-v2-command-upgrade-v1-standard-BNJHhT/home/manual/cursor/skills/trio/dev/SKILL.md",
      "reason": "destination-observation-unknown"
    },
    {
      "targetId": "cursor",
      "surface": "office",
      "destination": "/private/var/folders/1_/m2vfg4n10n9_50cz0bmvnmx80000gn/T/trio-v2-command-upgrade-v1-standard-BNJHhT/home/manual/cursor/skills/trio/office/SKILL.md",
      "reason": "destination-observation-unknown"
    },
    {
      "targetId": "cursor",
      "surface": "safety",
      "destination": "/private/var/folders/1_/m2vfg4n10n9_50cz0bmvnmx80000gn/T/trio-v2-command-upgrade-v1-standard-BNJHhT/home/manual/cursor/skills/trio/safety/SKILL.md",
      "reason": "destination-observation-unknown"
    },
    {
      "targetId": "cursor",
      "surface": "chiefops",
      "destination": "/private/var/folders/1_/m2vfg4n10n9_50cz0bmvnmx80000gn/T/trio-v2-command-upgrade-v1-standard-BNJHhT/home/manual/cursor/skills/chiefops/SKILL.md",
      "reason": "destination-observation-unknown"
    },
    {
      "targetId": "cursor",
      "surface": "trio/references/execution.md",
      "destination": "/private/var/folders/1_/m2vfg4n10n9_50cz0bmvnmx80000gn/T/trio-v2-command-upgrade-v1-standard-BNJHhT/home/manual/cursor/skills/trio/references/execution.md",
      "reason": "destination-observation-unknown"
    },
    {
      "targetId": "cursor",
      "surface": "dev/references/methods.md",
      "destination": "/private/var/folders/1_/m2vfg4n10n9_50cz0bmvnmx80000gn/T/trio-v2-command-upgrade-v1-standard-BNJHhT/home/manual/cursor/skills/trio/dev/references/methods.md",
      "reason": "destination-observation-unknown"
    },
    {
      "targetId": "cursor",
      "surface": "dev/references/review.md",
      "destination": "/private/var/folders/1_/m2vfg4n10n9_50cz0bmvnmx80000gn/T/trio-v2-command-upgrade-v1-standard-BNJHhT/home/manual/cursor/skills/trio/dev/references/review.md",
      "reason": "destination-observation-unknown"
    },
    {
      "targetId": "cursor",
      "surface": "dev/references/pr-feedback.md",
      "destination": "/private/var/folders/1_/m2vfg4n10n9_50cz0bmvnmx80000gn/T/trio-v2-command-upgrade-v1-standard-BNJHhT/home/manual/cursor/skills/trio/dev/references/pr-feedback.md",
      "reason": "destination-observation-unknown"
    },
    {
      "targetId": "cursor",
      "surface": "chiefops/references/delegated-execution.md",
      "destination": "/private/var/folders/1_/m2vfg4n10n9_50cz0bmvnmx80000gn/T/trio-v2-command-upgrade-v1-standard-BNJHhT/home/manual/cursor/skills/chiefops/references/delegated-execution.md",
      "reason": "destination-observation-unknown"
    },
    {
      "targetId": "cursor",
      "surface": "office/references/source-backed-work.md",
      "destination": "/private/var/folders/1_/m2vfg4n10n9_50cz0bmvnmx80000gn/T/trio-v2-command-upgrade-v1-standard-BNJHhT/home/manual/cursor/skills/trio/office/references/source-backed-work.md",
      "reason": "destination-observation-unknown"
    },
    {
      "targetId": "cursor",
      "surface": "office/references/artifact-and-delivery.md",
      "destination": "/private/var/folders/1_/m2vfg4n10n9_50cz0bmvnmx80000gn/T/trio-v2-command-upgrade-v1-standard-BNJHhT/home/manual/cursor/skills/trio/office/references/artifact-and-delivery.md",
      "reason": "destination-observation-unknown"
    }
  ],
  "mode": "check-only"
}
{
  "schemaVersion": 2,
  "runtime": "trio",
  "opened": true,
  "rendered": false,
  "descriptorCount": 26,
  "conflicts": [
    {
      "targetId": "cursor",
      "surface": "entry",
      "destination": "/private/var/folders/1_/m2vfg4n10n9_50cz0bmvnmx80000gn/T/trio-v2-command-upgrade-v1-standard-BNJHhT/home/manual/cursor/entry-policy.md",
      "reason": "destination-observation-unknown"
    },
    {
      "targetId": "cursor",
      "surface": "trio",
      "destination": "/private/var/folders/1_/m2vfg4n10n9_50cz0bmvnmx80000gn/T/trio-v2-command-upgrade-v1-standard-BNJHhT/home/manual/cursor/skills/trio/SKILL.md",
      "reason": "destination-observation-unknown"
    },
    {
      "targetId": "cursor",
      "surface": "dev",
      "destination": "/private/var/folders/1_/m2vfg4n10n9_50cz0bmvnmx80000gn/T/trio-v2-command-upgrade-v1-standard-BNJHhT/home/manual/cursor/skills/trio/dev/SKILL.md",
      "reason": "destination-observation-unknown"
    },
    {
      "targetId": "cursor",
      "surface": "office",
      "destination": "/private/var/folders/1_/m2vfg4n10n9_50cz0bmvnmx80000gn/T/trio-v2-command-upgrade-v1-standard-BNJHhT/home/manual/cursor/skills/trio/office/SKILL.md",
      "reason": "destination-observation-unknown"
    },
    {
      "targetId": "cursor",
      "surface": "safety",
      "destination": "/private/var/folders/1_/m2vfg4n10n9_50cz0bmvnmx80000gn/T/trio-v2-command-upgrade-v1-standard-BNJHhT/home/manual/cursor/skills/trio/safety/SKILL.md",
      "reason": "destination-observation-unknown"
    },
    {
      "targetId": "cursor",
      "surface": "chiefops",
      "destination": "/private/var/folders/1_/m2vfg4n10n9_50cz0bmvnmx80000gn/T/trio-v2-command-upgrade-v1-standard-BNJHhT/home/manual/cursor/skills/chiefops/SKILL.md",
      "reason": "destination-observation-unknown"
    },
    {
      "targetId": "cursor",
      "surface": "trio/references/execution.md",
      "destination": "/private/var/folders/1_/m2vfg4n10n9_50cz0bmvnmx80000gn/T/trio-v2-command-upgrade-v1-standard-BNJHhT/home/manual/cursor/skills/trio/references/execution.md",
      "reason": "destination-observation-unknown"
    },
    {
      "targetId": "cursor",
      "surface": "dev/references/methods.md",
      "destination": "/private/var/folders/1_/m2vfg4n10n9_50cz0bmvnmx80000gn/T/trio-v2-command-upgrade-v1-standard-BNJHhT/home/manual/cursor/skills/trio/dev/references/methods.md",
      "reason": "destination-observation-unknown"
    },
    {
      "targetId": "cursor",
      "surface": "dev/references/review.md",
      "destination": "/private/var/folders/1_/m2vfg4n10n9_50cz0bmvnmx80000gn/T/trio-v2-command-upgrade-v1-standard-BNJHhT/home/manual/cursor/skills/trio/dev/references/review.md",
      "reason": "destination-observation-unknown"
    },
    {
      "targetId": "cursor",
      "surface": "dev/references/pr-feedback.md",
      "destination": "/private/var/folders/1_/m2vfg4n10n9_50cz0bmvnmx80000gn/T/trio-v2-command-upgrade-v1-standard-BNJHhT/home/manual/cursor/skills/trio/dev/references/pr-feedback.md",
      "reason": "destination-observation-unknown"
    },
    {
      "targetId": "cursor",
      "surface": "chiefops/references/delegated-execution.md",
      "destination": "/private/var/folders/1_/m2vfg4n10n9_50cz0bmvnmx80000gn/T/trio-v2-command-upgrade-v1-standard-BNJHhT/home/manual/cursor/skills/chiefops/references/delegated-execution.md",
      "reason": "destination-observation-unknown"
    },
    {
      "targetId": "cursor",
      "surface": "office/references/source-backed-work.md",
      "destination": "/private/var/folders/1_/m2vfg4n10n9_50cz0bmvnmx80000gn/T/trio-v2-command-upgrade-v1-standard-BNJHhT/home/manual/cursor/skills/trio/office/references/source-backed-work.md",
      "reason": "destination-observation-unknown"
    },
    {
      "targetId": "cursor",
      "surface": "office/references/artifact-and-delivery.md",
      "destination": "/private/var/folders/1_/m2vfg4n10n9_50cz0bmvnmx80000gn/T/trio-v2-command-upgrade-v1-standard-BNJHhT/home/manual/cursor/skills/trio/office/references/artifact-and-delivery.md",
      "reason": "destination-observation-unknown"
    }
  ]
}
✔ Trio V1 standard upgrade applies only managed Codex surfaces and keeps generic targets manual (504.052333ms)
{
  "runtime": "trio",
  "mode": "fresh",
  "writes": [
    "/private/var/folders/1_/m2vfg4n10n9_50cz0bmvnmx80000gn/T/trio-v2-fresh-command-KKNefO/workspace/AGENTS.md",
    "/private/var/folders/1_/m2vfg4n10n9_50cz0bmvnmx80000gn/T/trio-v2-fresh-command-KKNefO/workspace/.agents/skills/trio/SKILL.md",
    "/private/var/folders/1_/m2vfg4n10n9_50cz0bmvnmx80000gn/T/trio-v2-fresh-command-KKNefO/workspace/.agents/skills/trio/dev/SKILL.md",
    "/private/var/folders/1_/m2vfg4n10n9_50cz0bmvnmx80000gn/T/trio-v2-fresh-command-KKNefO/workspace/.agents/skills/trio/office/SKILL.md",
    "/private/var/folders/1_/m2vfg4n10n9_50cz0bmvnmx80000gn/T/trio-v2-fresh-command-KKNefO/workspace/.agents/skills/trio/safety/SKILL.md",
    "/private/var/folders/1_/m2vfg4n10n9_50cz0bmvnmx80000gn/T/trio-v2-fresh-command-KKNefO/workspace/.agents/skills/chiefops/SKILL.md",
    "/private/var/folders/1_/m2vfg4n10n9_50cz0bmvnmx80000gn/T/trio-v2-fresh-command-KKNefO/workspace/.agents/skills/trio/references/execution.md",
    "/private/var/folders/1_/m2vfg4n10n9_50cz0bmvnmx80000gn/T/trio-v2-fresh-command-KKNefO/workspace/.agents/skills/trio/dev/references/methods.md",
    "/private/var/folders/1_/m2vfg4n10n9_50cz0bmvnmx80000gn/T/trio-v2-fresh-command-KKNefO/workspace/.agents/skills/trio/dev/references/review.md",
    "/private/var/folders/1_/m2vfg4n10n9_50cz0bmvnmx80000gn/T/trio-v2-fresh-command-KKNefO/workspace/.agents/skills/trio/dev/references/pr-feedback.md",
    "/private/var/folders/1_/m2vfg4n10n9_50cz0bmvnmx80000gn/T/trio-v2-fresh-command-KKNefO/workspace/.agents/skills/chiefops/references/delegated-execution.md",
    "/private/var/folders/1_/m2vfg4n10n9_50cz0bmvnmx80000gn/T/trio-v2-fresh-command-KKNefO/workspace/.agents/skills/trio/office/references/source-backed-work.md",
    "/private/var/folders/1_/m2vfg4n10n9_50cz0bmvnmx80000gn/T/trio-v2-fresh-command-KKNefO/workspace/.agents/skills/trio/office/references/artifact-and-delivery.md"
  ],
  "conflicts": []
}
{
  "schemaVersion": 2,
  "runtime": "trio",
  "mode": "dry-run",
  "descriptors": [
    {
      "targetId": "codex",
      "surface": "entry",
      "destination": "/private/var/folders/1_/m2vfg4n10n9_50cz0bmvnmx80000gn/T/trio-v2-fresh-command-KKNefO/workspace/AGENTS.md",
      "action": "update",
      "execution": "managed",
      "conflict": false
    },
    {
      "targetId": "codex",
      "surface": "trio",
      "destination": "/private/var/folders/1_/m2vfg4n10n9_50cz0bmvnmx80000gn/T/trio-v2-fresh-command-KKNefO/workspace/.agents/skills/trio/SKILL.md",
      "action": "update",
      "execution": "managed",
      "conflict": false
    },
    {
      "targetId": "codex",
      "surface": "dev",
      "destination": "/private/var/folders/1_/m2vfg4n10n9_50cz0bmvnmx80000gn/T/trio-v2-fresh-command-KKNefO/workspace/.agents/skills/trio/dev/SKILL.md",
      "action": "update",
      "execution": "managed",
      "conflict": false
    },
    {
      "targetId": "codex",
      "surface": "office",
      "destination": "/private/var/folders/1_/m2vfg4n10n9_50cz0bmvnmx80000gn/T/trio-v2-fresh-command-KKNefO/workspace/.agents/skills/trio/office/SKILL.md",
      "action": "update",
      "execution": "managed",
      "conflict": false
    },
    {
      "targetId": "codex",
      "surface": "safety",
      "destination": "/private/var/folders/1_/m2vfg4n10n9_50cz0bmvnmx80000gn/T/trio-v2-fresh-command-KKNefO/workspace/.agents/skills/trio/safety/SKILL.md",
      "action": "update",
      "execution": "managed",
      "conflict": false
    },
    {
      "targetId": "codex",
      "surface": "chiefops",
      "destination": "/private/var/folders/1_/m2vfg4n10n9_50cz0bmvnmx80000gn/T/trio-v2-fresh-command-KKNefO/workspace/.agents/skills/chiefops/SKILL.md",
      "action": "update",
      "execution": "managed",
      "conflict": false
    },
    {
      "targetId": "codex",
      "surface": "trio/references/execution.md",
      "destination": "/private/var/folders/1_/m2vfg4n10n9_50cz0bmvnmx80000gn/T/trio-v2-fresh-command-KKNefO/workspace/.agents/skills/trio/references/execution.md",
      "action": "update",
      "execution": "managed",
      "conflict": false
    },
    {
      "targetId": "codex",
      "surface": "dev/references/methods.md",
      "destination": "/private/var/folders/1_/m2vfg4n10n9_50cz0bmvnmx80000gn/T/trio-v2-fresh-command-KKNefO/workspace/.agents/skills/trio/dev/references/methods.md",
      "action": "update",
      "execution": "managed",
      "conflict": false
    },
    {
      "targetId": "codex",
      "surface": "dev/references/review.md",
      "destination": "/private/var/folders/1_/m2vfg4n10n9_50cz0bmvnmx80000gn/T/trio-v2-fresh-command-KKNefO/workspace/.agents/skills/trio/dev/references/review.md",
      "action": "update",
      "execution": "managed",
      "conflict": false
    },
    {
      "targetId": "codex",
      "surface": "dev/references/pr-feedback.md",
      "destination": "/private/var/folders/1_/m2vfg4n10n9_50cz0bmvnmx80000gn/T/trio-v2-fresh-command-KKNefO/workspace/.agents/skills/trio/dev/references/pr-feedback.md",
      "action": "update",
      "execution": "managed",
      "conflict": false
    },
    {
      "targetId": "codex",
      "surface": "chiefops/references/delegated-execution.md",
      "destination": "/private/var/folders/1_/m2vfg4n10n9_50cz0bmvnmx80000gn/T/trio-v2-fresh-command-KKNefO/workspace/.agents/skills/chiefops/references/delegated-execution.md",
      "action": "update",
      "execution": "managed",
      "conflict": false
    },
    {
      "targetId": "codex",
      "surface": "office/references/source-backed-work.md",
      "destination": "/private/var/folders/1_/m2vfg4n10n9_50cz0bmvnmx80000gn/T/trio-v2-fresh-command-KKNefO/workspace/.agents/skills/trio/office/references/source-backed-work.md",
      "action": "update",
      "execution": "managed",
      "conflict": false
    },
    {
      "targetId": "codex",
      "surface": "office/references/artifact-and-delivery.md",
      "destination": "/private/var/folders/1_/m2vfg4n10n9_50cz0bmvnmx80000gn/T/trio-v2-fresh-command-KKNefO/workspace/.agents/skills/trio/office/references/artifact-and-delivery.md",
      "action": "update",
      "execution": "managed",
      "conflict": false
    }
  ],
  "conflicts": []
}
{
  "schemaVersion": 2,
  "runtime": "trio",
  "readable": true,
  "descriptorCount": 13,
  "conflicts": [],
  "mode": "check-only"
}
{
  "schemaVersion": 2,
  "runtime": "trio",
  "opened": true,
  "rendered": false,
  "descriptorCount": 13,
  "conflicts": []
}
✔ Trio fresh install persists exact V2 state and public reports remain read-only (469.936792ms)
{
  "runtime": "trio",
  "mode": "fresh",
  "writes": [
    "/private/var/folders/1_/m2vfg4n10n9_50cz0bmvnmx80000gn/T/trio-v2-sync-check-required-0xeP91/workspace/AGENTS.md",
    "/private/var/folders/1_/m2vfg4n10n9_50cz0bmvnmx80000gn/T/trio-v2-sync-check-required-0xeP91/workspace/.agents/skills/trio/SKILL.md",
    "/private/var/folders/1_/m2vfg4n10n9_50cz0bmvnmx80000gn/T/trio-v2-sync-check-required-0xeP91/workspace/.agents/skills/trio/dev/SKILL.md",
    "/private/var/folders/1_/m2vfg4n10n9_50cz0bmvnmx80000gn/T/trio-v2-sync-check-required-0xeP91/workspace/.agents/skills/trio/office/SKILL.md",
    "/private/var/folders/1_/m2vfg4n10n9_50cz0bmvnmx80000gn/T/trio-v2-sync-check-required-0xeP91/workspace/.agents/skills/trio/safety/SKILL.md",
    "/private/var/folders/1_/m2vfg4n10n9_50cz0bmvnmx80000gn/T/trio-v2-sync-check-required-0xeP91/workspace/.agents/skills/chiefops/SKILL.md",
    "/private/var/folders/1_/m2vfg4n10n9_50cz0bmvnmx80000gn/T/trio-v2-sync-check-required-0xeP91/workspace/.agents/skills/trio/references/execution.md",
    "/private/var/folders/1_/m2vfg4n10n9_50cz0bmvnmx80000gn/T/trio-v2-sync-check-required-0xeP91/workspace/.agents/skills/trio/dev/references/methods.md",
    "/private/var/folders/1_/m2vfg4n10n9_50cz0bmvnmx80000gn/T/trio-v2-sync-check-required-0xeP91/workspace/.agents/skills/trio/dev/references/review.md",
    "/private/var/folders/1_/m2vfg4n10n9_50cz0bmvnmx80000gn/T/trio-v2-sync-check-required-0xeP91/workspace/.agents/skills/trio/dev/references/pr-feedback.md",
    "/private/var/folders/1_/m2vfg4n10n9_50cz0bmvnmx80000gn/T/trio-v2-sync-check-required-0xeP91/workspace/.agents/skills/chiefops/references/delegated-execution.md",
    "/private/var/folders/1_/m2vfg4n10n9_50cz0bmvnmx80000gn/T/trio-v2-sync-check-required-0xeP91/workspace/.agents/skills/trio/office/references/source-backed-work.md",
    "/private/var/folders/1_/m2vfg4n10n9_50cz0bmvnmx80000gn/T/trio-v2-sync-check-required-0xeP91/workspace/.agents/skills/trio/office/references/artifact-and-delivery.md"
  ],
  "conflicts": []
}
✔ Trio public sync rejects check modes before report output or writes (451.387333ms)
{
  "runtime": "trio",
  "mode": "fresh",
  "writes": [
    "/private/var/folders/1_/m2vfg4n10n9_50cz0bmvnmx80000gn/T/trio-v2-content-ownership-x0bW4f/workspace/AGENTS.md",
    "/private/var/folders/1_/m2vfg4n10n9_50cz0bmvnmx80000gn/T/trio-v2-content-ownership-x0bW4f/workspace/.agents/skills/trio/SKILL.md",
    "/private/var/folders/1_/m2vfg4n10n9_50cz0bmvnmx80000gn/T/trio-v2-content-ownership-x0bW4f/workspace/.agents/skills/trio/dev/SKILL.md",
    "/private/var/folders/1_/m2vfg4n10n9_50cz0bmvnmx80000gn/T/trio-v2-content-ownership-x0bW4f/workspace/.agents/skills/trio/office/SKILL.md",
    "/private/var/folders/1_/m2vfg4n10n9_50cz0bmvnmx80000gn/T/trio-v2-content-ownership-x0bW4f/workspace/.agents/skills/trio/safety/SKILL.md",
    "/private/var/folders/1_/m2vfg4n10n9_50cz0bmvnmx80000gn/T/trio-v2-content-ownership-x0bW4f/workspace/.agents/skills/chiefops/SKILL.md",
    "/private/var/folders/1_/m2vfg4n10n9_50cz0bmvnmx80000gn/T/trio-v2-content-ownership-x0bW4f/workspace/.agents/skills/trio/references/execution.md",
    "/private/var/folders/1_/m2vfg4n10n9_50cz0bmvnmx80000gn/T/trio-v2-content-ownership-x0bW4f/workspace/.agents/skills/trio/dev/references/methods.md",
    "/private/var/folders/1_/m2vfg4n10n9_50cz0bmvnmx80000gn/T/trio-v2-content-ownership-x0bW4f/workspace/.agents/skills/trio/dev/references/review.md",
    "/private/var/folders/1_/m2vfg4n10n9_50cz0bmvnmx80000gn/T/trio-v2-content-ownership-x0bW4f/workspace/.agents/skills/trio/dev/references/pr-feedback.md",
    "/private/var/folders/1_/m2vfg4n10n9_50cz0bmvnmx80000gn/T/trio-v2-content-ownership-x0bW4f/workspace/.agents/skills/chiefops/references/delegated-execution.md",
    "/private/var/folders/1_/m2vfg4n10n9_50cz0bmvnmx80000gn/T/trio-v2-content-ownership-x0bW4f/workspace/.agents/skills/trio/office/references/source-backed-work.md",
    "/private/var/folders/1_/m2vfg4n10n9_50cz0bmvnmx80000gn/T/trio-v2-content-ownership-x0bW4f/workspace/.agents/skills/trio/office/references/artifact-and-delivery.md"
  ],
  "conflicts": []
}
{
  "schemaVersion": 2,
  "runtime": "trio",
  "mode": "dry-run",
  "descriptors": [
    {
      "targetId": "codex",
      "surface": "entry",
      "destination": "/private/var/folders/1_/m2vfg4n10n9_50cz0bmvnmx80000gn/T/trio-v2-content-ownership-x0bW4f/workspace/AGENTS.md",
      "action": "update",
      "execution": "managed",
      "conflict": false
    },
    {
      "targetId": "codex",
      "surface": "trio",
      "destination": "/private/var/folders/1_/m2vfg4n10n9_50cz0bmvnmx80000gn/T/trio-v2-content-ownership-x0bW4f/workspace/.agents/skills/trio/SKILL.md",
      "action": "update",
      "execution": "managed",
      "conflict": false
    },
    {
      "targetId": "codex",
      "surface": "dev",
      "destination": "/private/var/folders/1_/m2vfg4n10n9_50cz0bmvnmx80000gn/T/trio-v2-content-ownership-x0bW4f/workspace/.agents/skills/trio/dev/SKILL.md",
      "action": "update",
      "execution": "managed",
      "conflict": false
    },
    {
      "targetId": "codex",
      "surface": "office",
      "destination": "/private/var/folders/1_/m2vfg4n10n9_50cz0bmvnmx80000gn/T/trio-v2-content-ownership-x0bW4f/workspace/.agents/skills/trio/office/SKILL.md",
      "action": "update",
      "execution": "managed",
      "conflict": false
    },
    {
      "targetId": "codex",
      "surface": "safety",
      "destination": "/private/var/folders/1_/m2vfg4n10n9_50cz0bmvnmx80000gn/T/trio-v2-content-ownership-x0bW4f/workspace/.agents/skills/trio/safety/SKILL.md",
      "action": "update",
      "execution": "managed",
      "conflict": false
    },
    {
      "targetId": "codex",
      "surface": "chiefops",
      "destination": "/private/var/folders/1_/m2vfg4n10n9_50cz0bmvnmx80000gn/T/trio-v2-content-ownership-x0bW4f/workspace/.agents/skills/chiefops/SKILL.md",
      "action": "update",
      "execution": "managed",
      "conflict": false
    },
    {
      "targetId": "codex",
      "surface": "trio/references/execution.md",
      "destination": "/private/var/folders/1_/m2vfg4n10n9_50cz0bmvnmx80000gn/T/trio-v2-content-ownership-x0bW4f/workspace/.agents/skills/trio/references/execution.md",
      "action": "update",
      "execution": "managed",
      "conflict": false
    },
    {
      "targetId": "codex",
      "surface": "dev/references/methods.md",
      "destination": "/private/var/folders/1_/m2vfg4n10n9_50cz0bmvnmx80000gn/T/trio-v2-content-ownership-x0bW4f/workspace/.agents/skills/trio/dev/references/methods.md",
      "action": "update",
      "execution": "managed",
      "conflict": false
    },
    {
      "targetId": "codex",
      "surface": "dev/references/review.md",
      "destination": "/private/var/folders/1_/m2vfg4n10n9_50cz0bmvnmx80000gn/T/trio-v2-content-ownership-x0bW4f/workspace/.agents/skills/trio/dev/references/review.md",
      "action": "update",
      "execution": "managed",
      "conflict": false
    },
    {
      "targetId": "codex",
      "surface": "dev/references/pr-feedback.md",
      "destination": "/private/var/folders/1_/m2vfg4n10n9_50cz0bmvnmx80000gn/T/trio-v2-content-ownership-x0bW4f/workspace/.agents/skills/trio/dev/references/pr-feedback.md",
      "action": "update",
      "execution": "managed",
      "conflict": false
    },
    {
      "targetId": "codex",
      "surface": "chiefops/references/delegated-execution.md",
      "destination": "/private/var/folders/1_/m2vfg4n10n9_50cz0bmvnmx80000gn/T/trio-v2-content-ownership-x0bW4f/workspace/.agents/skills/chiefops/references/delegated-execution.md",
      "action": "update",
      "execution": "managed",
      "conflict": false
    },
    {
      "targetId": "codex",
      "surface": "office/references/source-backed-work.md",
      "destination": "/private/var/folders/1_/m2vfg4n10n9_50cz0bmvnmx80000gn/T/trio-v2-content-ownership-x0bW4f/workspace/.agents/skills/trio/office/references/source-backed-work.md",
      "action": "update",
      "execution": "managed",
      "conflict": false
    },
    {
      "targetId": "codex",
      "surface": "office/references/artifact-and-delivery.md",
      "destination": "/private/var/folders/1_/m2vfg4n10n9_50cz0bmvnmx80000gn/T/trio-v2-content-ownership-x0bW4f/workspace/.agents/skills/trio/office/references/artifact-and-delivery.md",
      "action": "update",
      "execution": "managed",
      "conflict": false
    }
  ],
  "conflicts": []
}
{
  "schemaVersion": 2,
  "runtime": "trio",
  "mode": "dry-run",
  "descriptors": [
    {
      "targetId": "codex",
      "surface": "entry",
      "destination": "/private/var/folders/1_/m2vfg4n10n9_50cz0bmvnmx80000gn/T/trio-v2-content-ownership-x0bW4f/workspace/AGENTS.md",
      "action": "preserve",
      "execution": "manual",
      "conflict": true
    },
    {
      "targetId": "codex",
      "surface": "trio",
      "destination": "/private/var/folders/1_/m2vfg4n10n9_50cz0bmvnmx80000gn/T/trio-v2-content-ownership-x0bW4f/workspace/.agents/skills/trio/SKILL.md",
      "action": "update",
      "execution": "managed",
      "conflict": false
    },
    {
      "targetId": "codex",
      "surface": "dev",
      "destination": "/private/var/folders/1_/m2vfg4n10n9_50cz0bmvnmx80000gn/T/trio-v2-content-ownership-x0bW4f/workspace/.agents/skills/trio/dev/SKILL.md",
      "action": "update",
      "execution": "managed",
      "conflict": false
    },
    {
      "targetId": "codex",
      "surface": "office",
      "destination": "/private/var/folders/1_/m2vfg4n10n9_50cz0bmvnmx80000gn/T/trio-v2-content-ownership-x0bW4f/workspace/.agents/skills/trio/office/SKILL.md",
      "action": "update",
      "execution": "managed",
      "conflict": false
    },
    {
      "targetId": "codex",
      "surface": "safety",
      "destination": "/private/var/folders/1_/m2vfg4n10n9_50cz0bmvnmx80000gn/T/trio-v2-content-ownership-x0bW4f/workspace/.agents/skills/trio/safety/SKILL.md",
      "action": "update",
      "execution": "managed",
      "conflict": false
    },
    {
      "targetId": "codex",
      "surface": "chiefops",
      "destination": "/private/var/folders/1_/m2vfg4n10n9_50cz0bmvnmx80000gn/T/trio-v2-content-ownership-x0bW4f/workspace/.agents/skills/chiefops/SKILL.md",
      "action": "update",
      "execution": "managed",
      "conflict": false
    },
    {
      "targetId": "codex",
      "surface": "trio/references/execution.md",
      "destination": "/private/var/folders/1_/m2vfg4n10n9_50cz0bmvnmx80000gn/T/trio-v2-content-ownership-x0bW4f/workspace/.agents/skills/trio/references/execution.md",
      "action": "update",
      "execution": "managed",
      "conflict": false
    },
    {
      "targetId": "codex",
      "surface": "dev/references/methods.md",
      "destination": "/private/var/folders/1_/m2vfg4n10n9_50cz0bmvnmx80000gn/T/trio-v2-content-ownership-x0bW4f/workspace/.agents/skills/trio/dev/references/methods.md",
      "action": "update",
      "execution": "managed",
      "conflict": false
    },
    {
      "targetId": "codex",
      "surface": "dev/references/review.md",
      "destination": "/private/var/folders/1_/m2vfg4n10n9_50cz0bmvnmx80000gn/T/trio-v2-content-ownership-x0bW4f/workspace/.agents/skills/trio/dev/references/review.md",
      "action": "update",
      "execution": "managed",
      "conflict": false
    },
    {
      "targetId": "codex",
      "surface": "dev/references/pr-feedback.md",
      "destination": "/private/var/folders/1_/m2vfg4n10n9_50cz0bmvnmx80000gn/T/trio-v2-content-ownership-x0bW4f/workspace/.agents/skills/trio/dev/references/pr-feedback.md",
      "action": "update",
      "execution": "managed",
      "conflict": false
    },
    {
      "targetId": "codex",
      "surface": "chiefops/references/delegated-execution.md",
      "destination": "/private/var/folders/1_/m2vfg4n10n9_50cz0bmvnmx80000gn/T/trio-v2-content-ownership-x0bW4f/workspace/.agents/skills/chiefops/references/delegated-execution.md",
      "action": "update",
      "execution": "managed",
      "conflict": false
    },
    {
      "targetId": "codex",
      "surface": "office/references/source-backed-work.md",
      "destination": "/private/var/folders/1_/m2vfg4n10n9_50cz0bmvnmx80000gn/T/trio-v2-content-ownership-x0bW4f/workspace/.agents/skills/trio/office/references/source-backed-work.md",
      "action": "update",
      "execution": "managed",
      "conflict": false
    },
    {
      "targetId": "codex",
      "surface": "office/references/artifact-and-delivery.md",
      "destination": "/private/var/folders/1_/m2vfg4n10n9_50cz0bmvnmx80000gn/T/trio-v2-content-ownership-x0bW4f/workspace/.agents/skills/trio/office/references/artifact-and-delivery.md",
      "action": "update",
      "execution": "managed",
      "conflict": false
    }
  ],
  "conflicts": [
    {
      "targetId": "codex",
      "surface": "entry",
      "destination": "/private/var/folders/1_/m2vfg4n10n9_50cz0bmvnmx80000gn/T/trio-v2-content-ownership-x0bW4f/workspace/AGENTS.md",
      "reason": "destination-observation-unknown"
    }
  ]
}
✔ Trio uses settled content digests to allow source updates and preserve user drift (524.064291ms)
{
  "runtime": "trio",
  "mode": "fresh",
  "writes": [
    "/private/var/folders/1_/m2vfg4n10n9_50cz0bmvnmx80000gn/T/trio-v2-public-content-drift-NREWYw/workspace/AGENTS.md",
    "/private/var/folders/1_/m2vfg4n10n9_50cz0bmvnmx80000gn/T/trio-v2-public-content-drift-NREWYw/workspace/.agents/skills/trio/SKILL.md",
    "/private/var/folders/1_/m2vfg4n10n9_50cz0bmvnmx80000gn/T/trio-v2-public-content-drift-NREWYw/workspace/.agents/skills/trio/dev/SKILL.md",
    "/private/var/folders/1_/m2vfg4n10n9_50cz0bmvnmx80000gn/T/trio-v2-public-content-drift-NREWYw/workspace/.agents/skills/trio/office/SKILL.md",
    "/private/var/folders/1_/m2vfg4n10n9_50cz0bmvnmx80000gn/T/trio-v2-public-content-drift-NREWYw/workspace/.agents/skills/trio/safety/SKILL.md",
    "/private/var/folders/1_/m2vfg4n10n9_50cz0bmvnmx80000gn/T/trio-v2-public-content-drift-NREWYw/workspace/.agents/skills/chiefops/SKILL.md",
    "/private/var/folders/1_/m2vfg4n10n9_50cz0bmvnmx80000gn/T/trio-v2-public-content-drift-NREWYw/workspace/.agents/skills/trio/references/execution.md",
    "/private/var/folders/1_/m2vfg4n10n9_50cz0bmvnmx80000gn/T/trio-v2-public-content-drift-NREWYw/workspace/.agents/skills/trio/dev/references/methods.md",
    "/private/var/folders/1_/m2vfg4n10n9_50cz0bmvnmx80000gn/T/trio-v2-public-content-drift-NREWYw/workspace/.agents/skills/trio/dev/references/review.md",
    "/private/var/folders/1_/m2vfg4n10n9_50cz0bmvnmx80000gn/T/trio-v2-public-content-drift-NREWYw/workspace/.agents/skills/trio/dev/references/pr-feedback.md",
    "/private/var/folders/1_/m2vfg4n10n9_50cz0bmvnmx80000gn/T/trio-v2-public-content-drift-NREWYw/workspace/.agents/skills/chiefops/references/delegated-execution.md",
    "/private/var/folders/1_/m2vfg4n10n9_50cz0bmvnmx80000gn/T/trio-v2-public-content-drift-NREWYw/workspace/.agents/skills/trio/office/references/source-backed-work.md",
    "/private/var/folders/1_/m2vfg4n10n9_50cz0bmvnmx80000gn/T/trio-v2-public-content-drift-NREWYw/workspace/.agents/skills/trio/office/references/artifact-and-delivery.md"
  ],
  "conflicts": []
}
{
  "schemaVersion": 2,
  "runtime": "trio",
  "mode": "dry-run",
  "descriptors": [
    {
      "targetId": "codex",
      "surface": "entry",
      "destination": "/private/var/folders/1_/m2vfg4n10n9_50cz0bmvnmx80000gn/T/trio-v2-public-content-drift-NREWYw/workspace/AGENTS.md",
      "action": "update",
      "execution": "managed",
      "conflict": false
    },
    {
      "targetId": "codex",
      "surface": "trio",
      "destination": "/private/var/folders/1_/m2vfg4n10n9_50cz0bmvnmx80000gn/T/trio-v2-public-content-drift-NREWYw/workspace/.agents/skills/trio/SKILL.md",
      "action": "update",
      "execution": "managed",
      "conflict": false
    },
    {
      "targetId": "codex",
      "surface": "dev",
      "destination": "/private/var/folders/1_/m2vfg4n10n9_50cz0bmvnmx80000gn/T/trio-v2-public-content-drift-NREWYw/workspace/.agents/skills/trio/dev/SKILL.md",
      "action": "update",
      "execution": "managed",
      "conflict": false
    },
    {
      "targetId": "codex",
      "surface": "office",
      "destination": "/private/var/folders/1_/m2vfg4n10n9_50cz0bmvnmx80000gn/T/trio-v2-public-content-drift-NREWYw/workspace/.agents/skills/trio/office/SKILL.md",
      "action": "update",
      "execution": "managed",
      "conflict": false
    },
    {
      "targetId": "codex",
      "surface": "safety",
      "destination": "/private/var/folders/1_/m2vfg4n10n9_50cz0bmvnmx80000gn/T/trio-v2-public-content-drift-NREWYw/workspace/.agents/skills/trio/safety/SKILL.md",
      "action": "update",
      "execution": "managed",
      "conflict": false
    },
    {
      "targetId": "codex",
      "surface": "chiefops",
      "destination": "/private/var/folders/1_/m2vfg4n10n9_50cz0bmvnmx80000gn/T/trio-v2-public-content-drift-NREWYw/workspace/.agents/skills/chiefops/SKILL.md",
      "action": "update",
      "execution": "managed",
      "conflict": false
    },
    {
      "targetId": "codex",
      "surface": "trio/references/execution.md",
      "destination": "/private/var/folders/1_/m2vfg4n10n9_50cz0bmvnmx80000gn/T/trio-v2-public-content-drift-NREWYw/workspace/.agents/skills/trio/references/execution.md",
      "action": "update",
      "execution": "managed",
      "conflict": false
    },
    {
      "targetId": "codex",
      "surface": "dev/references/methods.md",
      "destination": "/private/var/folders/1_/m2vfg4n10n9_50cz0bmvnmx80000gn/T/trio-v2-public-content-drift-NREWYw/workspace/.agents/skills/trio/dev/references/methods.md",
      "action": "update",
      "execution": "managed",
      "conflict": false
    },
    {
      "targetId": "codex",
      "surface": "dev/references/review.md",
      "destination": "/private/var/folders/1_/m2vfg4n10n9_50cz0bmvnmx80000gn/T/trio-v2-public-content-drift-NREWYw/workspace/.agents/skills/trio/dev/references/review.md",
      "action": "update",
      "execution": "managed",
      "conflict": false
    },
    {
      "targetId": "codex",
      "surface": "dev/references/pr-feedback.md",
      "destination": "/private/var/folders/1_/m2vfg4n10n9_50cz0bmvnmx80000gn/T/trio-v2-public-content-drift-NREWYw/workspace/.agents/skills/trio/dev/references/pr-feedback.md",
      "action": "update",
      "execution": "managed",
      "conflict": false
    },
    {
      "targetId": "codex",
      "surface": "chiefops/references/delegated-execution.md",
      "destination": "/private/var/folders/1_/m2vfg4n10n9_50cz0bmvnmx80000gn/T/trio-v2-public-content-drift-NREWYw/workspace/.agents/skills/chiefops/references/delegated-execution.md",
      "action": "update",
      "execution": "managed",
      "conflict": false
    },
    {
      "targetId": "codex",
      "surface": "office/references/source-backed-work.md",
      "destination": "/private/var/folders/1_/m2vfg4n10n9_50cz0bmvnmx80000gn/T/trio-v2-public-content-drift-NREWYw/workspace/.agents/skills/trio/office/references/source-backed-work.md",
      "action": "update",
      "execution": "managed",
      "conflict": false
    },
    {
      "targetId": "codex",
      "surface": "office/references/artifact-and-delivery.md",
      "destination": "/private/var/folders/1_/m2vfg4n10n9_50cz0bmvnmx80000gn/T/trio-v2-public-content-drift-NREWYw/workspace/.agents/skills/trio/office/references/artifact-and-delivery.md",
      "action": "update",
      "execution": "managed",
      "conflict": false
    }
  ],
  "conflicts": []
}
{
  "schemaVersion": 2,
  "runtime": "trio",
  "mode": "dry-run",
  "descriptors": [
    {
      "targetId": "codex",
      "surface": "entry",
      "destination": "/private/var/folders/1_/m2vfg4n10n9_50cz0bmvnmx80000gn/T/trio-v2-public-content-drift-NREWYw/workspace/AGENTS.md",
      "action": "preserve",
      "execution": "manual",
      "conflict": true
    },
    {
      "targetId": "codex",
      "surface": "trio",
      "destination": "/private/var/folders/1_/m2vfg4n10n9_50cz0bmvnmx80000gn/T/trio-v2-public-content-drift-NREWYw/workspace/.agents/skills/trio/SKILL.md",
      "action": "update",
      "execution": "managed",
      "conflict": false
    },
    {
      "targetId": "codex",
      "surface": "dev",
      "destination": "/private/var/folders/1_/m2vfg4n10n9_50cz0bmvnmx80000gn/T/trio-v2-public-content-drift-NREWYw/workspace/.agents/skills/trio/dev/SKILL.md",
      "action": "update",
      "execution": "managed",
      "conflict": false
    },
    {
      "targetId": "codex",
      "surface": "office",
      "destination": "/private/var/folders/1_/m2vfg4n10n9_50cz0bmvnmx80000gn/T/trio-v2-public-content-drift-NREWYw/workspace/.agents/skills/trio/office/SKILL.md",
      "action": "update",
      "execution": "managed",
      "conflict": false
    },
    {
      "targetId": "codex",
      "surface": "safety",
      "destination": "/private/var/folders/1_/m2vfg4n10n9_50cz0bmvnmx80000gn/T/trio-v2-public-content-drift-NREWYw/workspace/.agents/skills/trio/safety/SKILL.md",
      "action": "update",
      "execution": "managed",
      "conflict": false
    },
    {
      "targetId": "codex",
      "surface": "chiefops",
      "destination": "/private/var/folders/1_/m2vfg4n10n9_50cz0bmvnmx80000gn/T/trio-v2-public-content-drift-NREWYw/workspace/.agents/skills/chiefops/SKILL.md",
      "action": "update",
      "execution": "managed",
      "conflict": false
    },
    {
      "targetId": "codex",
      "surface": "trio/references/execution.md",
      "destination": "/private/var/folders/1_/m2vfg4n10n9_50cz0bmvnmx80000gn/T/trio-v2-public-content-drift-NREWYw/workspace/.agents/skills/trio/references/execution.md",
      "action": "update",
      "execution": "managed",
      "conflict": false
    },
    {
      "targetId": "codex",
      "surface": "dev/references/methods.md",
      "destination": "/private/var/folders/1_/m2vfg4n10n9_50cz0bmvnmx80000gn/T/trio-v2-public-content-drift-NREWYw/workspace/.agents/skills/trio/dev/references/methods.md",
      "action": "update",
      "execution": "managed",
      "conflict": false
    },
    {
      "targetId": "codex",
      "surface": "dev/references/review.md",
      "destination": "/private/var/folders/1_/m2vfg4n10n9_50cz0bmvnmx80000gn/T/trio-v2-public-content-drift-NREWYw/workspace/.agents/skills/trio/dev/references/review.md",
      "action": "update",
      "execution": "managed",
      "conflict": false
    },
    {
      "targetId": "codex",
      "surface": "dev/references/pr-feedback.md",
      "destination": "/private/var/folders/1_/m2vfg4n10n9_50cz0bmvnmx80000gn/T/trio-v2-public-content-drift-NREWYw/workspace/.agents/skills/trio/dev/references/pr-feedback.md",
      "action": "update",
      "execution": "managed",
      "conflict": false
    },
    {
      "targetId": "codex",
      "surface": "chiefops/references/delegated-execution.md",
      "destination": "/private/var/folders/1_/m2vfg4n10n9_50cz0bmvnmx80000gn/T/trio-v2-public-content-drift-NREWYw/workspace/.agents/skills/chiefops/references/delegated-execution.md",
      "action": "update",
      "execution": "managed",
      "conflict": false
    },
    {
      "targetId": "codex",
      "surface": "office/references/source-backed-work.md",
      "destination": "/private/var/folders/1_/m2vfg4n10n9_50cz0bmvnmx80000gn/T/trio-v2-public-content-drift-NREWYw/workspace/.agents/skills/trio/office/references/source-backed-work.md",
      "action": "update",
      "execution": "managed",
      "conflict": false
    },
    {
      "targetId": "codex",
      "surface": "office/references/artifact-and-delivery.md",
      "destination": "/private/var/folders/1_/m2vfg4n10n9_50cz0bmvnmx80000gn/T/trio-v2-public-content-drift-NREWYw/workspace/.agents/skills/trio/office/references/artifact-and-delivery.md",
      "action": "update",
      "execution": "managed",
      "conflict": false
    }
  ],
  "conflicts": [
    {
      "targetId": "codex",
      "surface": "entry",
      "destination": "/private/var/folders/1_/m2vfg4n10n9_50cz0bmvnmx80000gn/T/trio-v2-public-content-drift-NREWYw/workspace/AGENTS.md",
      "reason": "destination-observation-unknown"
    }
  ]
}
✔ Trio public sync treats a content-digest mismatch as user-owned drift (487.3015ms)
✔ Trio physical fixture gate rejects a symlinked managed parent before state or target writes (9.480792ms)
✔ Trio internal apply compensates a mid-apply failure without changing V1 state (53.981833ms)
✔ Trio internal apply preserves the original state when the state publish fails before rename (1081.218333ms)
✔ Trio rollback preserves an ambiguous post-publish target and restores prior receipts (253.028458ms)
✔ Trio rollback preserves an ambiguous post-publish state and restores target receipts (2451.752958ms)
✔ Trio apply rechecks a post-observation target swap before its first write (38.293625ms)
✔ Trio selector and fixture inputs fail closed without legacy or target writes (15.214125ms)
✔ unknown Trio selectors reject help before emitting command usage (0.770958ms)
✔ production selector pollution rejects help before output (3.403375ms)
✔ Trio rollback preserves a same-content foreign replacement after publication (109.365375ms)
✔ Trio rollback preserves a replaced transaction-created directory (117.48275ms)
{
  "runtime": "trio",
  "mode": "fresh",
  "writes": [
    "/private/var/folders/1_/m2vfg4n10n9_50cz0bmvnmx80000gn/T/trio-v2-state-alias-QPzbJW/workspace/AGENTS.md",
    "/private/var/folders/1_/m2vfg4n10n9_50cz0bmvnmx80000gn/T/trio-v2-state-alias-QPzbJW/workspace/.agents/skills/trio/SKILL.md",
    "/private/var/folders/1_/m2vfg4n10n9_50cz0bmvnmx80000gn/T/trio-v2-state-alias-QPzbJW/workspace/.agents/skills/trio/dev/SKILL.md",
    "/private/var/folders/1_/m2vfg4n10n9_50cz0bmvnmx80000gn/T/trio-v2-state-alias-QPzbJW/workspace/.agents/skills/trio/office/SKILL.md",
    "/private/var/folders/1_/m2vfg4n10n9_50cz0bmvnmx80000gn/T/trio-v2-state-alias-QPzbJW/workspace/.agents/skills/trio/safety/SKILL.md",
    "/private/var/folders/1_/m2vfg4n10n9_50cz0bmvnmx80000gn/T/trio-v2-state-alias-QPzbJW/workspace/.agents/skills/chiefops/SKILL.md",
    "/private/var/folders/1_/m2vfg4n10n9_50cz0bmvnmx80000gn/T/trio-v2-state-alias-QPzbJW/workspace/.agents/skills/trio/references/execution.md",
    "/private/var/folders/1_/m2vfg4n10n9_50cz0bmvnmx80000gn/T/trio-v2-state-alias-QPzbJW/workspace/.agents/skills/trio/dev/references/methods.md",
    "/private/var/folders/1_/m2vfg4n10n9_50cz0bmvnmx80000gn/T/trio-v2-state-alias-QPzbJW/workspace/.agents/skills/trio/dev/references/review.md",
    "/private/var/folders/1_/m2vfg4n10n9_50cz0bmvnmx80000gn/T/trio-v2-state-alias-QPzbJW/workspace/.agents/skills/trio/dev/references/pr-feedback.md",
    "/private/var/folders/1_/m2vfg4n10n9_50cz0bmvnmx80000gn/T/trio-v2-state-alias-QPzbJW/workspace/.agents/skills/chiefops/references/delegated-execution.md",
    "/private/var/folders/1_/m2vfg4n10n9_50cz0bmvnmx80000gn/T/trio-v2-state-alias-QPzbJW/workspace/.agents/skills/trio/office/references/source-backed-work.md",
    "/private/var/folders/1_/m2vfg4n10n9_50cz0bmvnmx80000gn/T/trio-v2-state-alias-QPzbJW/workspace/.agents/skills/trio/office/references/artifact-and-delivery.md"
  ],
  "conflicts": []
}
✔ Trio physical fixture gate rejects descriptor-to-state aliases (593.332375ms)
{
  "runtime": "trio",
  "mode": "upgrade",
  "writes": [
    "/private/var/folders/1_/m2vfg4n10n9_50cz0bmvnmx80000gn/T/trio-v2-command-upgrade-v1-standard-Os2MiF/home/.codex/AGENTS.md",
    "/private/var/folders/1_/m2vfg4n10n9_50cz0bmvnmx80000gn/T/trio-v2-command-upgrade-v1-standard-Os2MiF/home/.agents/skills/trio/SKILL.md",
    "/private/var/folders/1_/m2vfg4n10n9_50cz0bmvnmx80000gn/T/trio-v2-command-upgrade-v1-standard-Os2MiF/home/.agents/skills/trio/dev/SKILL.md",
    "/private/var/folders/1_/m2vfg4n10n9_50cz0bmvnmx80000gn/T/trio-v2-command-upgrade-v1-standard-Os2MiF/home/.agents/skills/trio/office/SKILL.md",
    "/private/var/folders/1_/m2vfg4n10n9_50cz0bmvnmx80000gn/T/trio-v2-command-upgrade-v1-standard-Os2MiF/home/.agents/skills/trio/safety/SKILL.md",
    "/private/var/folders/1_/m2vfg4n10n9_50cz0bmvnmx80000gn/T/trio-v2-command-upgrade-v1-standard-Os2MiF/home/.agents/skills/chiefops/SKILL.md",
    "/private/var/folders/1_/m2vfg4n10n9_50cz0bmvnmx80000gn/T/trio-v2-command-upgrade-v1-standard-Os2MiF/home/.agents/skills/trio/references/execution.md",
    "/private/var/folders/1_/m2vfg4n10n9_50cz0bmvnmx80000gn/T/trio-v2-command-upgrade-v1-standard-Os2MiF/home/.agents/skills/trio/dev/references/methods.md",
    "/private/var/folders/1_/m2vfg4n10n9_50cz0bmvnmx80000gn/T/trio-v2-command-upgrade-v1-standard-Os2MiF/home/.agents/skills/trio/dev/references/review.md",
    "/private/var/folders/1_/m2vfg4n10n9_50cz0bmvnmx80000gn/T/trio-v2-command-upgrade-v1-standard-Os2MiF/home/.agents/skills/trio/dev/references/pr-feedback.md",
    "/private/var/folders/1_/m2vfg4n10n9_50cz0bmvnmx80000gn/T/trio-v2-command-upgrade-v1-standard-Os2MiF/home/.agents/skills/chiefops/references/delegated-execution.md",
    "/private/var/folders/1_/m2vfg4n10n9_50cz0bmvnmx80000gn/T/trio-v2-command-upgrade-v1-standard-Os2MiF/home/.agents/skills/trio/office/references/source-backed-work.md",
    "/private/var/folders/1_/m2vfg4n10n9_50cz0bmvnmx80000gn/T/trio-v2-command-upgrade-v1-standard-Os2MiF/home/.agents/skills/trio/office/references/artifact-and-delivery.md"
  ],
  "conflicts": [
    {
      "targetId": "cursor",
      "surface": "entry",
      "destination": "/private/var/folders/1_/m2vfg4n10n9_50cz0bmvnmx80000gn/T/trio-v2-command-upgrade-v1-standard-Os2MiF/home/manual/cursor/entry-policy.md",
      "reason": "destination-observation-unknown"
    },
    {
      "targetId": "cursor",
      "surface": "trio",
      "destination": "/private/var/folders/1_/m2vfg4n10n9_50cz0bmvnmx80000gn/T/trio-v2-command-upgrade-v1-standard-Os2MiF/home/manual/cursor/skills/trio/SKILL.md",
      "reason": "destination-observation-unknown"
    },
    {
      "targetId": "cursor",
      "surface": "dev",
      "destination": "/private/var/folders/1_/m2vfg4n10n9_50cz0bmvnmx80000gn/T/trio-v2-command-upgrade-v1-standard-Os2MiF/home/manual/cursor/skills/trio/dev/SKILL.md",
      "reason": "destination-observation-unknown"
    },
    {
      "targetId": "cursor",
      "surface": "office",
      "destination": "/private/var/folders/1_/m2vfg4n10n9_50cz0bmvnmx80000gn/T/trio-v2-command-upgrade-v1-standard-Os2MiF/home/manual/cursor/skills/trio/office/SKILL.md",
      "reason": "destination-observation-unknown"
    },
    {
      "targetId": "cursor",
      "surface": "safety",
      "destination": "/private/var/folders/1_/m2vfg4n10n9_50cz0bmvnmx80000gn/T/trio-v2-command-upgrade-v1-standard-Os2MiF/home/manual/cursor/skills/trio/safety/SKILL.md",
      "reason": "destination-observation-unknown"
    },
    {
      "targetId": "cursor",
      "surface": "chiefops",
      "destination": "/private/var/folders/1_/m2vfg4n10n9_50cz0bmvnmx80000gn/T/trio-v2-command-upgrade-v1-standard-Os2MiF/home/manual/cursor/skills/chiefops/SKILL.md",
      "reason": "destination-observation-unknown"
    },
    {
      "targetId": "cursor",
      "surface": "trio/references/execution.md",
      "destination": "/private/var/folders/1_/m2vfg4n10n9_50cz0bmvnmx80000gn/T/trio-v2-command-upgrade-v1-standard-Os2MiF/home/manual/cursor/skills/trio/references/execution.md",
      "reason": "destination-observation-unknown"
    },
    {
      "targetId": "cursor",
      "surface": "dev/references/methods.md",
      "destination": "/private/var/folders/1_/m2vfg4n10n9_50cz0bmvnmx80000gn/T/trio-v2-command-upgrade-v1-standard-Os2MiF/home/manual/cursor/skills/trio/dev/references/methods.md",
      "reason": "destination-observation-unknown"
    },
    {
      "targetId": "cursor",
      "surface": "dev/references/review.md",
      "destination": "/private/var/folders/1_/m2vfg4n10n9_50cz0bmvnmx80000gn/T/trio-v2-command-upgrade-v1-standard-Os2MiF/home/manual/cursor/skills/trio/dev/references/review.md",
      "reason": "destination-observation-unknown"
    },
    {
      "targetId": "cursor",
      "surface": "dev/references/pr-feedback.md",
      "destination": "/private/var/folders/1_/m2vfg4n10n9_50cz0bmvnmx80000gn/T/trio-v2-command-upgrade-v1-standard-Os2MiF/home/manual/cursor/skills/trio/dev/references/pr-feedback.md",
      "reason": "destination-observation-unknown"
    },
    {
      "targetId": "cursor",
      "surface": "chiefops/references/delegated-execution.md",
      "destination": "/private/var/folders/1_/m2vfg4n10n9_50cz0bmvnmx80000gn/T/trio-v2-command-upgrade-v1-standard-Os2MiF/home/manual/cursor/skills/chiefops/references/delegated-execution.md",
      "reason": "destination-observation-unknown"
    },
    {
      "targetId": "cursor",
      "surface": "office/references/source-backed-work.md",
      "destination": "/private/var/folders/1_/m2vfg4n10n9_50cz0bmvnmx80000gn/T/trio-v2-command-upgrade-v1-standard-Os2MiF/home/manual/cursor/skills/trio/office/references/source-backed-work.md",
      "reason": "destination-observation-unknown"
    },
    {
      "targetId": "cursor",
      "surface": "office/references/artifact-and-delivery.md",
      "destination": "/private/var/folders/1_/m2vfg4n10n9_50cz0bmvnmx80000gn/T/trio-v2-command-upgrade-v1-standard-Os2MiF/home/manual/cursor/skills/trio/office/references/artifact-and-delivery.md",
      "reason": "destination-observation-unknown"
    }
  ]
}
✔ Trio upgrade leaves legacy stale and retired sentinels untouched (469.6835ms)
✔ Trio upgrade rejects unmanaged evidence and unsafe recovery or hard-link inputs before writes (64.325583ms)
✔ install fixtures have exact roots/files and fresh input is strict V2 (7.909542ms)
✔ standard V1 migration consumes real raw bytes from a temp copy and preserves provenance (14.359416ms)
✔ migration requires content-addressed raw manifest and explicit recovery references (6.044208ms)
✔ V1 migration wrapper requires exactly four own fields (7.625ms)
✔ migration rejects inherited V1 structural and selected manifest fields (9.740166ms)
✔ unmanaged V1 upgrade preserves the existing destination and never updates it (11.092125ms)
{
  "runtime": "trio",
  "mode": "takeover-chiefops",
  "writes": [
    "/private/var/folders/1_/m2vfg4n10n9_50cz0bmvnmx80000gn/T/trio-v2-production-takeover-success-dz0MEM/home/.codex/AGENTS.md",
    "/private/var/folders/1_/m2vfg4n10n9_50cz0bmvnmx80000gn/T/trio-v2-production-takeover-success-dz0MEM/home/.agents/skills/trio/SKILL.md",
    "/private/var/folders/1_/m2vfg4n10n9_50cz0bmvnmx80000gn/T/trio-v2-production-takeover-success-dz0MEM/home/.agents/skills/trio/dev/SKILL.md",
    "/private/var/folders/1_/m2vfg4n10n9_50cz0bmvnmx80000gn/T/trio-v2-production-takeover-success-dz0MEM/home/.agents/skills/trio/office/SKILL.md",
    "/private/var/folders/1_/m2vfg4n10n9_50cz0bmvnmx80000gn/T/trio-v2-production-takeover-success-dz0MEM/home/.agents/skills/trio/safety/SKILL.md",
    "/private/var/folders/1_/m2vfg4n10n9_50cz0bmvnmx80000gn/T/trio-v2-production-takeover-success-dz0MEM/home/.agents/skills/chiefops/SKILL.md",
    "/private/var/folders/1_/m2vfg4n10n9_50cz0bmvnmx80000gn/T/trio-v2-production-takeover-success-dz0MEM/home/.agents/skills/trio/references/execution.md",
    "/private/var/folders/1_/m2vfg4n10n9_50cz0bmvnmx80000gn/T/trio-v2-production-takeover-success-dz0MEM/home/.agents/skills/trio/dev/references/methods.md",
    "/private/var/folders/1_/m2vfg4n10n9_50cz0bmvnmx80000gn/T/trio-v2-production-takeover-success-dz0MEM/home/.agents/skills/trio/dev/references/review.md",
    "/private/var/folders/1_/m2vfg4n10n9_50cz0bmvnmx80000gn/T/trio-v2-production-takeover-success-dz0MEM/home/.agents/skills/trio/dev/references/pr-feedback.md",
    "/private/var/folders/1_/m2vfg4n10n9_50cz0bmvnmx80000gn/T/trio-v2-production-takeover-success-dz0MEM/home/.agents/skills/chiefops/references/delegated-execution.md",
    "/private/var/folders/1_/m2vfg4n10n9_50cz0bmvnmx80000gn/T/trio-v2-production-takeover-success-dz0MEM/home/.agents/skills/trio/office/references/source-backed-work.md",
    "/private/var/folders/1_/m2vfg4n10n9_50cz0bmvnmx80000gn/T/trio-v2-production-takeover-success-dz0MEM/home/.agents/skills/trio/office/references/artifact-and-delivery.md"
  ],
  "conflicts": [
    {
      "targetId": "copilot",
      "surface": "entry",
      "destination": "/private/var/folders/1_/m2vfg4n10n9_50cz0bmvnmx80000gn/T/trio-v2-production-takeover-success-dz0MEM/home/manual/copilot/entry-policy.md",
      "reason": "destination-observation-unknown"
    },
    {
      "targetId": "copilot",
      "surface": "trio",
      "destination": "/private/var/folders/1_/m2vfg4n10n9_50cz0bmvnmx80000gn/T/trio-v2-production-takeover-success-dz0MEM/home/manual/copilot/skills/trio/SKILL.md",
      "reason": "destination-observation-unknown"
    },
    {
      "targetId": "copilot",
      "surface": "dev",
      "destination": "/private/var/folders/1_/m2vfg4n10n9_50cz0bmvnmx80000gn/T/trio-v2-production-takeover-success-dz0MEM/home/manual/copilot/skills/trio/dev/SKILL.md",
      "reason": "destination-observation-unknown"
    },
    {
      "targetId": "copilot",
      "surface": "office",
      "destination": "/private/var/folders/1_/m2vfg4n10n9_50cz0bmvnmx80000gn/T/trio-v2-production-takeover-success-dz0MEM/home/manual/copilot/skills/trio/office/SKILL.md",
      "reason": "destination-observation-unknown"
    },
    {
      "targetId": "copilot",
      "surface": "safety",
      "destination": "/private/var/folders/1_/m2vfg4n10n9_50cz0bmvnmx80000gn/T/trio-v2-production-takeover-success-dz0MEM/home/manual/copilot/skills/trio/safety/SKILL.md",
      "reason": "destination-observation-unknown"
    },
    {
      "targetId": "copilot",
      "surface": "chiefops",
      "destination": "/private/var/folders/1_/m2vfg4n10n9_50cz0bmvnmx80000gn/T/trio-v2-production-takeover-success-dz0MEM/home/manual/copilot/skills/chiefops/SKILL.md",
      "reason": "destination-observation-unknown"
    },
    {
      "targetId": "copilot",
      "surface": "trio/references/execution.md",
      "destination": "/private/var/folders/1_/m2vfg4n10n9_50cz0bmvnmx80000gn/T/trio-v2-production-takeover-success-dz0MEM/home/manual/copilot/skills/trio/references/execution.md",
      "reason": "destination-observation-unknown"
    },
    {
      "targetId": "copilot",
      "surface": "dev/references/methods.md",
      "destination": "/private/var/folders/1_/m2vfg4n10n9_50cz0bmvnmx80000gn/T/trio-v2-production-takeover-success-dz0MEM/home/manual/copilot/skills/trio/dev/references/methods.md",
      "reason": "destination-observation-unknown"
    },
    {
      "targetId": "copilot",
      "surface": "dev/references/review.md",
      "destination": "/private/var/folders/1_/m2vfg4n10n9_50cz0bmvnmx80000gn/T/trio-v2-production-takeover-success-dz0MEM/home/manual/copilot/skills/trio/dev/references/review.md",
      "reason": "destination-observation-unknown"
    },
    {
      "targetId": "copilot",
      "surface": "dev/references/pr-feedback.md",
      "destination": "/private/var/folders/1_/m2vfg4n10n9_50cz0bmvnmx80000gn/T/trio-v2-production-takeover-success-dz0MEM/home/manual/copilot/skills/trio/dev/references/pr-feedback.md",
      "reason": "destination-observation-unknown"
    },
    {
      "targetId": "copilot",
      "surface": "chiefops/references/delegated-execution.md",
      "destination": "/private/var/folders/1_/m2vfg4n10n9_50cz0bmvnmx80000gn/T/trio-v2-production-takeover-success-dz0MEM/home/manual/copilot/skills/chiefops/references/delegated-execution.md",
      "reason": "destination-observation-unknown"
    },
    {
      "targetId": "copilot",
      "surface": "office/references/source-backed-work.md",
      "destination": "/private/var/folders/1_/m2vfg4n10n9_50cz0bmvnmx80000gn/T/trio-v2-production-takeover-success-dz0MEM/home/manual/copilot/skills/trio/office/references/source-backed-work.md",
      "reason": "destination-observation-unknown"
    },
    {
      "targetId": "copilot",
      "surface": "office/references/artifact-and-delivery.md",
      "destination": "/private/var/folders/1_/m2vfg4n10n9_50cz0bmvnmx80000gn/T/trio-v2-production-takeover-success-dz0MEM/home/manual/copilot/skills/trio/office/references/artifact-and-delivery.md",
      "reason": "destination-observation-unknown"
    }
  ],
  "backup": {
    "ref": "trio-backup-v1:/private/var/folders/1_/m2vfg4n10n9_50cz0bmvnmx80000gn/T/trio-v2-production-takeover-success-dz0MEM/authority/.harness-backup/trio-takeover/20260921-155327-82312335-e58f-4250-8657-cd73d8dbb406/manifest.json:ac15e69d1121396c82d8697cda703053de954ba43ff5e11c10e6fcdb90eefda7",
    "root": "/private/var/folders/1_/m2vfg4n10n9_50cz0bmvnmx80000gn/T/trio-v2-production-takeover-success-dz0MEM/authority/.harness-backup/trio-takeover/20260921-155327-82312335-e58f-4250-8657-cd73d8dbb406",
    "manifestPath": "/private/var/folders/1_/m2vfg4n10n9_50cz0bmvnmx80000gn/T/trio-v2-production-takeover-success-dz0MEM/authority/.harness-backup/trio-takeover/20260921-155327-82312335-e58f-4250-8657-cd73d8dbb406/manifest.json",
    "bundlePath": "/private/var/folders/1_/m2vfg4n10n9_50cz0bmvnmx80000gn/T/trio-v2-production-takeover-success-dz0MEM/authority/.harness-backup/trio-takeover/20260921-155327-82312335-e58f-4250-8657-cd73d8dbb406/bundle.bin"
  }
}
{
  "schemaVersion": 2,
  "runtime": "trio",
  "mode": "dry-run",
  "descriptors": [
    {
      "targetId": "codex",
      "surface": "entry",
      "destination": "/private/var/folders/1_/m2vfg4n10n9_50cz0bmvnmx80000gn/T/trio-v2-production-takeover-success-dz0MEM/home/.codex/AGENTS.md",
      "action": "update",
      "execution": "managed",
      "conflict": false
    },
    {
      "targetId": "codex",
      "surface": "trio",
      "destination": "/private/var/folders/1_/m2vfg4n10n9_50cz0bmvnmx80000gn/T/trio-v2-production-takeover-success-dz0MEM/home/.agents/skills/trio/SKILL.md",
      "action": "update",
      "execution": "managed",
      "conflict": false
    },
    {
      "targetId": "codex",
      "surface": "dev",
      "destination": "/private/var/folders/1_/m2vfg4n10n9_50cz0bmvnmx80000gn/T/trio-v2-production-takeover-success-dz0MEM/home/.agents/skills/trio/dev/SKILL.md",
      "action": "update",
      "execution": "managed",
      "conflict": false
    },
    {
      "targetId": "codex",
      "surface": "office",
      "destination": "/private/var/folders/1_/m2vfg4n10n9_50cz0bmvnmx80000gn/T/trio-v2-production-takeover-success-dz0MEM/home/.agents/skills/trio/office/SKILL.md",
      "action": "update",
      "execution": "managed",
      "conflict": false
    },
    {
      "targetId": "codex",
      "surface": "safety",
      "destination": "/private/var/folders/1_/m2vfg4n10n9_50cz0bmvnmx80000gn/T/trio-v2-production-takeover-success-dz0MEM/home/.agents/skills/trio/safety/SKILL.md",
      "action": "update",
      "execution": "managed",
      "conflict": false
    },
    {
      "targetId": "codex",
      "surface": "chiefops",
      "destination": "/private/var/folders/1_/m2vfg4n10n9_50cz0bmvnmx80000gn/T/trio-v2-production-takeover-success-dz0MEM/home/.agents/skills/chiefops/SKILL.md",
      "action": "update",
      "execution": "managed",
      "conflict": false
    },
    {
      "targetId": "codex",
      "surface": "trio/references/execution.md",
      "destination": "/private/var/folders/1_/m2vfg4n10n9_50cz0bmvnmx80000gn/T/trio-v2-production-takeover-success-dz0MEM/home/.agents/skills/trio/references/execution.md",
      "action": "update",
      "execution": "managed",
      "conflict": false
    },
    {
      "targetId": "codex",
      "surface": "dev/references/methods.md",
      "destination": "/private/var/folders/1_/m2vfg4n10n9_50cz0bmvnmx80000gn/T/trio-v2-production-takeover-success-dz0MEM/home/.agents/skills/trio/dev/references/methods.md",
      "action": "update",
      "execution": "managed",
      "conflict": false
    },
    {
      "targetId": "codex",
      "surface": "dev/references/review.md",
      "destination": "/private/var/folders/1_/m2vfg4n10n9_50cz0bmvnmx80000gn/T/trio-v2-production-takeover-success-dz0MEM/home/.agents/skills/trio/dev/references/review.md",
      "action": "update",
      "execution": "managed",
      "conflict": false
    },
    {
      "targetId": "codex",
      "surface": "dev/references/pr-feedback.md",
      "destination": "/private/var/folders/1_/m2vfg4n10n9_50cz0bmvnmx80000gn/T/trio-v2-production-takeover-success-dz0MEM/home/.agents/skills/trio/dev/references/pr-feedback.md",
      "action": "update",
      "execution": "managed",
      "conflict": false
    },
    {
      "targetId": "codex",
      "surface": "chiefops/references/delegated-execution.md",
      "destination": "/private/var/folders/1_/m2vfg4n10n9_50cz0bmvnmx80000gn/T/trio-v2-production-takeover-success-dz0MEM/home/.agents/skills/chiefops/references/delegated-execution.md",
      "action": "update",
      "execution": "managed",
      "conflict": false
    },
    {
      "targetId": "codex",
      "surface": "office/references/source-backed-work.md",
      "destination": "/private/var/folders/1_/m2vfg4n10n9_50cz0bmvnmx80000gn/T/trio-v2-production-takeover-success-dz0MEM/home/.agents/skills/trio/office/references/source-backed-work.md",
      "action": "update",
      "execution": "managed",
      "conflict": false
    },
    {
      "targetId": "codex",
      "surface": "office/references/artifact-and-delivery.md",
      "destination": "/private/var/folders/1_/m2vfg4n10n9_50cz0bmvnmx80000gn/T/trio-v2-production-takeover-success-dz0MEM/home/.agents/skills/trio/office/references/artifact-and-delivery.md",
      "action": "update",
      "execution": "managed",
      "conflict": false
    },
    {
      "targetId": "copilot",
      "surface": "entry",
      "destination": "/private/var/folders/1_/m2vfg4n10n9_50cz0bmvnmx80000gn/T/trio-v2-production-takeover-success-dz0MEM/home/manual/copilot/entry-policy.md",
      "action": "preserve",
      "execution": "manual",
      "conflict": true
    },
    {
      "targetId": "copilot",
      "surface": "trio",
      "destination": "/private/var/folders/1_/m2vfg4n10n9_50cz0bmvnmx80000gn/T/trio-v2-production-takeover-success-dz0MEM/home/manual/copilot/skills/trio/SKILL.md",
      "action": "preserve",
      "execution": "manual",
      "conflict": true
    },
    {
      "targetId": "copilot",
      "surface": "dev",
      "destination": "/private/var/folders/1_/m2vfg4n10n9_50cz0bmvnmx80000gn/T/trio-v2-production-takeover-success-dz0MEM/home/manual/copilot/skills/trio/dev/SKILL.md",
      "action": "preserve",
      "execution": "manual",
      "conflict": true
    },
    {
      "targetId": "copilot",
      "surface": "office",
      "destination": "/private/var/folders/1_/m2vfg4n10n9_50cz0bmvnmx80000gn/T/trio-v2-production-takeover-success-dz0MEM/home/manual/copilot/skills/trio/office/SKILL.md",
      "action": "preserve",
      "execution": "manual",
      "conflict": true
    },
    {
      "targetId": "copilot",
      "surface": "safety",
      "destination": "/private/var/folders/1_/m2vfg4n10n9_50cz0bmvnmx80000gn/T/trio-v2-production-takeover-success-dz0MEM/home/manual/copilot/skills/trio/safety/SKILL.md",
      "action": "preserve",
      "execution": "manual",
      "conflict": true
    },
    {
      "targetId": "copilot",
      "surface": "chiefops",
      "destination": "/private/var/folders/1_/m2vfg4n10n9_50cz0bmvnmx80000gn/T/trio-v2-production-takeover-success-dz0MEM/home/manual/copilot/skills/chiefops/SKILL.md",
      "action": "preserve",
      "execution": "manual",
      "conflict": true
    },
    {
      "targetId": "copilot",
      "surface": "trio/references/execution.md",
      "destination": "/private/var/folders/1_/m2vfg4n10n9_50cz0bmvnmx80000gn/T/trio-v2-production-takeover-success-dz0MEM/home/manual/copilot/skills/trio/references/execution.md",
      "action": "preserve",
      "execution": "manual",
      "conflict": true
    },
    {
      "targetId": "copilot",
      "surface": "dev/references/methods.md",
      "destination": "/private/var/folders/1_/m2vfg4n10n9_50cz0bmvnmx80000gn/T/trio-v2-production-takeover-success-dz0MEM/home/manual/copilot/skills/trio/dev/references/methods.md",
      "action": "preserve",
      "execution": "manual",
      "conflict": true
    },
    {
      "targetId": "copilot",
      "surface": "dev/references/review.md",
      "destination": "/private/var/folders/1_/m2vfg4n10n9_50cz0bmvnmx80000gn/T/trio-v2-production-takeover-success-dz0MEM/home/manual/copilot/skills/trio/dev/references/review.md",
      "action": "preserve",
      "execution": "manual",
      "conflict": true
    },
    {
      "targetId": "copilot",
      "surface": "dev/references/pr-feedback.md",
      "destination": "/private/var/folders/1_/m2vfg4n10n9_50cz0bmvnmx80000gn/T/trio-v2-production-takeover-success-dz0MEM/home/manual/copilot/skills/trio/dev/references/pr-feedback.md",
      "action": "preserve",
      "execution": "manual",
      "conflict": true
    },
    {
      "targetId": "copilot",
      "surface": "chiefops/references/delegated-execution.md",
      "destination": "/private/var/folders/1_/m2vfg4n10n9_50cz0bmvnmx80000gn/T/trio-v2-production-takeover-success-dz0MEM/home/manual/copilot/skills/chiefops/references/delegated-execution.md",
      "action": "preserve",
      "execution": "manual",
      "conflict": true
    },
    {
      "targetId": "copilot",
      "surface": "office/references/source-backed-work.md",
      "destination": "/private/var/folders/1_/m2vfg4n10n9_50cz0bmvnmx80000gn/T/trio-v2-production-takeover-success-dz0MEM/home/manual/copilot/skills/trio/office/references/source-backed-work.md",
      "action": "preserve",
      "execution": "manual",
      "conflict": true
    },
    {
      "targetId": "copilot",
      "surface": "office/references/artifact-and-delivery.md",
      "destination": "/private/var/folders/1_/m2vfg4n10n9_50cz0bmvnmx80000gn/T/trio-v2-production-takeover-success-dz0MEM/home/manual/copilot/skills/trio/office/references/artifact-and-delivery.md",
      "action": "preserve",
      "execution": "manual",
      "conflict": true
    }
  ],
  "conflicts": [
    {
      "targetId": "copilot",
      "surface": "entry",
      "destination": "/private/var/folders/1_/m2vfg4n10n9_50cz0bmvnmx80000gn/T/trio-v2-production-takeover-success-dz0MEM/home/manual/copilot/entry-policy.md",
      "reason": "destination-observation-unknown"
    },
    {
      "targetId": "copilot",
      "surface": "trio",
      "destination": "/private/var/folders/1_/m2vfg4n10n9_50cz0bmvnmx80000gn/T/trio-v2-production-takeover-success-dz0MEM/home/manual/copilot/skills/trio/SKILL.md",
      "reason": "destination-observation-unknown"
    },
    {
      "targetId": "copilot",
      "surface": "dev",
      "destination": "/private/var/folders/1_/m2vfg4n10n9_50cz0bmvnmx80000gn/T/trio-v2-production-takeover-success-dz0MEM/home/manual/copilot/skills/trio/dev/SKILL.md",
      "reason": "destination-observation-unknown"
    },
    {
      "targetId": "copilot",
      "surface": "office",
      "destination": "/private/var/folders/1_/m2vfg4n10n9_50cz0bmvnmx80000gn/T/trio-v2-production-takeover-success-dz0MEM/home/manual/copilot/skills/trio/office/SKILL.md",
      "reason": "destination-observation-unknown"
    },
    {
      "targetId": "copilot",
      "surface": "safety",
      "destination": "/private/var/folders/1_/m2vfg4n10n9_50cz0bmvnmx80000gn/T/trio-v2-production-takeover-success-dz0MEM/home/manual/copilot/skills/trio/safety/SKILL.md",
      "reason": "destination-observation-unknown"
    },
    {
      "targetId": "copilot",
      "surface": "chiefops",
      "destination": "/private/var/folders/1_/m2vfg4n10n9_50cz0bmvnmx80000gn/T/trio-v2-production-takeover-success-dz0MEM/home/manual/copilot/skills/chiefops/SKILL.md",
      "reason": "destination-observation-unknown"
    },
    {
      "targetId": "copilot",
      "surface": "trio/references/execution.md",
      "destination": "/private/var/folders/1_/m2vfg4n10n9_50cz0bmvnmx80000gn/T/trio-v2-production-takeover-success-dz0MEM/home/manual/copilot/skills/trio/references/execution.md",
      "reason": "destination-observation-unknown"
    },
    {
      "targetId": "copilot",
      "surface": "dev/references/methods.md",
      "destination": "/private/var/folders/1_/m2vfg4n10n9_50cz0bmvnmx80000gn/T/trio-v2-production-takeover-success-dz0MEM/home/manual/copilot/skills/trio/dev/references/methods.md",
      "reason": "destination-observation-unknown"
    },
    {
      "targetId": "copilot",
      "surface": "dev/references/review.md",
      "destination": "/private/var/folders/1_/m2vfg4n10n9_50cz0bmvnmx80000gn/T/trio-v2-production-takeover-success-dz0MEM/home/manual/copilot/skills/trio/dev/references/review.md",
      "reason": "destination-observation-unknown"
    },
    {
      "targetId": "copilot",
      "surface": "dev/references/pr-feedback.md",
      "destination": "/private/var/folders/1_/m2vfg4n10n9_50cz0bmvnmx80000gn/T/trio-v2-production-takeover-success-dz0MEM/home/manual/copilot/skills/trio/dev/references/pr-feedback.md",
      "reason": "destination-observation-unknown"
    },
    {
      "targetId": "copilot",
      "surface": "chiefops/references/delegated-execution.md",
      "destination": "/private/var/folders/1_/m2vfg4n10n9_50cz0bmvnmx80000gn/T/trio-v2-production-takeover-success-dz0MEM/home/manual/copilot/skills/chiefops/references/delegated-execution.md",
      "reason": "destination-observation-unknown"
    },
    {
      "targetId": "copilot",
      "surface": "office/references/source-backed-work.md",
      "destination": "/private/var/folders/1_/m2vfg4n10n9_50cz0bmvnmx80000gn/T/trio-v2-production-takeover-success-dz0MEM/home/manual/copilot/skills/trio/office/references/source-backed-work.md",
      "reason": "destination-observation-unknown"
    },
    {
      "targetId": "copilot",
      "surface": "office/references/artifact-and-delivery.md",
      "destination": "/private/var/folders/1_/m2vfg4n10n9_50cz0bmvnmx80000gn/T/trio-v2-production-takeover-success-dz0MEM/home/manual/copilot/skills/trio/office/references/artifact-and-delivery.md",
      "reason": "destination-observation-unknown"
    }
  ]
}
{
  "schemaVersion": 2,
  "runtime": "trio",
  "mode": "check",
  "descriptors": [
    {
      "targetId": "codex",
      "surface": "entry",
      "destination": "/private/var/folders/1_/m2vfg4n10n9_50cz0bmvnmx80000gn/T/trio-v2-production-takeover-success-dz0MEM/home/.codex/AGENTS.md",
      "action": "update",
      "execution": "managed",
      "conflict": false
    },
    {
      "targetId": "codex",
      "surface": "trio",
      "destination": "/private/var/folders/1_/m2vfg4n10n9_50cz0bmvnmx80000gn/T/trio-v2-production-takeover-success-dz0MEM/home/.agents/skills/trio/SKILL.md",
      "action": "update",
      "execution": "managed",
      "conflict": false
    },
    {
      "targetId": "codex",
      "surface": "dev",
      "destination": "/private/var/folders/1_/m2vfg4n10n9_50cz0bmvnmx80000gn/T/trio-v2-production-takeover-success-dz0MEM/home/.agents/skills/trio/dev/SKILL.md",
      "action": "update",
      "execution": "managed",
      "conflict": false
    },
    {
      "targetId": "codex",
      "surface": "office",
      "destination": "/private/var/folders/1_/m2vfg4n10n9_50cz0bmvnmx80000gn/T/trio-v2-production-takeover-success-dz0MEM/home/.agents/skills/trio/office/SKILL.md",
      "action": "update",
      "execution": "managed",
      "conflict": false
    },
    {
      "targetId": "codex",
      "surface": "safety",
      "destination": "/private/var/folders/1_/m2vfg4n10n9_50cz0bmvnmx80000gn/T/trio-v2-production-takeover-success-dz0MEM/home/.agents/skills/trio/safety/SKILL.md",
      "action": "update",
      "execution": "managed",
      "conflict": false
    },
    {
      "targetId": "codex",
      "surface": "chiefops",
      "destination": "/private/var/folders/1_/m2vfg4n10n9_50cz0bmvnmx80000gn/T/trio-v2-production-takeover-success-dz0MEM/home/.agents/skills/chiefops/SKILL.md",
      "action": "update",
      "execution": "managed",
      "conflict": false
    },
    {
      "targetId": "codex",
      "surface": "trio/references/execution.md",
      "destination": "/private/var/folders/1_/m2vfg4n10n9_50cz0bmvnmx80000gn/T/trio-v2-production-takeover-success-dz0MEM/home/.agents/skills/trio/references/execution.md",
      "action": "update",
      "execution": "managed",
      "conflict": false
    },
    {
      "targetId": "codex",
      "surface": "dev/references/methods.md",
      "destination": "/private/var/folders/1_/m2vfg4n10n9_50cz0bmvnmx80000gn/T/trio-v2-production-takeover-success-dz0MEM/home/.agents/skills/trio/dev/references/methods.md",
      "action": "update",
      "execution": "managed",
      "conflict": false
    },
    {
      "targetId": "codex",
      "surface": "dev/references/review.md",
      "destination": "/private/var/folders/1_/m2vfg4n10n9_50cz0bmvnmx80000gn/T/trio-v2-production-takeover-success-dz0MEM/home/.agents/skills/trio/dev/references/review.md",
      "action": "update",
      "execution": "managed",
      "conflict": false
    },
    {
      "targetId": "codex",
      "surface": "dev/references/pr-feedback.md",
      "destination": "/private/var/folders/1_/m2vfg4n10n9_50cz0bmvnmx80000gn/T/trio-v2-production-takeover-success-dz0MEM/home/.agents/skills/trio/dev/references/pr-feedback.md",
      "action": "update",
      "execution": "managed",
      "conflict": false
    },
    {
      "targetId": "codex",
      "surface": "chiefops/references/delegated-execution.md",
      "destination": "/private/var/folders/1_/m2vfg4n10n9_50cz0bmvnmx80000gn/T/trio-v2-production-takeover-success-dz0MEM/home/.agents/skills/chiefops/references/delegated-execution.md",
      "action": "update",
      "execution": "managed",
      "conflict": false
    },
    {
      "targetId": "codex",
      "surface": "office/references/source-backed-work.md",
      "destination": "/private/var/folders/1_/m2vfg4n10n9_50cz0bmvnmx80000gn/T/trio-v2-production-takeover-success-dz0MEM/home/.agents/skills/trio/office/references/source-backed-work.md",
      "action": "update",
      "execution": "managed",
      "conflict": false
    },
    {
      "targetId": "codex",
      "surface": "office/references/artifact-and-delivery.md",
      "destination": "/private/var/folders/1_/m2vfg4n10n9_50cz0bmvnmx80000gn/T/trio-v2-production-takeover-success-dz0MEM/home/.agents/skills/trio/office/references/artifact-and-delivery.md",
      "action": "update",
      "execution": "managed",
      "conflict": false
    },
    {
      "targetId": "copilot",
      "surface": "entry",
      "destination": "/private/var/folders/1_/m2vfg4n10n9_50cz0bmvnmx80000gn/T/trio-v2-production-takeover-success-dz0MEM/home/manual/copilot/entry-policy.md",
      "action": "preserve",
      "execution": "manual",
      "conflict": true
    },
    {
      "targetId": "copilot",
      "surface": "trio",
      "destination": "/private/var/folders/1_/m2vfg4n10n9_50cz0bmvnmx80000gn/T/trio-v2-production-takeover-success-dz0MEM/home/manual/copilot/skills/trio/SKILL.md",
      "action": "preserve",
      "execution": "manual",
      "conflict": true
    },
    {
      "targetId": "copilot",
      "surface": "dev",
      "destination": "/private/var/folders/1_/m2vfg4n10n9_50cz0bmvnmx80000gn/T/trio-v2-production-takeover-success-dz0MEM/home/manual/copilot/skills/trio/dev/SKILL.md",
      "action": "preserve",
      "execution": "manual",
      "conflict": true
    },
    {
      "targetId": "copilot",
      "surface": "office",
      "destination": "/private/var/folders/1_/m2vfg4n10n9_50cz0bmvnmx80000gn/T/trio-v2-production-takeover-success-dz0MEM/home/manual/copilot/skills/trio/office/SKILL.md",
      "action": "preserve",
      "execution": "manual",
      "conflict": true
    },
    {
      "targetId": "copilot",
      "surface": "safety",
      "destination": "/private/var/folders/1_/m2vfg4n10n9_50cz0bmvnmx80000gn/T/trio-v2-production-takeover-success-dz0MEM/home/manual/copilot/skills/trio/safety/SKILL.md",
      "action": "preserve",
      "execution": "manual",
      "conflict": true
    },
    {
      "targetId": "copilot",
      "surface": "chiefops",
      "destination": "/private/var/folders/1_/m2vfg4n10n9_50cz0bmvnmx80000gn/T/trio-v2-production-takeover-success-dz0MEM/home/manual/copilot/skills/chiefops/SKILL.md",
      "action": "preserve",
      "execution": "manual",
      "conflict": true
    },
    {
      "targetId": "copilot",
      "surface": "trio/references/execution.md",
      "destination": "/private/var/folders/1_/m2vfg4n10n9_50cz0bmvnmx80000gn/T/trio-v2-production-takeover-success-dz0MEM/home/manual/copilot/skills/trio/references/execution.md",
      "action": "preserve",
      "execution": "manual",
      "conflict": true
    },
    {
      "targetId": "copilot",
      "surface": "dev/references/methods.md",
      "destination": "/private/var/folders/1_/m2vfg4n10n9_50cz0bmvnmx80000gn/T/trio-v2-production-takeover-success-dz0MEM/home/manual/copilot/skills/trio/dev/references/methods.md",
      "action": "preserve",
      "execution": "manual",
      "conflict": true
    },
    {
      "targetId": "copilot",
      "surface": "dev/references/review.md",
      "destination": "/private/var/folders/1_/m2vfg4n10n9_50cz0bmvnmx80000gn/T/trio-v2-production-takeover-success-dz0MEM/home/manual/copilot/skills/trio/dev/references/review.md",
      "action": "preserve",
      "execution": "manual",
      "conflict": true
    },
    {
      "targetId": "copilot",
      "surface": "dev/references/pr-feedback.md",
      "destination": "/private/var/folders/1_/m2vfg4n10n9_50cz0bmvnmx80000gn/T/trio-v2-production-takeover-success-dz0MEM/home/manual/copilot/skills/trio/dev/references/pr-feedback.md",
      "action": "preserve",
      "execution": "manual",
      "conflict": true
    },
    {
      "targetId": "copilot",
      "surface": "chiefops/references/delegated-execution.md",
      "destination": "/private/var/folders/1_/m2vfg4n10n9_50cz0bmvnmx80000gn/T/trio-v2-production-takeover-success-dz0MEM/home/manual/copilot/skills/chiefops/references/delegated-execution.md",
      "action": "preserve",
      "execution": "manual",
      "conflict": true
    },
    {
      "targetId": "copilot",
      "surface": "office/references/source-backed-work.md",
      "destination": "/private/var/folders/1_/m2vfg4n10n9_50cz0bmvnmx80000gn/T/trio-v2-production-takeover-success-dz0MEM/home/manual/copilot/skills/trio/office/references/source-backed-work.md",
      "action": "preserve",
      "execution": "manual",
      "conflict": true
    },
    {
      "targetId": "copilot",
      "surface": "office/references/artifact-and-delivery.md",
      "destination": "/private/var/folders/1_/m2vfg4n10n9_50cz0bmvnmx80000gn/T/trio-v2-production-takeover-success-dz0MEM/home/manual/copilot/skills/trio/office/references/artifact-and-delivery.md",
      "action": "preserve",
      "execution": "manual",
      "conflict": true
    }
  ],
  "conflicts": [
    {
      "targetId": "copilot",
      "surface": "entry",
      "destination": "/private/var/folders/1_/m2vfg4n10n9_50cz0bmvnmx80000gn/T/trio-v2-production-takeover-success-dz0MEM/home/manual/copilot/entry-policy.md",
      "reason": "destination-observation-unknown"
    },
    {
      "targetId": "copilot",
      "surface": "trio",
      "destination": "/private/var/folders/1_/m2vfg4n10n9_50cz0bmvnmx80000gn/T/trio-v2-production-takeover-success-dz0MEM/home/manual/copilot/skills/trio/SKILL.md",
      "reason": "destination-observation-unknown"
    },
    {
      "targetId": "copilot",
      "surface": "dev",
      "destination": "/private/var/folders/1_/m2vfg4n10n9_50cz0bmvnmx80000gn/T/trio-v2-production-takeover-success-dz0MEM/home/manual/copilot/skills/trio/dev/SKILL.md",
      "reason": "destination-observation-unknown"
    },
    {
      "targetId": "copilot",
      "surface": "office",
      "destination": "/private/var/folders/1_/m2vfg4n10n9_50cz0bmvnmx80000gn/T/trio-v2-production-takeover-success-dz0MEM/home/manual/copilot/skills/trio/office/SKILL.md",
      "reason": "destination-observation-unknown"
    },
    {
      "targetId": "copilot",
      "surface": "safety",
      "destination": "/private/var/folders/1_/m2vfg4n10n9_50cz0bmvnmx80000gn/T/trio-v2-production-takeover-success-dz0MEM/home/manual/copilot/skills/trio/safety/SKILL.md",
      "reason": "destination-observation-unknown"
    },
    {
      "targetId": "copilot",
      "surface": "chiefops",
      "destination": "/private/var/folders/1_/m2vfg4n10n9_50cz0bmvnmx80000gn/T/trio-v2-production-takeover-success-dz0MEM/home/manual/copilot/skills/chiefops/SKILL.md",
      "reason": "destination-observation-unknown"
    },
    {
      "targetId": "copilot",
      "surface": "trio/references/execution.md",
      "destination": "/private/var/folders/1_/m2vfg4n10n9_50cz0bmvnmx80000gn/T/trio-v2-production-takeover-success-dz0MEM/home/manual/copilot/skills/trio/references/execution.md",
      "reason": "destination-observation-unknown"
    },
    {
      "targetId": "copilot",
      "surface": "dev/references/methods.md",
      "destination": "/private/var/folders/1_/m2vfg4n10n9_50cz0bmvnmx80000gn/T/trio-v2-production-takeover-success-dz0MEM/home/manual/copilot/skills/trio/dev/references/methods.md",
      "reason": "destination-observation-unknown"
    },
    {
      "targetId": "copilot",
      "surface": "dev/references/review.md",
      "destination": "/private/var/folders/1_/m2vfg4n10n9_50cz0bmvnmx80000gn/T/trio-v2-production-takeover-success-dz0MEM/home/manual/copilot/skills/trio/dev/references/review.md",
      "reason": "destination-observation-unknown"
    },
    {
      "targetId": "copilot",
      "surface": "dev/references/pr-feedback.md",
      "destination": "/private/var/folders/1_/m2vfg4n10n9_50cz0bmvnmx80000gn/T/trio-v2-production-takeover-success-dz0MEM/home/manual/copilot/skills/trio/dev/references/pr-feedback.md",
      "reason": "destination-observation-unknown"
    },
    {
      "targetId": "copilot",
      "surface": "chiefops/references/delegated-execution.md",
      "destination": "/private/var/folders/1_/m2vfg4n10n9_50cz0bmvnmx80000gn/T/trio-v2-production-takeover-success-dz0MEM/home/manual/copilot/skills/chiefops/references/delegated-execution.md",
      "reason": "destination-observation-unknown"
    },
    {
      "targetId": "copilot",
      "surface": "office/references/source-backed-work.md",
      "destination": "/private/var/folders/1_/m2vfg4n10n9_50cz0bmvnmx80000gn/T/trio-v2-production-takeover-success-dz0MEM/home/manual/copilot/skills/trio/office/references/source-backed-work.md",
      "reason": "destination-observation-unknown"
    },
    {
      "targetId": "copilot",
      "surface": "office/references/artifact-and-delivery.md",
      "destination": "/private/var/folders/1_/m2vfg4n10n9_50cz0bmvnmx80000gn/T/trio-v2-production-takeover-success-dz0MEM/home/manual/copilot/skills/trio/office/references/artifact-and-delivery.md",
      "reason": "destination-observation-unknown"
    }
  ]
}
{
  "schemaVersion": 2,
  "runtime": "trio",
  "readable": true,
  "descriptorCount": 26,
  "conflicts": [
    {
      "targetId": "copilot",
      "surface": "entry",
      "destination": "/private/var/folders/1_/m2vfg4n10n9_50cz0bmvnmx80000gn/T/trio-v2-production-takeover-success-dz0MEM/home/manual/copilot/entry-policy.md",
      "reason": "destination-observation-unknown"
    },
    {
      "targetId": "copilot",
      "surface": "trio",
      "destination": "/private/var/folders/1_/m2vfg4n10n9_50cz0bmvnmx80000gn/T/trio-v2-production-takeover-success-dz0MEM/home/manual/copilot/skills/trio/SKILL.md",
      "reason": "destination-observation-unknown"
    },
    {
      "targetId": "copilot",
      "surface": "dev",
      "destination": "/private/var/folders/1_/m2vfg4n10n9_50cz0bmvnmx80000gn/T/trio-v2-production-takeover-success-dz0MEM/home/manual/copilot/skills/trio/dev/SKILL.md",
      "reason": "destination-observation-unknown"
    },
    {
      "targetId": "copilot",
      "surface": "office",
      "destination": "/private/var/folders/1_/m2vfg4n10n9_50cz0bmvnmx80000gn/T/trio-v2-production-takeover-success-dz0MEM/home/manual/copilot/skills/trio/office/SKILL.md",
      "reason": "destination-observation-unknown"
    },
    {
      "targetId": "copilot",
      "surface": "safety",
      "destination": "/private/var/folders/1_/m2vfg4n10n9_50cz0bmvnmx80000gn/T/trio-v2-production-takeover-success-dz0MEM/home/manual/copilot/skills/trio/safety/SKILL.md",
      "reason": "destination-observation-unknown"
    },
    {
      "targetId": "copilot",
      "surface": "chiefops",
      "destination": "/private/var/folders/1_/m2vfg4n10n9_50cz0bmvnmx80000gn/T/trio-v2-production-takeover-success-dz0MEM/home/manual/copilot/skills/chiefops/SKILL.md",
      "reason": "destination-observation-unknown"
    },
    {
      "targetId": "copilot",
      "surface": "trio/references/execution.md",
      "destination": "/private/var/folders/1_/m2vfg4n10n9_50cz0bmvnmx80000gn/T/trio-v2-production-takeover-success-dz0MEM/home/manual/copilot/skills/trio/references/execution.md",
      "reason": "destination-observation-unknown"
    },
    {
      "targetId": "copilot",
      "surface": "dev/references/methods.md",
      "destination": "/private/var/folders/1_/m2vfg4n10n9_50cz0bmvnmx80000gn/T/trio-v2-production-takeover-success-dz0MEM/home/manual/copilot/skills/trio/dev/references/methods.md",
      "reason": "destination-observation-unknown"
    },
    {
      "targetId": "copilot",
      "surface": "dev/references/review.md",
      "destination": "/private/var/folders/1_/m2vfg4n10n9_50cz0bmvnmx80000gn/T/trio-v2-production-takeover-success-dz0MEM/home/manual/copilot/skills/trio/dev/references/review.md",
      "reason": "destination-observation-unknown"
    },
    {
      "targetId": "copilot",
      "surface": "dev/references/pr-feedback.md",
      "destination": "/private/var/folders/1_/m2vfg4n10n9_50cz0bmvnmx80000gn/T/trio-v2-production-takeover-success-dz0MEM/home/manual/copilot/skills/trio/dev/references/pr-feedback.md",
      "reason": "destination-observation-unknown"
    },
    {
      "targetId": "copilot",
      "surface": "chiefops/references/delegated-execution.md",
      "destination": "/private/var/folders/1_/m2vfg4n10n9_50cz0bmvnmx80000gn/T/trio-v2-production-takeover-success-dz0MEM/home/manual/copilot/skills/chiefops/references/delegated-execution.md",
      "reason": "destination-observation-unknown"
    },
    {
      "targetId": "copilot",
      "surface": "office/references/source-backed-work.md",
      "destination": "/private/var/folders/1_/m2vfg4n10n9_50cz0bmvnmx80000gn/T/trio-v2-production-takeover-success-dz0MEM/home/manual/copilot/skills/trio/office/references/source-backed-work.md",
      "reason": "destination-observation-unknown"
    },
    {
      "targetId": "copilot",
      "surface": "office/references/artifact-and-delivery.md",
      "destination": "/private/var/folders/1_/m2vfg4n10n9_50cz0bmvnmx80000gn/T/trio-v2-production-takeover-success-dz0MEM/home/manual/copilot/skills/trio/office/references/artifact-and-delivery.md",
      "reason": "destination-observation-unknown"
    }
  ],
  "mode": "check-only"
}
✔ production install --takeover-chiefops adopts one unowned global ChiefOps with a verified complete-inventory backup (631.184333ms)
{
  "runtime": "trio",
  "mode": "fresh",
  "writes": [
    "/private/var/folders/1_/m2vfg4n10n9_50cz0bmvnmx80000gn/T/trio-v2-production-takeover-reject-workspace-scope-Us42QX/authority/AGENTS.md",
    "/private/var/folders/1_/m2vfg4n10n9_50cz0bmvnmx80000gn/T/trio-v2-production-takeover-reject-workspace-scope-Us42QX/authority/.agents/skills/trio/SKILL.md",
    "/private/var/folders/1_/m2vfg4n10n9_50cz0bmvnmx80000gn/T/trio-v2-production-takeover-reject-workspace-scope-Us42QX/authority/.agents/skills/trio/dev/SKILL.md",
    "/private/var/folders/1_/m2vfg4n10n9_50cz0bmvnmx80000gn/T/trio-v2-production-takeover-reject-workspace-scope-Us42QX/authority/.agents/skills/trio/office/SKILL.md",
    "/private/var/folders/1_/m2vfg4n10n9_50cz0bmvnmx80000gn/T/trio-v2-production-takeover-reject-workspace-scope-Us42QX/authority/.agents/skills/trio/safety/SKILL.md",
    "/private/var/folders/1_/m2vfg4n10n9_50cz0bmvnmx80000gn/T/trio-v2-production-takeover-reject-workspace-scope-Us42QX/authority/.agents/skills/chiefops/SKILL.md",
    "/private/var/folders/1_/m2vfg4n10n9_50cz0bmvnmx80000gn/T/trio-v2-production-takeover-reject-workspace-scope-Us42QX/authority/.agents/skills/trio/references/execution.md",
    "/private/var/folders/1_/m2vfg4n10n9_50cz0bmvnmx80000gn/T/trio-v2-production-takeover-reject-workspace-scope-Us42QX/authority/.agents/skills/trio/dev/references/methods.md",
    "/private/var/folders/1_/m2vfg4n10n9_50cz0bmvnmx80000gn/T/trio-v2-production-takeover-reject-workspace-scope-Us42QX/authority/.agents/skills/trio/dev/references/review.md",
    "/private/var/folders/1_/m2vfg4n10n9_50cz0bmvnmx80000gn/T/trio-v2-production-takeover-reject-workspace-scope-Us42QX/authority/.agents/skills/trio/dev/references/pr-feedback.md",
    "/private/var/folders/1_/m2vfg4n10n9_50cz0bmvnmx80000gn/T/trio-v2-production-takeover-reject-workspace-scope-Us42QX/authority/.agents/skills/chiefops/references/delegated-execution.md",
    "/private/var/folders/1_/m2vfg4n10n9_50cz0bmvnmx80000gn/T/trio-v2-production-takeover-reject-workspace-scope-Us42QX/authority/.agents/skills/trio/office/references/source-backed-work.md",
    "/private/var/folders/1_/m2vfg4n10n9_50cz0bmvnmx80000gn/T/trio-v2-production-takeover-reject-workspace-scope-Us42QX/authority/.agents/skills/trio/office/references/artifact-and-delivery.md"
  ],
  "conflicts": []
}
✔ production install --takeover-chiefops rejects ineligible or unsafe states before any write (1023.380333ms)
✔ production install --takeover-chiefops fails closed when the complete-inventory backup cannot be published (306.492459ms)
✔ production install --takeover-chiefops rejects a same-content state replacement bound after the backup (283.381709ms)
✔ production install --takeover-chiefops compensates an Nth-write same-content inode replacement of the ChiefOps target (476.764875ms)
✔ production install --takeover-chiefops fails closed on a post-lstat read replacement of the state preimage (227.897458ms)
{
  "runtime": "trio",
  "mode": "takeover-chiefops",
  "writes": [
    "/private/var/folders/1_/m2vfg4n10n9_50cz0bmvnmx80000gn/T/trio-v2-production-takeover-drift-syLP8H/home/.codex/AGENTS.md",
    "/private/var/folders/1_/m2vfg4n10n9_50cz0bmvnmx80000gn/T/trio-v2-production-takeover-drift-syLP8H/home/.agents/skills/trio/SKILL.md",
    "/private/var/folders/1_/m2vfg4n10n9_50cz0bmvnmx80000gn/T/trio-v2-production-takeover-drift-syLP8H/home/.agents/skills/trio/dev/SKILL.md",
    "/private/var/folders/1_/m2vfg4n10n9_50cz0bmvnmx80000gn/T/trio-v2-production-takeover-drift-syLP8H/home/.agents/skills/trio/office/SKILL.md",
    "/private/var/folders/1_/m2vfg4n10n9_50cz0bmvnmx80000gn/T/trio-v2-production-takeover-drift-syLP8H/home/.agents/skills/trio/safety/SKILL.md",
    "/private/var/folders/1_/m2vfg4n10n9_50cz0bmvnmx80000gn/T/trio-v2-production-takeover-drift-syLP8H/home/.agents/skills/chiefops/SKILL.md",
    "/private/var/folders/1_/m2vfg4n10n9_50cz0bmvnmx80000gn/T/trio-v2-production-takeover-drift-syLP8H/home/.agents/skills/trio/references/execution.md",
    "/private/var/folders/1_/m2vfg4n10n9_50cz0bmvnmx80000gn/T/trio-v2-production-takeover-drift-syLP8H/home/.agents/skills/trio/dev/references/methods.md",
    "/private/var/folders/1_/m2vfg4n10n9_50cz0bmvnmx80000gn/T/trio-v2-production-takeover-drift-syLP8H/home/.agents/skills/trio/dev/references/review.md",
    "/private/var/folders/1_/m2vfg4n10n9_50cz0bmvnmx80000gn/T/trio-v2-production-takeover-drift-syLP8H/home/.agents/skills/trio/dev/references/pr-feedback.md",
    "/private/var/folders/1_/m2vfg4n10n9_50cz0bmvnmx80000gn/T/trio-v2-production-takeover-drift-syLP8H/home/.agents/skills/chiefops/references/delegated-execution.md",
    "/private/var/folders/1_/m2vfg4n10n9_50cz0bmvnmx80000gn/T/trio-v2-production-takeover-drift-syLP8H/home/.agents/skills/trio/office/references/source-backed-work.md",
    "/private/var/folders/1_/m2vfg4n10n9_50cz0bmvnmx80000gn/T/trio-v2-production-takeover-drift-syLP8H/home/.agents/skills/trio/office/references/artifact-and-delivery.md"
  ],
  "conflicts": [
    {
      "targetId": "copilot",
      "surface": "entry",
      "destination": "/private/var/folders/1_/m2vfg4n10n9_50cz0bmvnmx80000gn/T/trio-v2-production-takeover-drift-syLP8H/home/manual/copilot/entry-policy.md",
      "reason": "destination-observation-unknown"
    },
    {
      "targetId": "copilot",
      "surface": "trio",
      "destination": "/private/var/folders/1_/m2vfg4n10n9_50cz0bmvnmx80000gn/T/trio-v2-production-takeover-drift-syLP8H/home/manual/copilot/skills/trio/SKILL.md",
      "reason": "destination-observation-unknown"
    },
    {
      "targetId": "copilot",
      "surface": "dev",
      "destination": "/private/var/folders/1_/m2vfg4n10n9_50cz0bmvnmx80000gn/T/trio-v2-production-takeover-drift-syLP8H/home/manual/copilot/skills/trio/dev/SKILL.md",
      "reason": "destination-observation-unknown"
    },
    {
      "targetId": "copilot",
      "surface": "office",
      "destination": "/private/var/folders/1_/m2vfg4n10n9_50cz0bmvnmx80000gn/T/trio-v2-production-takeover-drift-syLP8H/home/manual/copilot/skills/trio/office/SKILL.md",
      "reason": "destination-observation-unknown"
    },
    {
      "targetId": "copilot",
      "surface": "safety",
      "destination": "/private/var/folders/1_/m2vfg4n10n9_50cz0bmvnmx80000gn/T/trio-v2-production-takeover-drift-syLP8H/home/manual/copilot/skills/trio/safety/SKILL.md",
      "reason": "destination-observation-unknown"
    },
    {
      "targetId": "copilot",
      "surface": "chiefops",
      "destination": "/private/var/folders/1_/m2vfg4n10n9_50cz0bmvnmx80000gn/T/trio-v2-production-takeover-drift-syLP8H/home/manual/copilot/skills/chiefops/SKILL.md",
      "reason": "destination-observation-unknown"
    },
    {
      "targetId": "copilot",
      "surface": "trio/references/execution.md",
      "destination": "/private/var/folders/1_/m2vfg4n10n9_50cz0bmvnmx80000gn/T/trio-v2-production-takeover-drift-syLP8H/home/manual/copilot/skills/trio/references/execution.md",
      "reason": "destination-observation-unknown"
    },
    {
      "targetId": "copilot",
      "surface": "dev/references/methods.md",
      "destination": "/private/var/folders/1_/m2vfg4n10n9_50cz0bmvnmx80000gn/T/trio-v2-production-takeover-drift-syLP8H/home/manual/copilot/skills/trio/dev/references/methods.md",
      "reason": "destination-observation-unknown"
    },
    {
      "targetId": "copilot",
      "surface": "dev/references/review.md",
      "destination": "/private/var/folders/1_/m2vfg4n10n9_50cz0bmvnmx80000gn/T/trio-v2-production-takeover-drift-syLP8H/home/manual/copilot/skills/trio/dev/references/review.md",
      "reason": "destination-observation-unknown"
    },
    {
      "targetId": "copilot",
      "surface": "dev/references/pr-feedback.md",
      "destination": "/private/var/folders/1_/m2vfg4n10n9_50cz0bmvnmx80000gn/T/trio-v2-production-takeover-drift-syLP8H/home/manual/copilot/skills/trio/dev/references/pr-feedback.md",
      "reason": "destination-observation-unknown"
    },
    {
      "targetId": "copilot",
      "surface": "chiefops/references/delegated-execution.md",
      "destination": "/private/var/folders/1_/m2vfg4n10n9_50cz0bmvnmx80000gn/T/trio-v2-production-takeover-drift-syLP8H/home/manual/copilot/skills/chiefops/references/delegated-execution.md",
      "reason": "destination-observation-unknown"
    },
    {
      "targetId": "copilot",
      "surface": "office/references/source-backed-work.md",
      "destination": "/private/var/folders/1_/m2vfg4n10n9_50cz0bmvnmx80000gn/T/trio-v2-production-takeover-drift-syLP8H/home/manual/copilot/skills/trio/office/references/source-backed-work.md",
      "reason": "destination-observation-unknown"
    },
    {
      "targetId": "copilot",
      "surface": "office/references/artifact-and-delivery.md",
      "destination": "/private/var/folders/1_/m2vfg4n10n9_50cz0bmvnmx80000gn/T/trio-v2-production-takeover-drift-syLP8H/home/manual/copilot/skills/trio/office/references/artifact-and-delivery.md",
      "reason": "destination-observation-unknown"
    }
  ],
  "backup": {
    "ref": "trio-backup-v1:/private/var/folders/1_/m2vfg4n10n9_50cz0bmvnmx80000gn/T/trio-v2-production-takeover-drift-syLP8H/authority/.harness-backup/trio-takeover/20260921-155330-53d0969a-4eee-4b21-9295-f5a9f39e47f9/manifest.json:ce53dcd8f482d0be3c294ddb3514aa31564ee74b692cea0234c75dcd09f1fcb6",
    "root": "/private/var/folders/1_/m2vfg4n10n9_50cz0bmvnmx80000gn/T/trio-v2-production-takeover-drift-syLP8H/authority/.harness-backup/trio-takeover/20260921-155330-53d0969a-4eee-4b21-9295-f5a9f39e47f9",
    "manifestPath": "/private/var/folders/1_/m2vfg4n10n9_50cz0bmvnmx80000gn/T/trio-v2-production-takeover-drift-syLP8H/authority/.harness-backup/trio-takeover/20260921-155330-53d0969a-4eee-4b21-9295-f5a9f39e47f9/manifest.json",
    "bundlePath": "/private/var/folders/1_/m2vfg4n10n9_50cz0bmvnmx80000gn/T/trio-v2-production-takeover-drift-syLP8H/authority/.harness-backup/trio-takeover/20260921-155330-53d0969a-4eee-4b21-9295-f5a9f39e47f9/bundle.bin"
  }
}
{
  "schemaVersion": 2,
  "runtime": "trio",
  "mode": "check",
  "descriptors": [
    {
      "targetId": "codex",
      "surface": "entry",
      "destination": "/private/var/folders/1_/m2vfg4n10n9_50cz0bmvnmx80000gn/T/trio-v2-production-takeover-drift-syLP8H/home/.codex/AGENTS.md",
      "action": "update",
      "execution": "managed",
      "conflict": false
    },
    {
      "targetId": "codex",
      "surface": "trio",
      "destination": "/private/var/folders/1_/m2vfg4n10n9_50cz0bmvnmx80000gn/T/trio-v2-production-takeover-drift-syLP8H/home/.agents/skills/trio/SKILL.md",
      "action": "update",
      "execution": "managed",
      "conflict": false
    },
    {
      "targetId": "codex",
      "surface": "dev",
      "destination": "/private/var/folders/1_/m2vfg4n10n9_50cz0bmvnmx80000gn/T/trio-v2-production-takeover-drift-syLP8H/home/.agents/skills/trio/dev/SKILL.md",
      "action": "update",
      "execution": "managed",
      "conflict": false
    },
    {
      "targetId": "codex",
      "surface": "office",
      "destination": "/private/var/folders/1_/m2vfg4n10n9_50cz0bmvnmx80000gn/T/trio-v2-production-takeover-drift-syLP8H/home/.agents/skills/trio/office/SKILL.md",
      "action": "update",
      "execution": "managed",
      "conflict": false
    },
    {
      "targetId": "codex",
      "surface": "safety",
      "destination": "/private/var/folders/1_/m2vfg4n10n9_50cz0bmvnmx80000gn/T/trio-v2-production-takeover-drift-syLP8H/home/.agents/skills/trio/safety/SKILL.md",
      "action": "update",
      "execution": "managed",
      "conflict": false
    },
    {
      "targetId": "codex",
      "surface": "chiefops",
      "destination": "/private/var/folders/1_/m2vfg4n10n9_50cz0bmvnmx80000gn/T/trio-v2-production-takeover-drift-syLP8H/home/.agents/skills/chiefops/SKILL.md",
      "action": "preserve",
      "execution": "manual",
      "conflict": true
    },
    {
      "targetId": "codex",
      "surface": "trio/references/execution.md",
      "destination": "/private/var/folders/1_/m2vfg4n10n9_50cz0bmvnmx80000gn/T/trio-v2-production-takeover-drift-syLP8H/home/.agents/skills/trio/references/execution.md",
      "action": "update",
      "execution": "managed",
      "conflict": false
    },
    {
      "targetId": "codex",
      "surface": "dev/references/methods.md",
      "destination": "/private/var/folders/1_/m2vfg4n10n9_50cz0bmvnmx80000gn/T/trio-v2-production-takeover-drift-syLP8H/home/.agents/skills/trio/dev/references/methods.md",
      "action": "update",
      "execution": "managed",
      "conflict": false
    },
    {
      "targetId": "codex",
      "surface": "dev/references/review.md",
      "destination": "/private/var/folders/1_/m2vfg4n10n9_50cz0bmvnmx80000gn/T/trio-v2-production-takeover-drift-syLP8H/home/.agents/skills/trio/dev/references/review.md",
      "action": "update",
      "execution": "managed",
      "conflict": false
    },
    {
      "targetId": "codex",
      "surface": "dev/references/pr-feedback.md",
      "destination": "/private/var/folders/1_/m2vfg4n10n9_50cz0bmvnmx80000gn/T/trio-v2-production-takeover-drift-syLP8H/home/.agents/skills/trio/dev/references/pr-feedback.md",
      "action": "update",
      "execution": "managed",
      "conflict": false
    },
    {
      "targetId": "codex",
      "surface": "chiefops/references/delegated-execution.md",
      "destination": "/private/var/folders/1_/m2vfg4n10n9_50cz0bmvnmx80000gn/T/trio-v2-production-takeover-drift-syLP8H/home/.agents/skills/chiefops/references/delegated-execution.md",
      "action": "update",
      "execution": "managed",
      "conflict": false
    },
    {
      "targetId": "codex",
      "surface": "office/references/source-backed-work.md",
      "destination": "/private/var/folders/1_/m2vfg4n10n9_50cz0bmvnmx80000gn/T/trio-v2-production-takeover-drift-syLP8H/home/.agents/skills/trio/office/references/source-backed-work.md",
      "action": "update",
      "execution": "managed",
      "conflict": false
    },
    {
      "targetId": "codex",
      "surface": "office/references/artifact-and-delivery.md",
      "destination": "/private/var/folders/1_/m2vfg4n10n9_50cz0bmvnmx80000gn/T/trio-v2-production-takeover-drift-syLP8H/home/.agents/skills/trio/office/references/artifact-and-delivery.md",
      "action": "update",
      "execution": "managed",
      "conflict": false
    },
    {
      "targetId": "copilot",
      "surface": "entry",
      "destination": "/private/var/folders/1_/m2vfg4n10n9_50cz0bmvnmx80000gn/T/trio-v2-production-takeover-drift-syLP8H/home/manual/copilot/entry-policy.md",
      "action": "preserve",
      "execution": "manual",
      "conflict": true
    },
    {
      "targetId": "copilot",
      "surface": "trio",
      "destination": "/private/var/folders/1_/m2vfg4n10n9_50cz0bmvnmx80000gn/T/trio-v2-production-takeover-drift-syLP8H/home/manual/copilot/skills/trio/SKILL.md",
      "action": "preserve",
      "execution": "manual",
      "conflict": true
    },
    {
      "targetId": "copilot",
      "surface": "dev",
      "destination": "/private/var/folders/1_/m2vfg4n10n9_50cz0bmvnmx80000gn/T/trio-v2-production-takeover-drift-syLP8H/home/manual/copilot/skills/trio/dev/SKILL.md",
      "action": "preserve",
      "execution": "manual",
      "conflict": true
    },
    {
      "targetId": "copilot",
      "surface": "office",
      "destination": "/private/var/folders/1_/m2vfg4n10n9_50cz0bmvnmx80000gn/T/trio-v2-production-takeover-drift-syLP8H/home/manual/copilot/skills/trio/office/SKILL.md",
      "action": "preserve",
      "execution": "manual",
      "conflict": true
    },
    {
      "targetId": "copilot",
      "surface": "safety",
      "destination": "/private/var/folders/1_/m2vfg4n10n9_50cz0bmvnmx80000gn/T/trio-v2-production-takeover-drift-syLP8H/home/manual/copilot/skills/trio/safety/SKILL.md",
      "action": "preserve",
      "execution": "manual",
      "conflict": true
    },
    {
      "targetId": "copilot",
      "surface": "chiefops",
      "destination": "/private/var/folders/1_/m2vfg4n10n9_50cz0bmvnmx80000gn/T/trio-v2-production-takeover-drift-syLP8H/home/manual/copilot/skills/chiefops/SKILL.md",
      "action": "preserve",
      "execution": "manual",
      "conflict": true
    },
    {
      "targetId": "copilot",
      "surface": "trio/references/execution.md",
      "destination": "/private/var/folders/1_/m2vfg4n10n9_50cz0bmvnmx80000gn/T/trio-v2-production-takeover-drift-syLP8H/home/manual/copilot/skills/trio/references/execution.md",
      "action": "preserve",
      "execution": "manual",
      "conflict": true
    },
    {
      "targetId": "copilot",
      "surface": "dev/references/methods.md",
      "destination": "/private/var/folders/1_/m2vfg4n10n9_50cz0bmvnmx80000gn/T/trio-v2-production-takeover-drift-syLP8H/home/manual/copilot/skills/trio/dev/references/methods.md",
      "action": "preserve",
      "execution": "manual",
      "conflict": true
    },
    {
      "targetId": "copilot",
      "surface": "dev/references/review.md",
      "destination": "/private/var/folders/1_/m2vfg4n10n9_50cz0bmvnmx80000gn/T/trio-v2-production-takeover-drift-syLP8H/home/manual/copilot/skills/trio/dev/references/review.md",
      "action": "preserve",
      "execution": "manual",
      "conflict": true
    },
    {
      "targetId": "copilot",
      "surface": "dev/references/pr-feedback.md",
      "destination": "/private/var/folders/1_/m2vfg4n10n9_50cz0bmvnmx80000gn/T/trio-v2-production-takeover-drift-syLP8H/home/manual/copilot/skills/trio/dev/references/pr-feedback.md",
      "action": "preserve",
      "execution": "manual",
      "conflict": true
    },
    {
      "targetId": "copilot",
      "surface": "chiefops/references/delegated-execution.md",
      "destination": "/private/var/folders/1_/m2vfg4n10n9_50cz0bmvnmx80000gn/T/trio-v2-production-takeover-drift-syLP8H/home/manual/copilot/skills/chiefops/references/delegated-execution.md",
      "action": "preserve",
      "execution": "manual",
      "conflict": true
    },
    {
      "targetId": "copilot",
      "surface": "office/references/source-backed-work.md",
      "destination": "/private/var/folders/1_/m2vfg4n10n9_50cz0bmvnmx80000gn/T/trio-v2-production-takeover-drift-syLP8H/home/manual/copilot/skills/trio/office/references/source-backed-work.md",
      "action": "preserve",
      "execution": "manual",
      "conflict": true
    },
    {
      "targetId": "copilot",
      "surface": "office/references/artifact-and-delivery.md",
      "destination": "/private/var/folders/1_/m2vfg4n10n9_50cz0bmvnmx80000gn/T/trio-v2-production-takeover-drift-syLP8H/home/manual/copilot/skills/trio/office/references/artifact-and-delivery.md",
      "action": "preserve",
      "execution": "manual",
      "conflict": true
    }
  ],
  "conflicts": [
    {
      "targetId": "codex",
      "surface": "chiefops",
      "destination": "/private/var/folders/1_/m2vfg4n10n9_50cz0bmvnmx80000gn/T/trio-v2-production-takeover-drift-syLP8H/home/.agents/skills/chiefops/SKILL.md",
      "reason": "destination-observation-unknown"
    },
    {
      "targetId": "copilot",
      "surface": "entry",
      "destination": "/private/var/folders/1_/m2vfg4n10n9_50cz0bmvnmx80000gn/T/trio-v2-production-takeover-drift-syLP8H/home/manual/copilot/entry-policy.md",
      "reason": "destination-observation-unknown"
    },
    {
      "targetId": "copilot",
      "surface": "trio",
      "destination": "/private/var/folders/1_/m2vfg4n10n9_50cz0bmvnmx80000gn/T/trio-v2-production-takeover-drift-syLP8H/home/manual/copilot/skills/trio/SKILL.md",
      "reason": "destination-observation-unknown"
    },
    {
      "targetId": "copilot",
      "surface": "dev",
      "destination": "/private/var/folders/1_/m2vfg4n10n9_50cz0bmvnmx80000gn/T/trio-v2-production-takeover-drift-syLP8H/home/manual/copilot/skills/trio/dev/SKILL.md",
      "reason": "destination-observation-unknown"
    },
    {
      "targetId": "copilot",
      "surface": "office",
      "destination": "/private/var/folders/1_/m2vfg4n10n9_50cz0bmvnmx80000gn/T/trio-v2-production-takeover-drift-syLP8H/home/manual/copilot/skills/trio/office/SKILL.md",
      "reason": "destination-observation-unknown"
    },
    {
      "targetId": "copilot",
      "surface": "safety",
      "destination": "/private/var/folders/1_/m2vfg4n10n9_50cz0bmvnmx80000gn/T/trio-v2-production-takeover-drift-syLP8H/home/manual/copilot/skills/trio/safety/SKILL.md",
      "reason": "destination-observation-unknown"
    },
    {
      "targetId": "copilot",
      "surface": "chiefops",
      "destination": "/private/var/folders/1_/m2vfg4n10n9_50cz0bmvnmx80000gn/T/trio-v2-production-takeover-drift-syLP8H/home/manual/copilot/skills/chiefops/SKILL.md",
      "reason": "destination-observation-unknown"
    },
    {
      "targetId": "copilot",
      "surface": "trio/references/execution.md",
      "destination": "/private/var/folders/1_/m2vfg4n10n9_50cz0bmvnmx80000gn/T/trio-v2-production-takeover-drift-syLP8H/home/manual/copilot/skills/trio/references/execution.md",
      "reason": "destination-observation-unknown"
    },
    {
      "targetId": "copilot",
      "surface": "dev/references/methods.md",
      "destination": "/private/var/folders/1_/m2vfg4n10n9_50cz0bmvnmx80000gn/T/trio-v2-production-takeover-drift-syLP8H/home/manual/copilot/skills/trio/dev/references/methods.md",
      "reason": "destination-observation-unknown"
    },
    {
      "targetId": "copilot",
      "surface": "dev/references/review.md",
      "destination": "/private/var/folders/1_/m2vfg4n10n9_50cz0bmvnmx80000gn/T/trio-v2-production-takeover-drift-syLP8H/home/manual/copilot/skills/trio/dev/references/review.md",
      "reason": "destination-observation-unknown"
    },
    {
      "targetId": "copilot",
      "surface": "dev/references/pr-feedback.md",
      "destination": "/private/var/folders/1_/m2vfg4n10n9_50cz0bmvnmx80000gn/T/trio-v2-production-takeover-drift-syLP8H/home/manual/copilot/skills/trio/dev/references/pr-feedback.md",
      "reason": "destination-observation-unknown"
    },
    {
      "targetId": "copilot",
      "surface": "chiefops/references/delegated-execution.md",
      "destination": "/private/var/folders/1_/m2vfg4n10n9_50cz0bmvnmx80000gn/T/trio-v2-production-takeover-drift-syLP8H/home/manual/copilot/skills/chiefops/references/delegated-execution.md",
      "reason": "destination-observation-unknown"
    },
    {
      "targetId": "copilot",
      "surface": "office/references/source-backed-work.md",
      "destination": "/private/var/folders/1_/m2vfg4n10n9_50cz0bmvnmx80000gn/T/trio-v2-production-takeover-drift-syLP8H/home/manual/copilot/skills/trio/office/references/source-backed-work.md",
      "reason": "destination-observation-unknown"
    },
    {
      "targetId": "copilot",
      "surface": "office/references/artifact-and-delivery.md",
      "destination": "/private/var/folders/1_/m2vfg4n10n9_50cz0bmvnmx80000gn/T/trio-v2-production-takeover-drift-syLP8H/home/manual/copilot/skills/trio/office/references/artifact-and-delivery.md",
      "reason": "destination-observation-unknown"
    }
  ]
}
✔ production install --takeover-chiefops preserves provenance and later ChiefOps user drift fails closed (328.12975ms)
✔ production install --takeover-chiefops fails closed on a symlinked backup ancestor (50.897916ms)
✔ production install --takeover-chiefops fails at the parser gate on a manual Codex placement with zero writes (19.234417ms)
✔ Trio fixture install rejects --takeover-chiefops before any write (0.454334ms)
✔ Trio install help advertises the existing-V2 ChiefOps takeover flag (0.122708ms)
✔ Trio sync help no longer advertises unavailable takeover or conflict flags (0.113625ms)
{
  "runtime": "trio",
  "mode": "reinstall",
  "writes": [
    "/private/var/folders/1_/m2vfg4n10n9_50cz0bmvnmx80000gn/T/trio-v2-production-old-six-reference-upgrade-8AVMit/home/.codex/AGENTS.md",
    "/private/var/folders/1_/m2vfg4n10n9_50cz0bmvnmx80000gn/T/trio-v2-production-old-six-reference-upgrade-8AVMit/home/.agents/skills/trio/SKILL.md",
    "/private/var/folders/1_/m2vfg4n10n9_50cz0bmvnmx80000gn/T/trio-v2-production-old-six-reference-upgrade-8AVMit/home/.agents/skills/trio/dev/SKILL.md",
    "/private/var/folders/1_/m2vfg4n10n9_50cz0bmvnmx80000gn/T/trio-v2-production-old-six-reference-upgrade-8AVMit/home/.agents/skills/trio/office/SKILL.md",
    "/private/var/folders/1_/m2vfg4n10n9_50cz0bmvnmx80000gn/T/trio-v2-production-old-six-reference-upgrade-8AVMit/home/.agents/skills/trio/safety/SKILL.md",
    "/private/var/folders/1_/m2vfg4n10n9_50cz0bmvnmx80000gn/T/trio-v2-production-old-six-reference-upgrade-8AVMit/home/.agents/skills/chiefops/SKILL.md",
    "/private/var/folders/1_/m2vfg4n10n9_50cz0bmvnmx80000gn/T/trio-v2-production-old-six-reference-upgrade-8AVMit/home/.agents/skills/trio/references/execution.md",
    "/private/var/folders/1_/m2vfg4n10n9_50cz0bmvnmx80000gn/T/trio-v2-production-old-six-reference-upgrade-8AVMit/home/.agents/skills/trio/dev/references/methods.md",
    "/private/var/folders/1_/m2vfg4n10n9_50cz0bmvnmx80000gn/T/trio-v2-production-old-six-reference-upgrade-8AVMit/home/.agents/skills/trio/dev/references/review.md",
    "/private/var/folders/1_/m2vfg4n10n9_50cz0bmvnmx80000gn/T/trio-v2-production-old-six-reference-upgrade-8AVMit/home/.agents/skills/trio/dev/references/pr-feedback.md",
    "/private/var/folders/1_/m2vfg4n10n9_50cz0bmvnmx80000gn/T/trio-v2-production-old-six-reference-upgrade-8AVMit/home/.agents/skills/chiefops/references/delegated-execution.md",
    "/private/var/folders/1_/m2vfg4n10n9_50cz0bmvnmx80000gn/T/trio-v2-production-old-six-reference-upgrade-8AVMit/home/.agents/skills/trio/office/references/source-backed-work.md",
    "/private/var/folders/1_/m2vfg4n10n9_50cz0bmvnmx80000gn/T/trio-v2-production-old-six-reference-upgrade-8AVMit/home/.agents/skills/trio/office/references/artifact-and-delivery.md"
  ],
  "conflicts": [
    {
      "targetId": "copilot",
      "surface": "entry",
      "destination": "/private/var/folders/1_/m2vfg4n10n9_50cz0bmvnmx80000gn/T/trio-v2-production-old-six-reference-upgrade-8AVMit/home/manual/copilot/entry-policy.md",
      "reason": "destination-observation-unknown"
    },
    {
      "targetId": "copilot",
      "surface": "trio",
      "destination": "/private/var/folders/1_/m2vfg4n10n9_50cz0bmvnmx80000gn/T/trio-v2-production-old-six-reference-upgrade-8AVMit/home/manual/copilot/skills/trio/SKILL.md",
      "reason": "destination-observation-unknown"
    },
    {
      "targetId": "copilot",
      "surface": "dev",
      "destination": "/private/var/folders/1_/m2vfg4n10n9_50cz0bmvnmx80000gn/T/trio-v2-production-old-six-reference-upgrade-8AVMit/home/manual/copilot/skills/trio/dev/SKILL.md",
      "reason": "destination-observation-unknown"
    },
    {
      "targetId": "copilot",
      "surface": "office",
      "destination": "/private/var/folders/1_/m2vfg4n10n9_50cz0bmvnmx80000gn/T/trio-v2-production-old-six-reference-upgrade-8AVMit/home/manual/copilot/skills/trio/office/SKILL.md",
      "reason": "destination-observation-unknown"
    },
    {
      "targetId": "copilot",
      "surface": "safety",
      "destination": "/private/var/folders/1_/m2vfg4n10n9_50cz0bmvnmx80000gn/T/trio-v2-production-old-six-reference-upgrade-8AVMit/home/manual/copilot/skills/trio/safety/SKILL.md",
      "reason": "destination-observation-unknown"
    },
    {
      "targetId": "copilot",
      "surface": "chiefops",
      "destination": "/private/var/folders/1_/m2vfg4n10n9_50cz0bmvnmx80000gn/T/trio-v2-production-old-six-reference-upgrade-8AVMit/home/manual/copilot/skills/chiefops/SKILL.md",
      "reason": "destination-observation-unknown"
    },
    {
      "targetId": "copilot",
      "surface": "trio/references/execution.md",
      "destination": "/private/var/folders/1_/m2vfg4n10n9_50cz0bmvnmx80000gn/T/trio-v2-production-old-six-reference-upgrade-8AVMit/home/manual/copilot/skills/trio/references/execution.md",
      "reason": "destination-observation-unknown"
    },
    {
      "targetId": "copilot",
      "surface": "dev/references/methods.md",
      "destination": "/private/var/folders/1_/m2vfg4n10n9_50cz0bmvnmx80000gn/T/trio-v2-production-old-six-reference-upgrade-8AVMit/home/manual/copilot/skills/trio/dev/references/methods.md",
      "reason": "destination-observation-unknown"
    },
    {
      "targetId": "copilot",
      "surface": "dev/references/review.md",
      "destination": "/private/var/folders/1_/m2vfg4n10n9_50cz0bmvnmx80000gn/T/trio-v2-production-old-six-reference-upgrade-8AVMit/home/manual/copilot/skills/trio/dev/references/review.md",
      "reason": "destination-observation-unknown"
    },
    {
      "targetId": "copilot",
      "surface": "dev/references/pr-feedback.md",
      "destination": "/private/var/folders/1_/m2vfg4n10n9_50cz0bmvnmx80000gn/T/trio-v2-production-old-six-reference-upgrade-8AVMit/home/manual/copilot/skills/trio/dev/references/pr-feedback.md",
      "reason": "destination-observation-unknown"
    },
    {
      "targetId": "copilot",
      "surface": "chiefops/references/delegated-execution.md",
      "destination": "/private/var/folders/1_/m2vfg4n10n9_50cz0bmvnmx80000gn/T/trio-v2-production-old-six-reference-upgrade-8AVMit/home/manual/copilot/skills/chiefops/references/delegated-execution.md",
      "reason": "destination-observation-unknown"
    },
    {
      "targetId": "copilot",
      "surface": "office/references/source-backed-work.md",
      "destination": "/private/var/folders/1_/m2vfg4n10n9_50cz0bmvnmx80000gn/T/trio-v2-production-old-six-reference-upgrade-8AVMit/home/manual/copilot/skills/trio/office/references/source-backed-work.md",
      "reason": "destination-observation-unknown"
    },
    {
      "targetId": "copilot",
      "surface": "office/references/artifact-and-delivery.md",
      "destination": "/private/var/folders/1_/m2vfg4n10n9_50cz0bmvnmx80000gn/T/trio-v2-production-old-six-reference-upgrade-8AVMit/home/manual/copilot/skills/trio/office/references/artifact-and-delivery.md",
      "reason": "destination-observation-unknown"
    }
  ]
}
✔ old six-surface V2 installs create absent references and settle their ownership (339.027875ms)
{
  "runtime": "trio",
  "mode": "takeover-chiefops",
  "writes": [
    "/private/var/folders/1_/m2vfg4n10n9_50cz0bmvnmx80000gn/T/trio-v2-production-mixed-reference-takeover-ss9mrv/home/.codex/AGENTS.md",
    "/private/var/folders/1_/m2vfg4n10n9_50cz0bmvnmx80000gn/T/trio-v2-production-mixed-reference-takeover-ss9mrv/home/.agents/skills/trio/SKILL.md",
    "/private/var/folders/1_/m2vfg4n10n9_50cz0bmvnmx80000gn/T/trio-v2-production-mixed-reference-takeover-ss9mrv/home/.agents/skills/trio/dev/SKILL.md",
    "/private/var/folders/1_/m2vfg4n10n9_50cz0bmvnmx80000gn/T/trio-v2-production-mixed-reference-takeover-ss9mrv/home/.agents/skills/trio/office/SKILL.md",
    "/private/var/folders/1_/m2vfg4n10n9_50cz0bmvnmx80000gn/T/trio-v2-production-mixed-reference-takeover-ss9mrv/home/.agents/skills/trio/safety/SKILL.md",
    "/private/var/folders/1_/m2vfg4n10n9_50cz0bmvnmx80000gn/T/trio-v2-production-mixed-reference-takeover-ss9mrv/home/.agents/skills/chiefops/SKILL.md",
    "/private/var/folders/1_/m2vfg4n10n9_50cz0bmvnmx80000gn/T/trio-v2-production-mixed-reference-takeover-ss9mrv/home/.agents/skills/trio/references/execution.md",
    "/private/var/folders/1_/m2vfg4n10n9_50cz0bmvnmx80000gn/T/trio-v2-production-mixed-reference-takeover-ss9mrv/home/.agents/skills/trio/dev/references/methods.md",
    "/private/var/folders/1_/m2vfg4n10n9_50cz0bmvnmx80000gn/T/trio-v2-production-mixed-reference-takeover-ss9mrv/home/.agents/skills/trio/dev/references/review.md",
    "/private/var/folders/1_/m2vfg4n10n9_50cz0bmvnmx80000gn/T/trio-v2-production-mixed-reference-takeover-ss9mrv/home/.agents/skills/trio/dev/references/pr-feedback.md",
    "/private/var/folders/1_/m2vfg4n10n9_50cz0bmvnmx80000gn/T/trio-v2-production-mixed-reference-takeover-ss9mrv/home/.agents/skills/chiefops/references/delegated-execution.md",
    "/private/var/folders/1_/m2vfg4n10n9_50cz0bmvnmx80000gn/T/trio-v2-production-mixed-reference-takeover-ss9mrv/home/.agents/skills/trio/office/references/source-backed-work.md",
    "/private/var/folders/1_/m2vfg4n10n9_50cz0bmvnmx80000gn/T/trio-v2-production-mixed-reference-takeover-ss9mrv/home/.agents/skills/trio/office/references/artifact-and-delivery.md"
  ],
  "conflicts": [
    {
      "targetId": "copilot",
      "surface": "entry",
      "destination": "/private/var/folders/1_/m2vfg4n10n9_50cz0bmvnmx80000gn/T/trio-v2-production-mixed-reference-takeover-ss9mrv/home/manual/copilot/entry-policy.md",
      "reason": "destination-observation-unknown"
    },
    {
      "targetId": "copilot",
      "surface": "trio",
      "destination": "/private/var/folders/1_/m2vfg4n10n9_50cz0bmvnmx80000gn/T/trio-v2-production-mixed-reference-takeover-ss9mrv/home/manual/copilot/skills/trio/SKILL.md",
      "reason": "destination-observation-unknown"
    },
    {
      "targetId": "copilot",
      "surface": "dev",
      "destination": "/private/var/folders/1_/m2vfg4n10n9_50cz0bmvnmx80000gn/T/trio-v2-production-mixed-reference-takeover-ss9mrv/home/manual/copilot/skills/trio/dev/SKILL.md",
      "reason": "destination-observation-unknown"
    },
    {
      "targetId": "copilot",
      "surface": "office",
      "destination": "/private/var/folders/1_/m2vfg4n10n9_50cz0bmvnmx80000gn/T/trio-v2-production-mixed-reference-takeover-ss9mrv/home/manual/copilot/skills/trio/office/SKILL.md",
      "reason": "destination-observation-unknown"
    },
    {
      "targetId": "copilot",
      "surface": "safety",
      "destination": "/private/var/folders/1_/m2vfg4n10n9_50cz0bmvnmx80000gn/T/trio-v2-production-mixed-reference-takeover-ss9mrv/home/manual/copilot/skills/trio/safety/SKILL.md",
      "reason": "destination-observation-unknown"
    },
    {
      "targetId": "copilot",
      "surface": "chiefops",
      "destination": "/private/var/folders/1_/m2vfg4n10n9_50cz0bmvnmx80000gn/T/trio-v2-production-mixed-reference-takeover-ss9mrv/home/manual/copilot/skills/chiefops/SKILL.md",
      "reason": "destination-observation-unknown"
    },
    {
      "targetId": "copilot",
      "surface": "trio/references/execution.md",
      "destination": "/private/var/folders/1_/m2vfg4n10n9_50cz0bmvnmx80000gn/T/trio-v2-production-mixed-reference-takeover-ss9mrv/home/manual/copilot/skills/trio/references/execution.md",
      "reason": "destination-observation-unknown"
    },
    {
      "targetId": "copilot",
      "surface": "dev/references/methods.md",
      "destination": "/private/var/folders/1_/m2vfg4n10n9_50cz0bmvnmx80000gn/T/trio-v2-production-mixed-reference-takeover-ss9mrv/home/manual/copilot/skills/trio/dev/references/methods.md",
      "reason": "destination-observation-unknown"
    },
    {
      "targetId": "copilot",
      "surface": "dev/references/review.md",
      "destination": "/private/var/folders/1_/m2vfg4n10n9_50cz0bmvnmx80000gn/T/trio-v2-production-mixed-reference-takeover-ss9mrv/home/manual/copilot/skills/trio/dev/references/review.md",
      "reason": "destination-observation-unknown"
    },
    {
      "targetId": "copilot",
      "surface": "dev/references/pr-feedback.md",
      "destination": "/private/var/folders/1_/m2vfg4n10n9_50cz0bmvnmx80000gn/T/trio-v2-production-mixed-reference-takeover-ss9mrv/home/manual/copilot/skills/trio/dev/references/pr-feedback.md",
      "reason": "destination-observation-unknown"
    },
    {
      "targetId": "copilot",
      "surface": "chiefops/references/delegated-execution.md",
      "destination": "/private/var/folders/1_/m2vfg4n10n9_50cz0bmvnmx80000gn/T/trio-v2-production-mixed-reference-takeover-ss9mrv/home/manual/copilot/skills/chiefops/references/delegated-execution.md",
      "reason": "destination-observation-unknown"
    },
    {
      "targetId": "copilot",
      "surface": "office/references/source-backed-work.md",
      "destination": "/private/var/folders/1_/m2vfg4n10n9_50cz0bmvnmx80000gn/T/trio-v2-production-mixed-reference-takeover-ss9mrv/home/manual/copilot/skills/trio/office/references/source-backed-work.md",
      "reason": "destination-observation-unknown"
    },
    {
      "targetId": "copilot",
      "surface": "office/references/artifact-and-delivery.md",
      "destination": "/private/var/folders/1_/m2vfg4n10n9_50cz0bmvnmx80000gn/T/trio-v2-production-mixed-reference-takeover-ss9mrv/home/manual/copilot/skills/trio/office/references/artifact-and-delivery.md",
      "reason": "destination-observation-unknown"
    }
  ],
  "backup": {
    "ref": "trio-backup-v1:/private/var/folders/1_/m2vfg4n10n9_50cz0bmvnmx80000gn/T/trio-v2-production-mixed-reference-takeover-ss9mrv/authority/.harness-backup/trio-takeover/20260921-155331-4996b97d-db6d-43d0-a60e-54a38f3c4438/manifest.json:2cc544e3225f40d53188f2e28aed3103333b7de685eb06ab4e5b5a4e0d660664",
    "root": "/private/var/folders/1_/m2vfg4n10n9_50cz0bmvnmx80000gn/T/trio-v2-production-mixed-reference-takeover-ss9mrv/authority/.harness-backup/trio-takeover/20260921-155331-4996b97d-db6d-43d0-a60e-54a38f3c4438",
    "manifestPath": "/private/var/folders/1_/m2vfg4n10n9_50cz0bmvnmx80000gn/T/trio-v2-production-mixed-reference-takeover-ss9mrv/authority/.harness-backup/trio-takeover/20260921-155331-4996b97d-db6d-43d0-a60e-54a38f3c4438/manifest.json",
    "bundlePath": "/private/var/folders/1_/m2vfg4n10n9_50cz0bmvnmx80000gn/T/trio-v2-production-mixed-reference-takeover-ss9mrv/authority/.harness-backup/trio-takeover/20260921-155331-4996b97d-db6d-43d0-a60e-54a38f3c4438/bundle.bin"
  }
}
✔ ChiefOps takeover backs up owned support and absence together in shared reference directories (309.1465ms)
✔ ChiefOps takeover refuses an extra unmanaged reference without a backup or target writes (38.801875ms)
✔ support takeover rollback restores owned reference bytes and removes newly created references (484.877792ms)
✔ bound absent support refuses a post-backup foreign create and restores earlier publications (266.318833ms)
✔ support symlink and owned support content drift fail closed before takeover writes (70.474292ms)
✔ bound absent support preserves a replacement of its transaction-created parent (255.394416ms)
✔ generic reserved lifecycle names cannot bypass chief acceptance and closed Trios reject writes (616.271125ms)
✔ expected bindings are target-bound before their Trio hashes are verified (478.86225ms)
✔ chief stop is durable evidence and archive preserves the exact Trio bytes (359.115708ms)
✔ archive rejects invalid UTF-8 before destination claim and permits a clean retry after repair (336.994583ms)
✔ archive cleans a post-rename directory-sync failure before a same-timestamp retry (616.582541ms)
✔ archive cleanup preserves a foreign final file that appears before publication (498.412916ms)
✔ archive uses a create-only final publication primitive (474.055917ms)
✔ archive cleanup refuses a stable final replacement (342.637583ms)
✔ archive cleanly rolls back only a fully validated later publication set (757.412083ms)
✔ archive identifies a final publication after an ambiguous hard-link error (443.499125ms)
✔ archive has no weaker publication fallback when hard links are unsupported (1161.256916ms)
✔ archive cleans identified temporary leases after write and sync failures (1147.772708ms)
✔ archive cleans both aliases after a post-link temporary settlement failure (541.960792ms)
✔ archive refuses empty and populated destination replacements after claim (896.046ms)
✔ archive rejects same-inode content drift before cleanup mutation (518.667291ms)
✔ archive composes one and multiple pre-source-removal lease close failures (1401.252833ms)
✔ archive leaves directory and temporary leases untouched when identity capture fails (986.392625ms)
✔ archive rolls back after a real temporary unlink reports an error (593.824291ms)
✔ archive settles real final-unlink and rmdir errors during cleanup (1144.375584ms)
✔ archive retains the mutation and observation causes of a final cleanup double fault (823.117792ms)
✔ archive retains the mutation and observation causes of a normal temporary settlement double fault (1095.337542ms)
✔ archive retains the mutation and observation causes of a destination rmdir double fault (2000.633708ms)
✔ archive stops cleanup after destination replacement between owned unlinks (683.529416ms)
✔ archive leaves ambiguous mkdir and temporary-open residue untouched (1057.231666ms)
✔ close and archive fail closed for corrupt, drifted, extra-file, and destination-symlink state (889.727625ms)
✔ archive requires chief and refuses empty or populated destination collisions without clobbering (619.467416ms)
✔ all Trio write commands require an explicit task and preserve the read-only commands (284.987042ms)
✔ CLI accepts chief evidence before closing and archiving an independent lifecycle (243.510416ms)
✔ parallel API and CLI progress writes retain every successful event (146.451375ms)
✔ explicit gpt-6-astra/low survives Chief and execution routing (5.820542ms)
✔ explicit gpt-6-astra/medium survives Chief and execution routing (0.609291ms)
✔ explicit gpt-6-astra/high survives Chief and execution routing (0.405667ms)
✔ explicit gpt-6-astra/xhigh survives Chief and execution routing (2.336917ms)
✔ explicit gpt-6-astra/max survives Chief and execution routing (0.302ms)
✔ explicit main/gpt-6-astra/low survives Chief and execution routing (0.21225ms)
✔ explicit main/gpt-6-astra/medium survives Chief and execution routing (0.348292ms)
✔ explicit main/gpt-6-astra/high survives Chief and execution routing (0.594792ms)
✔ explicit main/gpt-6-astra/xhigh survives Chief and execution routing (0.395584ms)
✔ explicit main/gpt-6-astra/max survives Chief and execution routing (0.270083ms)
✔ explicit p646e20/gpt-6-astra/low survives Chief and execution routing (0.544584ms)
✔ explicit p646e20/gpt-6-astra/medium survives Chief and execution routing (0.388458ms)
✔ explicit p646e20/gpt-6-astra/high survives Chief and execution routing (0.381584ms)
✔ explicit p646e20/gpt-6-astra/xhigh survives Chief and execution routing (0.157791ms)
✔ explicit p646e20/gpt-6-astra/max survives Chief and execution routing (0.152167ms)
✔ explicit gpt-5.6-sol/low survives Chief and execution routing (0.17575ms)
✔ explicit gpt-5.6-sol/medium survives Chief and execution routing (0.228708ms)
✔ explicit gpt-5.6-sol/high survives Chief and execution routing (0.180458ms)
✔ explicit gpt-5.6-sol/xhigh survives Chief and execution routing (0.194875ms)
✔ explicit gpt-5.6-sol/max survives Chief and execution routing (0.151667ms)
✔ explicit main/gpt-5.6-sol/low survives Chief and execution routing (0.132041ms)
✔ explicit main/gpt-5.6-sol/medium survives Chief and execution routing (0.146125ms)
✔ explicit main/gpt-5.6-sol/high survives Chief and execution routing (0.138334ms)
✔ explicit main/gpt-5.6-sol/xhigh survives Chief and execution routing (0.197916ms)
✔ explicit main/gpt-5.6-sol/max survives Chief and execution routing (0.149459ms)
✔ explicit p646e20/gpt-5.6-sol/low survives Chief and execution routing (0.259917ms)
✔ explicit p646e20/gpt-5.6-sol/medium survives Chief and execution routing (0.136292ms)
✔ explicit p646e20/gpt-5.6-sol/high survives Chief and execution routing (0.127583ms)
✔ explicit p646e20/gpt-5.6-sol/xhigh survives Chief and execution routing (0.146125ms)
✔ explicit p646e20/gpt-5.6-sol/max survives Chief and execution routing (0.118959ms)
✔ explicit gpt-5.6-terra/low survives Chief and execution routing (1.167042ms)
✔ explicit gpt-5.6-terra/medium survives Chief and execution routing (0.411917ms)
✔ explicit gpt-5.6-terra/high survives Chief and execution routing (0.319084ms)
✔ explicit gpt-5.6-terra/xhigh survives Chief and execution routing (0.290875ms)
✔ explicit gpt-5.6-terra/max survives Chief and execution routing (0.322667ms)
✔ explicit main/gpt-5.6-terra/low survives Chief and execution routing (0.28475ms)
✔ explicit main/gpt-5.6-terra/medium survives Chief and execution routing (0.34875ms)
✔ explicit main/gpt-5.6-terra/high survives Chief and execution routing (0.392541ms)
✔ explicit main/gpt-5.6-terra/xhigh survives Chief and execution routing (0.372542ms)
✔ explicit main/gpt-5.6-terra/max survives Chief and execution routing (0.243459ms)
✔ explicit p646e20/gpt-5.6-terra/low survives Chief and execution routing (0.135625ms)
✔ explicit p646e20/gpt-5.6-terra/medium survives Chief and execution routing (0.11625ms)
✔ explicit p646e20/gpt-5.6-terra/high survives Chief and execution routing (0.119ms)
✔ explicit p646e20/gpt-5.6-terra/xhigh survives Chief and execution routing (0.122625ms)
✔ explicit p646e20/gpt-5.6-terra/max survives Chief and execution routing (0.121541ms)
✔ explicit gpt-5.6-luna/low survives Chief and execution routing (0.1285ms)
✔ explicit gpt-5.6-luna/medium survives Chief and execution routing (0.191166ms)
✔ explicit gpt-5.6-luna/high survives Chief and execution routing (0.146292ms)
✔ explicit gpt-5.6-luna/xhigh survives Chief and execution routing (0.111458ms)
✔ explicit gpt-5.6-luna/max survives Chief and execution routing (0.114458ms)
✔ explicit main/gpt-5.6-luna/low survives Chief and execution routing (0.108084ms)
✔ explicit main/gpt-5.6-luna/medium survives Chief and execution routing (0.123167ms)
✔ explicit main/gpt-5.6-luna/high survives Chief and execution routing (0.10375ms)
✔ explicit main/gpt-5.6-luna/xhigh survives Chief and execution routing (0.112417ms)
✔ explicit main/gpt-5.6-luna/max survives Chief and execution routing (0.099541ms)
✔ explicit p646e20/gpt-5.6-luna/low survives Chief and execution routing (0.1155ms)
✔ explicit p646e20/gpt-5.6-luna/medium survives Chief and execution routing (0.107709ms)
✔ explicit p646e20/gpt-5.6-luna/high survives Chief and execution routing (0.101958ms)
✔ explicit p646e20/gpt-5.6-luna/xhigh survives Chief and execution routing (0.419917ms)
✔ explicit p646e20/gpt-5.6-luna/max survives Chief and execution routing (0.094583ms)
✔ bounded research and comparison stay quick; durability and multiple phases track (0.10975ms)
✔ legacy resolution leaves packet contents and digest unchanged (1.038625ms)
✔ Astra rejects API ultra, none and minimal even with claimed evidence (0.493583ms)
✔ Chief ultra requires exact authenticated Host support and never supplies actual evidence (1.404166ms)
✔ same model child effort uses all five ordered levels, including Host aliases (1.321625ms)
✔ cross-model child ranks require a bounded explicit allowance (0.985334ms)
✔ native child paths reject scope and permission widening before dispatch (0.641209ms)
✔ strict visible requests never silently route native, and missing native model controls block (0.396083ms)
✔ packet effort cannot be overridden by an outer ultra probe (0.135917ms)
✔ explicit aliases agree or reject and an unspecified model retains the legacy execution default (0.128333ms)
✔ explicit execution models get recommended effort while omitted Chief effort always retains max (0.137042ms)
✔ retired strict routing never promotes claimed Host actual evidence (0.369791ms)
✔ Host wrapper preserves outer aliases on packetless routing and rejects conflicting alias pairs (0.169042ms)
✔ Host wrapper checks outer aliases against the frozen packet without mutating it (0.521083ms)
✔ frozen legacy Chief gpt-5.6-sol retains max when effort is absent (0.682584ms)
✔ frozen legacy Chief gpt-5.6-terra retains max when effort is absent (0.465917ms)
✔ office capability skill is discoverable (17.061458ms)
✔ office supporting references preserve their on-demand contracts (3.221042ms)
✔ legacy office-work-quality owner is physically retired (1.263791ms)
✔ office contract protects verification scope and provenance without freezing prose (4.430209ms)
✔ office frontmatter rejects duplicate keys (2.32725ms)
✔ office verifier accepts exact artifacts and records render evidence (6490.868875ms)
✔ office spreadsheet has one typed contingency input and auditable total (5.223375ms)
✔ office verifier rejects an output parent symlink without changing the copied fixture (103.449542ms)
✔ office verifier accepts a symlinked executable tool (5309.867042ms)
✔ office verifier rejects an existing output symlink without changing its target (98.774375ms)
✔ office verifier keeps every render PNG under the output parent render directory (7762.331792ms)
✔ office verifier allows a safe output-parent symlink outside the fixture (4452.644166ms)
✔ office verifier rejects missing and corrupt copied artifacts without mutating them (1237.18ms)
✔ office verifier rejects malformed arguments and unsafe fixture boundaries (692.104542ms)
✔ every declared office check is reported exactly once (1.970292ms)
✔ a formula error or failed render is an observed fact, not a judgement (0.360292ms)
✔ an undeclared office check id is rejected instead of silently recorded (0.22975ms)
✔ artifact facts report file state without a verdict (0.360208ms)
✔ office adapter output carries observed facts and no opinion (0.134792ms)
✔ office adapter output satisfies the verify bundle evidence contract (0.478167ms)
✔ deterministic artifact checks pass but semantic quality fails (0.546666ms)
✔ semantic quality passes but deterministic artifact validation fails (0.344084ms)
✔ collection records what an inspector observed and never throws for a check (0.916084ms)
✔ collection reads artifact facts and survives a failing reader (0.24875ms)
✔ collection rejects an undeclared or duplicated inspection set (0.738334ms)
✔ the office adapter reuses the declared check ids and adds no model vocabulary (6.924791ms)
✔ deterministic serialization is stable for identical office observations (0.575791ms)
✔ S1 limits office evidence to explicit requiredCheckIds and preserves default compatibility (0.311292ms)
✔ S1 derives office required scope from inspections and preserves timeout facts (0.3145ms)
✔ mutable path conflicts use segment boundaries and reject unsafe paths (1.650917ms)
✔ child path envelopes are subsets only through explicit authority-relative scope (0.247292ms)
✔ native child routing requires strict envelope narrowing and forbids Ultra (3.445083ms)
✔ all mutable lane statuses remain reserved and invalid lane records fail closed (6.930667ms)
✔ candidate path reservations require an authenticated matching Chief release (2.510125ms)
✔ assignment packet rejects a ninth top-level field and keeps delegation inside capability (0.297084ms)
✔ child delegation policy values are validated inside the capability object (0.128709ms)
✔ scope-first adjudication allows an in-scope target with authenticated sandbox and approval (1.232625ms)
✔ in-scope targets stay blocked at the sandbox stage when actual Host evidence is unknown (0.508417ms)
✔ authorized in-scope work stays blocked when authenticated sandbox roots do not cover the target (0.780666ms)
✔ out-of-scope targets are blocked before Full Access, user approval, auto-review, or a writable sandbox can expand scope (0.756334ms)
✔ generated materialized targets stay blocked even when allow-listed, sandbox-writable, and approved (0.32725ms)
✔ requested permission intent and authenticated actual Host evidence stay distinct and digest-bound (0.252792ms)
✔ actual Host permission stays unknown without authenticated evidence or with a mismatched packet digest (0.348666ms)
✔ approval is the final gate and can deny only within scope and sandbox, never expand them (0.315583ms)
✔ malformed assignment scope and incomplete adjudication inputs fail closed (0.5835ms)
✔ partial assignment packets are rejected before scope or approval can allow them (0.296708ms)
✔ projection keeps six primary surfaces and appends Office references in order (2.018041ms)
✔ V2 config and projection expose pure public seams (2.175208ms)
✔ projection wrapper requires exactly four own fields (2.440375ms)
✔ projection preserves evidence paths while using caller placements for Host layout (1.5ms)
✔ generic targets use target-scoped manual destinations and never update (1.086167ms)
✔ generic empty paths return an explicit manual pending conflict (0.243583ms)
✔ managed Codex scope cardinality is exact and two-sided (2.640875ms)
✔ placement identity and scope must bind retained absolute evidence (0.824041ms)
✔ managed Codex workspace placement requires its exact layout root (0.192708ms)
✔ managed Codex user-global placement requires its exact layout root (0.228834ms)
✔ managed Codex rejects unmatched retained evidence instead of treating it as a join root (0.139708ms)
✔ managed Codex both scope rejects workspace and user-global relabeling (0.1515ms)
✔ projection requires the approved target contract values before descriptors (0.280333ms)
✔ projection rejects inherited, extra, and canonical-duplicate observations (2.362166ms)
✔ projection rejects a computed destination inherited from Object.prototype (0.568583ms)
✔ projection rejects global lexical destination collisions before actions (0.308542ms)
✔ V2 path validation supports explicit POSIX and Windows lexical flavors (0.329292ms)
✔ V2 validation rejects top-level, target, ownership, and prototype mutations (0.359ms)
✔ static target contract and entry policy expose the approved V2 surfaces (5.978625ms)
✔ materialized Trio entry and capability outputs match their authoritative source bytes (7.6445ms)
✔ entry contract rejects removed authority, permission, topology and completion safeguards (2.041458ms)
✔ state bridge dual-reads strict V2 without creating a projection manifest (158.296334ms)
✔ materialized Codex outputs stay blocked by the scope gate even when allow-listed, sandbox-writable, and approved (7.848875ms)
✔ ChiefOps source carries the six operative permission-ordering clauses (7.594917ms)
✔ ChiefOps and human usage carry approval-policy, recovery-ladder, and non-destructive workspace clauses (2.118875ms)
✔ ChiefOps and human usage bind semantic reservation to task plus frozen slice identity (3.287208ms)
✔ projection carries bounded static support without adding logical skills (0.8495ms)
✔ support descriptors enforce ownership and conflict rules exactly like primary surfaces (18.202333ms)
✔ readTrioTask reads an explicitly selected complete Trio without writing (35.668208ms)
✔ resolveTrioTask selects the unique active Trio when no task id is supplied (141.858583ms)
✔ readTrioTask fails closed when multiple active tasks exist (52.72825ms)
✔ readTrioTask rejects traversal and absolute task identifiers (14.308167ms)
✔ readTrioTask rejects missing and corrupt Trio files (23.45175ms)
✔ legacy reader accepts an explicit nonterminal task plan without requiring a new Trio (13.528291ms)
✔ readTrioTask rejects symlinked planning directories, task directories, and Trio files (161.102542ms)
✔ readTrioTask preserves corrupt active roots as errors instead of treating them as no active task (19.550375ms)
✔ verifyTrioBinding reports bytes drift after a complete Trio changes (21.838417ms)
✔ S01 complete five-field Trio produces a recorded deterministic summary (18.795625ms)
✔ S02 legacy Trio remains readable with all summary fields missing (22.334ms)
✔ S03 partial and empty sections stay independently missing (13.170834ms)
✔ S04 duplicate Goal and section headings become ambiguous without choosing the last (14.593542ms)
✔ S05 ignores fenced pseudo fields while preserving the reader status (22.330666ms)
✔ S06 preserves ### content and stops at the next level-one or level-two heading (25.635708ms)
✔ S07 normalizes LF and CRLF text while binding each source to its actual bytes (19.085625ms)
✔ S08 truncates at 2000 Unicode code points without splitting an emoji (67.675334ms)
✔ S09 recognizes fenced variants and leaves an unclosed fence opaque (50.768083ms)
✔ S10 records shell-like, URL, traversal, and authorization text without acting on it (13.769375ms)
✔ S11 returns identical results twice without mutating the snapshot or authority bytes (13.110584ms)
✔ S12 rejects malformed summary inputs instead of returning an empty success (17.071916ms)
{"recoveryFixtureTreeBefore":["planning","planning/active","planning/active/recovery-task","planning/active/recovery-task/findings.md","planning/active/recovery-task/progress.md","planning/active/recovery-task/task_plan.md"],"recoveryFixtureTreeAfter":["planning","planning/active","planning/active/recovery-task","planning/active/recovery-task/findings.md","planning/active/recovery-task/progress.md","planning/active/recovery-task/task_plan.md"]}
✔ Trio-only recovery keeps explicit, unique-active, status, and next decisions stable with exactly three authority files (92.331334ms)
✔ exact Trio reads and read-only CLI commands reject invalid UTF-8 authority bytes (50.397042ms)
✔ legacy explicit nonterminal task remains readable during Trio-only recovery (9.06375ms)
✔ routeTask keeps a simple one-stage task on the quick route without Trio creation (1.110875ms)
✔ routeTask promotes multi-phase durable work to the tracked route (0.097333ms)
✔ resolveModelEffort fails closed without a declared work role and never infers actual values (0.741ms)
✔ resolveModelEffort requires a declared work role and keeps the authenticated actual evidence gate (1.06525ms)
✔ buildAssignmentPacket emits exactly the eight approved fields from a verified Trio binding (42.15875ms)
✔ calculateNextAction exposes a tracked Trio initialization plan without performing a write (0.193ms)
✔ calculateNextAction keeps quick dry-run work inline and Trio-free (0.155292ms)
✔ calculateNextAction fails closed unless it is explicitly dry-run (0.091167ms)
✔ execution work roles always request the Flash model with calibrated effort (0.287ms)
✔ execution complexity classifiers map bounded, multi-file, and long-running work to high, xhigh, and max (0.444416ms)
✔ chief roles respect explicit modern models and supported effort (0.2265ms)
✔ unknown work roles and unknown or ambiguous complexity fail closed instead of escalating (0.229375ms)
✔ explicit execution model and effort override legacy defaults without changing role or complexity (0.073708ms)
✔ structured human overrides classify only Chief slices and carry provenance (0.136667ms)
✔ Chief planning and Flash execution slices never leak model or effort into each other (0.069084ms)
✔ economic policy results keep actual evidence unknown without authenticated Host evidence (0.060042ms)
✔ worker_self_goal packets require a complete bounded goal contract with an exact closed shape (26.248208ms)
✔ goal packets retain their exact bounded shape through the packet round trip (34.005459ms)
✔ assignment packets fail closed without a declared work role or execution complexity (18.235375ms)
✔ legacy packets keep their defaults while explicit Luna selection is admitted (1.030375ms)
✔ entry policy keeps direct completion distinct from delegated acceptance and retires strict visibility (1.758875ms)
✔ safety capability exposes exactly the seven approved read-only outputs (11.12625ms)
✔ safety skill is a section-scoped pure Markdown contract (2.88375ms)
✔ safety fixtures form an exact, statically auditable decision matrix (3.70625ms)
✔ safety inventory validator rejects local extra Markdown and JSON names (5.96575ms)
✔ safety fixture filenames bind exact IDs and targets (5.297292ms)
✔ ask destructive fixture cannot borrow external write semantics (3.018ms)
✔ deny outside-authority fixture cannot borrow external write semantics (3.283708ms)
✔ safety fixture validator rejects duplicate IDs, missing fields, unknown decisions, and contradictions (0.576125ms)
✔ safety semantic mutations cannot broaden permission or remove recovery safeguards (1.72975ms)
✔ deny and ask fixtures never claim execution or terminal approval (0.510542ms)
✔ recursive terminal-state guard rejects exact states but permits ordinary evidence words (0.634833ms)
✔ precedence resolver follows the ordered clauses in the Safety skill (0.666459ms)
✔ destructive asks require evidence and never upgrade to allow (2.528541ms)
✔ safety recommendation scope honors prior authorization without overriding Host policy (2.224541ms)
✔ the priority shadow questions are declared and read frozen bundle targets (3.051833ms)
✔ a request carries the whole frozen bundle the question belongs to (0.193917ms)
✔ a shadow gate agrees and disagrees against the existing behaviour (26.414625ms)
✔ a shadow run where the gate disagrees completes normally (12.986542ms)
✔ a gate failure never blocks the existing path (2.220875ms)
✔ an infrastructure failure is recorded and never escalates (6.957959ms)
✔ agreement is null when the two cannot be compared (0.36325ms)
✔ shadow answers are read from composites and answers, not re-derived (0.086375ms)
✔ the summary counts disagreements without judging a gate (18.976167ms)
✔ shadow records never carry chain-of-thought (9.935584ms)
✔ the shadow module stays provider-neutral and versioned (1.086166ms)
✔ every gate defaults to shadow when no activation decision exists (0.5745ms)
✔ a gate cannot be activated without a measured benefit, rollback and authorization (0.387791ms)
✔ an unknown gate id is rejected instead of defaulting to shadow (0.128209ms)
✔ the shipped activation decision keeps every gate in shadow (0.06725ms)
✔ checkpoint states map to the behaviour the existing path is taking (0.063959ms)
✔ attaching shadow recording leaves the rendered checkpoint byte-identical (7.807583ms)
✔ a checkpoint-level gate disagreement is recorded and still completes (12.545584ms)
✔ a checkpoint gate failure never blocks the checkpoint (4.38425ms)
✔ attaching to a checkpoint with no observations records nothing and changes nothing (2.8205ms)
✔ atomicWriteText preserves old bytes on interruption and cleans same-directory temporary files (110.64125ms)
✔ atomicWriteText conditionally creates only an absent target and retains a foreign link-time create (270.571208ms)
✔ atomicWriteText rejects a same-content foreign inode replacement before publication (253.182417ms)
✔ atomicWriteText rejects a stable real parent replacement before final identity check without outside mutation (253.246583ms)
✔ atomicWriteText attaches an exact publication receipt after parent directory fsync failure (269.434125ms)
✔ atomicWriteText registers a create-only receipt before a post-link observation can fail (274.381542ms)
✔ atomicWriteText reports a proven ambiguous hard-link publication (261.221167ms)
✔ atomicWriteText reports a proven ambiguous rename publication (266.624041ms)
✔ atomicWriteText retains its primary error and receipt when temporary cleanup also fails (330.552083ms)
✔ withTrioPublicationLock keeps a primary operation failure and a release failure observable (231.949583ms)
✔ atomicWriteText rejects inherited, incomplete, or extra identity evidence without mutation (3.515ms)
✔ a residual authority publication lock times out without target mutation or automatic cleanup (2103.130917ms)
✔ initializeTrioTask creates exactly the three authority files and rejects partial or unsafe state (272.35075ms)
✔ initializeTrioTask persists replacement-token syntax in the goal literally (167.035583ms)
✔ appendProgressEvent validates event fields, preserves other Trio bytes, and appends chronological records (208.197792ms)
✔ concurrent progress updates preserve every successful event and strictly order generated timestamps (370.610375ms)
✔ appendProgressEvent rejects a reversed historical chronology without changing progress bytes (164.287416ms)
✔ a replaced transient task lock is retained when its original owner releases it (14.010542ms)
✔ concurrent initialization leaves one exact Trio and no authority-root staging residue (125.941417ms)
✔ mode vocabulary is frozen and total over the existing work-role enums (2.85625ms)
✔ intensity subsets preserve each mode and reject an out-of-subset value (0.490917ms)
✔ topologyClassOf derives a class from fields that already exist (0.2335ms)
✔ ExecutionRequirement normalizes a requirement and rejects a malformed one (0.343875ms)
✔ resolveExecutionImplementation selects by declared registry order and never downgrades a capability (0.551333ms)
✔ lifecycle semantics carry no model name (0.136833ms)
ℹ tests 480
ℹ suites 0
ℹ pass 480
ℹ fail 0
ℹ cancelled 0
ℹ skipped 0
ℹ todo 0
ℹ duration_ms 26556.306709
{"milestone":"final","inventory":["harness/installer/commands/trio.mjs","harness/trio/compatibility/legacy-reader.mjs","harness/trio/config.mjs","harness/trio/core/authority.mjs","harness/trio/core/decision.mjs","harness/trio/core/evidence.mjs","harness/trio/core/read.mjs","harness/trio/core/routing.mjs","harness/trio/core/shadow.mjs","harness/trio/core/store.mjs","harness/trio/hosts/codex.mjs","harness/trio/hosts/generic.mjs","harness/trio/projection.mjs"]}

> superpowering-with-files@2.0.1 verify:core
> node --test tests/core/*.test.mjs tests/runtime/*.test.mjs tests/installer/*.test.mjs tests/adapters/*.test.mjs tests/automation/*.test.mjs && node --test tests/plugin-kit/*.test.mjs

✔ init-session.sh writes progress sessions with a UTC+8 timestamp (1893.786458ms)
✔ init-session.sh keeps v3 gated mode through the Harness root entrypoint (1385.980458ms)
✔ init-session.ps1 formats timestamps with an explicit UTC+8 offset (1.255667ms)
✔ planning_record.py renders canonical progress and findings headings (234.996541ms)
✔ planning chronology remains available through the overlay reference and templates (8.643666ms)
✔ cloud dev constants use origin dev as source and cloud-dev as staging branch (2.611208ms)
✔ buildCloudDevCheckCommands fetches exact branch refs only (0.913625ms)
✔ parseAheadBehindCount parses source-only and staging-only counts (0.36075ms)
✔ buildCloudDevFastForwardCommands pushes origin dev to cloud-dev directly (0.118584ms)
✔ analyzeCloudDevSync allows fast-forward when staging is strictly behind source (0.150416ms)
✔ analyzeCloudDevSync blocks when cloud-dev has unpromoted commits (0.095458ms)
✔ analyzeCloudDevSync blocks sync when open PRs target cloud-dev (0.091667ms)
✔ formatCloudDevSyncReport includes reason and ahead/behind details (0.209667ms)
✔ analyzeCloudDevSync reports sync_disabled when sync mode is requested but disabled (1.157583ms)
✔ analyzeCloudDevSync reports already_up_to_date when refs match (0.457542ms)
✔ analyzeCloudDevSync reports branches_diverged when both refs have unique commits (0.195292ms)
✔ runCloudDevBranchCheck writes blocked check-only result without pushing (4.544334ms)
✔ runCloudDevBranchCheck reports a missing cloud-dev branch as a checked bootstrap prerequisite (0.254ms)
✔ getCloudDevExitCode fails check mode when the result failed (0.077917ms)
✔ getCloudDevExitCode fails sync mode when the result failed (0.060125ms)
✔ getCloudDevExitCode keeps successful check mode results green (0.05025ms)
✔ runCloudDevBranchCheck pushes cloud-dev only during enabled sync fast-forward (0.261042ms)
✔ runCloudDevBranchCheck records post-push refs after the sync fetch updates origin dev (0.222292ms)
✔ runCloudDevBranchCheck writes a failure result when sync push fails (0.211167ms)
✔ cloud dev issue module keeps labelNames private (1.501708ms)
✔ analyzeCloudDevIssue blocks issues without cloud-dev label (0.264333ms)
✔ analyzeCloudDevIssue builds normalized prompt for labeled planning issue (0.248458ms)
✔ analyzeCloudDevIssue skips issue comments without the explicit retry command (0.151542ms)
✔ analyzeCloudDevIssue only accepts a standalone explicit retry command (0.154125ms)
✔ analyzeCloudDevIssue fails fast when a cloud-dev issue is missing required fields (0.295292ms)
✔ analyzeCloudDevIssue allows missing or empty title on not-ready issues with a valid number (0.110958ms)
✔ cloud dev issue triage runner keeps result helpers private (3.616375ms)
✔ runCloudDevIssueTriage comments with the normalized copilot prompt for ready labeled issues (19.00625ms)
✔ runCloudDevIssueTriage skips duplicate copilot handoff comments for automatic issue events (6.092041ms)
✔ runCloudDevIssueTriage ignores issue comments without the explicit retry command (7.774167ms)
✔ runCloudDevIssueTriage comments for explicit retry commands on ready labeled issue comments (6.421875ms)
✔ runCloudDevIssueTriage comments with the not-ready message when cloud dev preflight is disabled (7.118416ms)
✔ runCloudDevIssueTriage skips comments when the cloud-dev label is absent (2.399541ms)
✔ runCloudDevIssueTriage rejects non-integer workflow dispatch issue inputs (4.412334ms)
✔ runCloudDevIssueTriage writes a failure result when issue commenting fails (4.291084ms)
✔ runCloudDevIssueTriage preserves parsed issue number when workflow dispatch lookup fails (3.178459ms)
✔ runCloudDevIssueTriage resolves workflow dispatch issue inputs before triage (4.486416ms)
✔ cloud dev sync workflow exposes manual and scheduled triggers (7.622417ms)
✔ cloud dev sync workflow grants only the branch sync permissions it needs (4.479083ms)
✔ cloud dev sync workflow runs on ubuntu with the guarded cloud-dev-sync job (3.573ms)
✔ cloud dev sync workflow keeps the expected step order (4.408834ms)
✔ cloud dev sync workflow uploads the guarded cloud-dev sync result artifact (1.786208ms)
✔ cloud dev sync workflow avoids auto-merge and unsafe force pushes (2.503917ms)
✔ cloud dev issue triage workflow listens to issue, comment, and manual triggers (2.344125ms)
✔ cloud dev issue triage workflow keeps permissions minimal (0.863916ms)
✔ cloud dev issue triage workflow excludes pull request comments and uses structured readiness handoff before triage (3.3195ms)
✔ cloud dev issue triage workflow keeps the expected step order (2.615375ms)
✔ cloud dev issue triage workflow uploads the guarded triage artifact (1.891375ms)
✔ homepage deploy workflow runs only on main homepage changes and manual dispatch (7.939ms)
✔ homepage deploy workflow grants read-only repository permissions (2.130708ms)
✔ homepage deploy workflow builds, tests, and deploys the homepage Worker (2.702959ms)
✔ homepage deploy workflow avoids auto-merge and unsafe force pushes (0.987083ms)
✔ buildLocalDevSyncCommandPlan uses only fetch, checkout dev, and ff-only merge (4.550166ms)
✔ parseAheadBehindCount parses git rev-list left-right count output (0.902166ms)
✔ analyzeLocalDevPreflight allows a clean worktree that can fast-forward dev (0.520833ms)
✔ analyzeLocalDevPreflight blocks local dev ahead of origin/dev (0.49175ms)
✔ analyzeLocalDevPreflight reports divergence separately from local-only ahead commits (0.296042ms)
✔ runLocalDevSync stops before checkout and merge when preflight is blocked (0.898083ms)
✔ runLocalDevSync rejects a dev tag when refs/heads/dev is missing (1.141667ms)
✔ runLocalDevSync fetches, checks out dev, and fast-forwards only after preflight passes (1.350542ms)
✔ accepts a complete read-only packet with separate reviews and exact planes (3.166292ms)
✔ acceptance preserves applicable defect regression and sibling-scan evidence (0.165166ms)
✔ rejects each missing binding and required evidence category (0.647667ms)
✔ rejects behavior changes without real RED-to-smallest-GREEN evidence (0.111334ms)
✔ requires RED and old-code regression exit codes to be numeric and non-zero (0.164875ms)
✔ rejects insufficient risk coverage and failed required verification (1.221541ms)
✔ requires defect regression and sibling scan only when the defect trigger applies (0.086083ms)
✔ rejects stale review after the current head moved (0.076958ms)
✔ rejects any requested external action and remains deterministic (0.149334ms)
✔ CLI emits only JSON and uses exit status for an accepted or rejected packet (234.242ms)
✔ the evaluator and runner contain no mutation or hook execution seam (2.480583ms)
✔ validatePrBinding requires the exact read-only PR identity and policy fields (2.293583ms)
✔ validatePrBinding requires every material feedback policy field (0.168708ms)
✔ normalizePrReviewSnapshot flattens paginated connections and deduplicates nodes (0.373208ms)
✔ observationKey is stable and head-specific (0.701375ms)
✔ reducePrReviewFeedback deduplicates repeated observations and invalidates old heads (0.715125ms)
✔ effective current review decision gates historical approval (0.235416ms)
✔ only a current-head User approval can satisfy native landing eligibility (0.24625ms)
✔ quietness compares the complete normalized PR, check, review, and thread snapshot (0.847083ms)
✔ stable complete snapshots with zero thread observations become quiet only with prior state (0.219ms)
✔ reducer classifies resolved, stale, already-fixed, false-positive, and user-decision threads (0.23725ms)
✔ reducer emits a fail-closed monitor lifecycle decision (0.309417ms)
✔ reducer routes a realistic P2-badged review comment as a Minor follow-up (0.240583ms)
✔ severity routes preserve critical and major repair blockers and minor follow-ups (0.136792ms)
✔ current-head mismatch rejects head-specific evidence (0.057084ms)
✔ native auto-merge is only a conditional status and never an executed action (0.095375ms)
✔ runner rejects absent binding or credentials without calling GitHub (0.255833ms)
✔ runner accepts a successful local gh auth status without exported token fields (0.347416ms)
✔ runner gathers only read-only gh PR and GraphQL snapshots and reduces them (0.924125ms)
✔ runner addresses the bound PR with a numeric selector and explicit repository (0.121375ms)
✔ runner normalizes nested status checks and paginates review and check connections (0.190333ms)
✔ runner keeps exhausted top-level cursors independent and monotonic (0.272167ms)
✔ runner paginates each review-thread comment connection independently (0.260833ms)
✔ pure reducer and observer contain no direct mutation executor (14.649458ms)
✔ repo verify workflow triggers on pull requests and protected branch pushes (5.927666ms)
✔ repo verify workflow keeps read-only permissions and the expected verification steps (8.091667ms)
✔ repo verify workflow keeps the expected step order (5.857292ms)
✔ classifyBaseHealth returns healthy for a successful Repo Verify run on the target sha (2.958833ms)
✔ classifyBaseHealth returns blocked when the target sha has no successful Repo Verify run (0.135084ms)
✔ classifyBaseHealth returns healthy when the same target sha has a failed run and a later successful rerun (0.121667ms)
✔ loadBaseHealth resolves the target sha and classifies matching workflow runs (0.1935ms)
✔ loadWorkflowRuns narrows the GitHub API query to the target sha (0.75875ms)
✔ createBaseHealthBlockedError returns a stable failure kind and message (0.553666ms)
✔ probeUpstreamHeads resolves each provided upstream source (5.871542ms)
✔ probeUpstreamHeads returns no_changes when release tag stays the same even if branch head moved (0.265834ms)
✔ probeUpstreamHeads marks changes_detected when any resolved fingerprint changes (0.159417ms)
✔ probeUpstreamHeads ignores unselected recorded sources during filtered runs (0.166208ms)
✔ probeUpstreamHeads passes release-resolution dependencies into the default resolver path (0.158583ms)
✔ buildUpstreamPullRequestPlan uses the fixed upstream refresh PR target (1.834667ms)
✔ buildUpstreamPullRequestPlan skips PR creation when there are no eligible files (0.14075ms)
✔ buildPullRequestBody marks automatic review and checks as advisory (0.27175ms)
✔ buildUpstreamPullRequestPlan carries resolved lock metadata into the PR body (0.166458ms)
✔ buildPullRequestBody truncates oversized eligible file lists (1.389ms)
✔ buildUpstreamPullRequestPlan updates an existing PR on the automation branch without creating a new one (0.414667ms)
✔ buildUpstreamPullRequestPlan creates a new PR when the automation branch PR targets another base (1.63575ms)
✔ buildUpstreamPullRequestPlan uses force-with-lease only for a matched automation PR update (0.184ms)
✔ buildDetectRemoteBranchCommand probes the fixed automation branch on origin (0.145292ms)
✔ parseRemoteBranchExists treats non-empty ls-remote output as branch present (0.336292ms)
✔ buildUpstreamPullRequestPlan force-pushes the fixed automation branch when it already exists without an open PR (3.226459ms)
✔ buildListOpenPullRequestsCommand filters by automation head and dev base (0.173ms)
✔ buildUpstreamPullRequestPlan creates a new PR only when no automation branch PR is open (0.146417ms)
✔ buildUpstreamPullRequestPlan creates a new PR when only unrelated PRs are open (0.535ms)
✔ runOpenUpstreamPullRequest skips git and gh commands when there are no eligible files (4.425125ms)
✔ runOpenUpstreamPullRequest rejects and skips git and gh commands when refresh failed (0.772958ms)
✔ runOpenUpstreamPullRequest rejects and skips git and gh commands when refresh found no changes (0.158958ms)
✔ runOpenUpstreamPullRequest rejects and skips git and gh commands when refresh status is missing (0.108958ms)
✔ runOpenUpstreamPullRequest commits, pushes, and creates a PR when no automation PR is open (13.681833ms)
✔ runOpenUpstreamPullRequest forwards resolved metadata into the final PR body file (1.709708ms)
✔ runOpenUpstreamPullRequest creates a dev PR instead of updating a same-head PR on another base (0.953125ms)
✔ runOpenUpstreamPullRequest updates an existing automation PR branch and body without creating a new PR (2.307125ms)
✔ runOpenUpstreamPullRequest force-pushes and creates a PR when the automation branch exists remotely without an open PR (2.065458ms)
✔ runOpenUpstreamPullRequest treats git commit failures as terminal errors (0.73875ms)
✔ runOpenUpstreamPullRequest treats gh PR creation failures as terminal errors (2.7455ms)
✔ buildRefreshCommandChain returns the fixed upstream refresh command sequence (10.454667ms)
✔ buildRefreshPrepareCommandChain isolates the base-branch preparation sequence (0.404458ms)
✔ buildRefreshPrepareCommandChain keeps workflow-ref validation runs on the checked-out ref (0.235ms)
✔ buildRefreshExecutionCommandChain isolates the post-checkout refresh sequence (0.261666ms)
✔ buildRefreshCommandChain narrows fetch and update to the selected source filter (0.319917ms)
✔ buildRefreshCommandChain omits the origin/dev checkout during workflow-ref validation runs (0.840584ms)
✔ formatCommand returns the human-readable upstream refresh command sequence (0.2405ms)
✔ runRefreshCommandChain inserts beforeExecution between prepare and execution commands (0.490417ms)
✔ upstream refresh report keeps refresh-sensitive checks independent from the retired projection engine (0.379125ms)
✔ verify:upstream-refresh runner preserves child test output streaming (9.168166ms)
✔ runCommand executes command file and args without a shell (0.7895ms)
✔ runCommand captures and forwards stdout and stderr when a command fails (1.203834ms)
✔ runUpstreamRefresh captures eligible files after writing the authoritative source lock (16.385208ms)
✔ runUpstreamRefresh skips authoritative source lock persistence for run-scoped overrides (0.982917ms)
✔ runUpstreamRefresh pre-stages the current resolved lock before the refresh chain and restores steady-state for run-scoped overrides (0.525125ms)
✔ runUpstreamRefresh consumes workflow dispatch source overrides and keeps them run-scoped (6.672792ms)
✔ runUpstreamRefresh keeps workflow-ref validation runs on the checked-out branch and disables steady-state side effects (3.739083ms)
✔ runUpstreamRefresh blocks before the refresh command chain when origin/dev base health is unhealthy (1.096833ms)
✔ runUpstreamRefresh restores repo-local entry files before enforcing the allowlist (1.553541ms)
✔ filterEligibleChanges ignores runtime node_modules artifacts before enforcing the allowlist (0.253208ms)
✔ runUpstreamRefresh removes known transient cache artifacts before final allowlist enforcement (1.582292ms)
✔ runUpstreamRefresh writes a failure result and rejects when verification fails (2.811791ms)
✔ runUpstreamRefresh keeps the original failure when changed-file capture fails (1.153625ms)
✔ runUpstreamRefresh writes a failure result and rejects when refresh hits a git conflict (26.5835ms)
✔ runUpstreamRefresh writes a failure result and rejects on allowlist violations (1.638375ms)
✔ filterEligibleChanges includes tracked and untracked repo-owned upstream files (0.110042ms)
✔ source refresh retains only Codex projections and the AGENTS.md entry (0.087958ms)
✔ source refresh infers only Codex for retained repository projections (0.060458ms)
✔ filterEligibleChanges excludes harness runtime state and unrelated workspace files (0.0555ms)
✔ filterEligibleChanges ignores generated Python cache files (0.046458ms)
✔ upstream refresh workflow exposes manual controls and weekly scheduled triggers (7.176875ms)
✔ upstream refresh workflow grants the read and write permissions its current steps need (11.85675ms)
✔ upstream refresh workflow runs on ubuntu and checks out full triggering-ref history (1.88525ms)
✔ upstream refresh workflow keeps the expected step order (1.271417ms)
✔ upstream refresh workflow uploads the result artifact even after failed refreshes (2.160333ms)
✔ upstream refresh workflow reads the guarded result path into refresh_result outputs (1.150541ms)
✔ upstream refresh workflow opens PRs only after successful non-empty refreshes and an explicit PR gate (2.36175ms)
✔ upstream refresh workflow does not enable pull request auto-merge (5.5475ms)
✔ latest-release ignores prereleases by default (3.32875ms)
✔ latest-release skips draft releases even when they are newer (0.327042ms)
✔ latest-release uses latest-tag fallback only when configured (0.334125ms)
✔ latest-release rejects API failure instead of silently falling back to branch-head (0.393583ms)
✔ pinned-commit returns the configured SHA without release lookup (0.176208ms)
✔ pinned-tag resolves the configured tag to its commit SHA (0.134916ms)
✔ branch-head resolves HEAD directly for branch fallback sources (0.113875ms)
✔ resolveTagCommit peels annotated tags to the commit SHA (1.221167ms)
✔ resolveSourceTarget latest-tag resolves the latest annotated tag commit (0.291292ms)
✔ buildFetchPlan returns an exact detached fetch plan for pinned commits (2.060542ms)
✔ acceptance-run CLI prints the default text report (129.481334ms)
✔ acceptance-run CLI renders markdown when requested (112.355084ms)
✔ acceptance-run CLI exits non-zero for a failing custom run file (137.564208ms)
✔ acceptance-run CLI rejects unknown arguments (111.560166ms)
✔ evaluateAcceptanceRunFile validates the canonical ponytail acceptance sample (6.5025ms)
✔ evaluateAcceptanceRun reports category, metric, and validation failures explicitly (0.25725ms)
✔ autonomous-release-closure bundle is physically retired (8.834125ms)
✔ acceptance evaluator fails when concise side loses trio writeback (1.14575ms)
✔ acceptance evaluator passes when concise side is shorter and preserves safety fields (0.884166ms)
✔ acceptance evaluator fails when safety booleans are true but evidence refs are missing (0.088875ms)
✔ acceptance evaluator fails when evidence ref arrays are empty even if reason is non-empty (0.128458ms)
✔ acceptance evaluator fails when refs do not point at the rollout trio even if reason is non-empty (0.084791ms)
✔ evaluateCodexConciseOutputRunFile accepts a real five-scenario run artifact from disk (7.197667ms)
✔ evaluateCodexConciseOutputRunFile defaults to the passing real observation artifact (1.496583ms)
✔ goal-writer prompt-contract bundle is physically retired (9.016083ms)
✔ goal2plan prompt-contract bundle is physically retired (6.688417ms)
✔ close removes execution labels and requires completion evidence (4.010125ms)
✔ reopen reuses identity without requeue and closed projects deny (0.405916ms)
✔ archive never reopens or deletes a project; readback must match exact event (0.327791ms)
✔ latest local reopen reconciles a close that never reached Linear (0.196041ms)
✔ C2 accepts only run-bound trusted Host evidence and keeps provider identity separate (1.928292ms)
✔ C2 treats model self-report, missing Host evidence, and another run as unknown (0.117833ms)
✔ C3 compares the actual passed configuration exactly, including aliases and effort (0.094375ms)
✔ C1 stops admission at the shared deadline and records cooperative overrun (0.179208ms)
✔ recovery selects across scopes with one attempted ledger and reports invalid coverage (0.540375ms)
✔ claim failure prevents execution and does not turn a failed claim into work (0.959791ms)
✔ promotion is label-independent, blocks unknown dependencies, and recovers after partial failure (0.25675ms)
✔ promotion repairs missing labels, requires explicit mapping, and excludes attention states (0.202667ms)
✔ unreadable promotion labels and conflicting mapping never permit promotion (1.12025ms)
✔ promotion readback with new running ownership is not successful recovery (0.358666ms)
✔ a finish timestamp beyond observation time cannot reopen admission (0.087875ms)
✔ night carrier ladder documents combo failover plus an independent fallback (0.90325ms)
✔ fallback carrier acts only when the primary pass did not complete (0.223583ms)
✔ installed state names each carrier, its schedule and its model (0.091959ms)
✔ night queue revisits after success with one global attempt/time budget (0.130459ms)
✔ night recovery resolves each issue and publishes running before work (0.315ms)
✔ morning reports queue coverage without broadening writes (0.165541ms)
✔ recovery discovers successors, reconciles budget stops and compares scopes (0.252792ms)
✔ night entry promotes mapped successors even when the labeled queue is empty (0.081ms)
✔ night and morning preserve run-bound model evidence and provider unknowns (1.056959ms)
✔ priority 1..4 precedes 0; oldest update then codepoint ID breaks ties without mutation (4.685541ms)
✔ ineligible items cannot block independent eligible work (0.359666ms)
✔ shared history allows three attempts across calls, counting failures too (0.187708ms)
✔ 45-minute shared deadline is inclusive and preserves remaining queue (0.318916ms)
✔ empty and entirely blocked queues return no eligible issue (1.06125ms)
✔ invalid inputs and ambiguous clocks fail closed for the whole snapshot (0.997625ms)
✔ CLI reads stdin JSON, emits selection JSON, and documents caller-owned history (261.060875ms)
✔ CLI rejects malformed JSON and invalid arguments without selecting (452.663125ms)
✔ dependencies require actual done and history counts attempts from other scopes (0.206667ms)
✔ v2 product and task schemas are strict while v1 remains readable by the old validator (3.388334ms)
✔ duplicate product identity is rejected (0.179625ms)
✔ resolver rejects duplicate product identity in the local product registry (331.429416ms)
✔ resolver prefers reports/linear and refuses malformed preferred metadata instead of falling back (502.846166ms)
✔ resolver refuses a task A binding when the requested task is task B (302.136583ms)
✔ root registration accepts a worktree in the same git family and rejects an unrelated repo (601.487292ms)
✔ root registration canonicalRoot must itself resolve to the registered Git family (403.461ms)
✔ invalid atomic write leaves the original config intact (312.654708ms)
✔ migration is dry-run only and performs no write (397.222958ms)
✔ migration dry-run refuses root/product and legacy team/project identity mismatches (348.937875ms)
✔ registry .json directories and dangling symlinks fail closed (527.963ms)
✔ archive taskDir resolves stable identity and rejects conflicting selector (398.374583ms)
✔ task binding accepts lifecycle debt only for its exact task (0.819833ms)
✔ zero match plans one default Project with exact ownership and no writes (1.978167ms)
✔ one unique active match is reused and existing default preserves routing (0.211ms)
✔ duplicate marker, selected foreign project, and closed project fail closed (0.143459ms)
✔ partial catalogs, unknown roots, and missing explicit enrollment fail closed (0.171958ms)
✔ new delivery stream requires explicit key and never creates implicit extra streams (0.08ms)
✔ foreign product ownership and incomplete selected metadata fail closed (0.093125ms)
✔ existing policy default is reused only when its exact marker and active state agree (0.084666ms)
✔ existing default core is reused without a stream, while an explicit stream is independent (0.105416ms)
✔ unrelated workspace projects may be foreign-team or empty, while selected evidence is strict (1.229875ms)
✔ catalog completeness is global and other-team ownership conflicts block creation (0.136833ms)
✔ default Project must be exact owned target and duplicate keys are rejected before selection (0.086833ms)
✔ only selected Project status is checked and accepted active types are bounded (0.08025ms)
✔ canonical CLI reads --input and emits the same pure proposal (256.173625ms)
✔ ownership keys are product scoped; same product under another team denies duplication (0.357291ms)
✔ marker segments allow live WP/LMP/camelCase forms and reject dot segments (1.674917ms)
✔ intake defaults, exact keys and conflicting mappings (0.412625ms)
✔ exact marker reuse and complete unique coverage (0.966167ms)
✔ closed projects deny new intake; labels never route; terminal never queues (0.342917ms)
✔ policy ambiguity and missing issue evidence fail closed (0.241125ms)
✔ creation requires known matching active project metadata (0.236959ms)
✔ policy may omit descriptions, but live snapshot ownership is required (0.2735ms)
✔ missing or wrong marker cannot reuse or create (0.116584ms)
✔ comment mutation requires exact fully-read issue-linked comment (0.229709ms)
✔ registry policy validation rejects project overlap but permits shared team (0.19725ms)
✔ guard verifies exact issue/project and independent real Git family (592.409791ms)
✔ CLI prints JSON denial and documents inputs (500.75825ms)
✔ workspace project catalog rejects duplicate ownership outside configured project list (0.545166ms)
✔ closed projects deny reused task intake as well as creation (0.627542ms)
✔ authorized nightly successors use readiness evidence without repeat permission (1.756375ms)
✔ recovery separates absent teams, capacity evidence, and local implementation (1.522458ms)
✔ resolved prerequisites can close blockers without manufacturing human approval (0.156708ms)
✔ Team UI exception is conditional, guarded, and read back before binding (1.517125ms)
✔ linear-work-control ships the files its skill entry links to (7.020667ms)
✔ binding validation accepts a valid enabled and a valid disabled binding (2.779042ms)
✔ binding validation rejects credentials, unknown keys, non-slug workspaces, and non-canonical states (4.261167ms)
✔ workspace guard denies writes to any workspace other than the bound one (2.267208ms)
✔ workspace references normalize a URL or trailing slash but never fold case (0.10925ms)
✔ every canonical runtime state maps onto a stock Linear status plus semantic labels (0.869291ms)
✔ the checkpoint renderer answers every question a human needs and names the Linear projection (1.761834ms)
✔ the blocker renderer publishes an answerable question with the command forms (1.89325ms)
✔ the blocker renderer refuses malformed options instead of publishing placeholder text (0.524459ms)
✔ completion is gated on validation, done-when conditions, and unresolved blockers (0.19025ms)
✔ completion and summary renderers keep artifacts and the human buckets visible (1.668583ms)
✔ the sync order keeps local durable state first and the Linear publish last (0.391958ms)
✔ a failed Linear publish never invalidates local state and stays retryable (0.447917ms)
✔ planning sections are extracted so a restarted session can rebuild the picture (0.506292ms)
✔ the resume brief reconstructs state, mapping, checkpoint, and blocker from files alone (0.438458ms)
✔ a published blocker stays open in the ledger until its state is closed (0.663958ms)
✔ a marker lookalike spelling is counted as an unreadable open blocker, never dropped (0.404708ms)
✔ human commands are parsed deterministically and prose is never treated as a decision (0.387958ms)
✔ credential-shaped keys are rejected in any spelling and no documented key is a false positive (0.133584ms)
✔ the guard refuses to allow a write on any binding that fails validation (3.29ms)
✔ the workspace comparison stays exact so a lookalike workspace cannot pass the guard (2.518625ms)
✔ the completion gate fails closed on wrong types and on keys it does not read (0.156ms)
✔ an empty human command is not an answer (0.063375ms)
✔ quoting the published template back is not an answer (0.070667ms)
✔ the CLI turns the guard, the completion gate, and human input into exit codes a wrapper can trust (1092.650208ms)
✔ the guard answers on stdout for missing, corrupt, directory, and --json bindings (535.787042ms)
✔ the CLI diagnoses unreadable input instead of throwing (243.80775ms)
✔ usage mistakes and an unreadable binding end in one-line diagnostics (1181.955709ms)
✔ resume-brief rebuilds a task picture from a directory and mirrors the guard in its exit code (1359.102667ms)
✔ migration: external binding reconstructs all three authority files for active and archive tasks (784.5455ms)
✔ migration: preferred binding fails closed and only absence permits legacy fallback (1376.305708ms)
✔ migration: blocker decision survives restart in progress without a fourth authority file (195.821083ms)
✔ risk assessment local skill is physically retired (5.027ms)
✔ Harness-owned local skills use Waza-style outcome contracts without adding always-on prompt text (7.2865ms)
✔ collectFiles ignores local worktree directories (14.011041ms)
✔ committed-file scope ignores an untracked ordinary file while retaining a listed tracked path (4.823792ms)
✔ committed template files do not contain author-specific absolute paths (2277.207958ms)
✔ overengineering-review fixtures cover all supported cut tags without widening into general review (11.996333ms)
✔ legacy identifier and UUID maps preserve parent and child, without inheriting comment (2.745916ms)
✔ legacy map-only UUID and identifier-only forms are supported with exact live lookup (0.459625ms)
✔ missing/ambiguous/drifting identity and loss-prone maps fail closed (2.256042ms)
✔ non-goal task cannot inherit goal status comment (0.541667ms)
✔ v2 reuses canonical schema validation and still requires live marker/readback (1.451375ms)
✔ repo workflow acceptance replay creates fresh V2 workspace Codex state from a nested leaf (4533.188708ms)
✔ repo workflow acceptance replay keeps a fresh V2 reinstall in the single Codex workspace shape (5155.956333ms)
✔ repo workflow acceptance replay keeps sync dry-run byte-stable after fresh V2 install (5539.649791ms)
✔ repo workflow acceptance replay verifies a fresh V2 install from a nested leaf (5920.823959ms)
✔ repo workflow acceptance replay accepts verify stdout without creating a report directory (5162.656917ms)
✔ repo workflow acceptance replay runs doctor check-only on a healthy fresh V2 install (4669.719666ms)
✔ repo workflow acceptance replay rejects persisted V1 state on every V2 command without writes (4055.044958ms)
✔ repo workflow acceptance replay rejects every removed V1 install option before writes (2971.558792ms)
✔ repo workflow acceptance replay makes drifted V2 sync check fail without repairing the entry (3835.258708ms)
✔ repo workflow acceptance replay rejects incompatible V2 sync flags without writes (3802.916375ms)
✔ repo workflow acceptance replay routes linked nested-leaf V2 operations only to the parent authority root (3716.645875ms)
✔ simplicity-ladder fixtures preserve decision order and refuse unsafe simplifications (7.507542ms)
✔ simplification-ledger fixtures keep the report read-only while handling mixed markers and missing triggers (7.827209ms)
✔ canonical simplification-ledger search only matches supported slash and hash style markers (30.34725ms)
✔ checkpoint-push blocks detached HEAD checkouts (5720.605875ms)
✔ checkpoint-push blocks main branches (6297.200917ms)
✔ checkpoint-push blocks the main checkout dev branch without a linked worktree (5796.203917ms)
✔ checkpoint-push blocks repositories without an origin remote (5545.898ms)
✔ checkpoint-push reports no_changes for eligible clean worktrees (5855.975167ms)
✔ checkpoint-push records verification_failed when the fresh verify command fails (5819.944708ms)
✔ checkpoint-push failure artifacts record diff evidence without claiming diff-check ran (4207.609375ms)
✔ checkpoint-push blocks when diff --check fails on newly added files (5720.605291ms)
✔ checkpoint-push still writes result artifacts when package.json is malformed (4170.572ms)
✔ checkpoint-push dry-run preserves the caller index and records diff stat for the staged commit set (3920.268833ms)
✔ checkpoint-push dry-run preserves intent-to-add index entries (4088.176ms)
✔ checkpoint-push blocks branches whose upstream does not point to origin/current-branch (2883.803625ms)
✔ checkpoint-push review evidence includes files generated during verify (2938.950291ms)
✔ checkpoint-push only pushes the current branch even when git push.default is matching (3709.953333ms)
✔ checkpoint-push creates a review artifact, commit, and upstream push for eligible worktrees (3406.277917ms)
✔ checkpoint-push resolves the authority root when run from a nested leaf directory (3516.004958ms)
✔ harness checkpoint creates a recovery bundle for git repositories (6382.349417ms)
✔ harness checkpoint skips clean repositories when asked (4210.552083ms)
✔ harness checkpoint archives non-git directories as tarballs (2436.802ms)
✔ harness checkpoint resolves the authority root when run from a nested leaf directory (6482.051333ms)
Usage: checkpoint <path> [--quiet] [--skip-if-clean] [--out=<dir>]
✔ harness checkpoint remains runnable after the retired source-root helper is absent (2108.559833ms)
✔ harness --help prints top-level usage (2059.905417ms)
✔ lifecycle-sweep control plane is physically retired (481.034125ms)
✔ worktree-name command is physically retired and worktree creation uses preflight output (189.498ms)
✔ harness public dispatcher exposes Trio quick routing without creating planning state (1541.289333ms)
✔ harness public dispatcher rejects the retired command (1623.874042ms)
✔ harness public dispatcher rejects retired codex-model-default (1973.924375ms)
✔ harness public dispatcher rejects retired link-personal (2342.979916ms)
✔ harness public dispatcher rejects retired cloud-bootstrap (1702.043625ms)
✔ sync --help prints usage without executing sync (1880.547917ms)
✔ install --help prints usage without writing state (1780.998125ms)
✔ harness public dispatcher rejects retired legacy commands (2703.037167ms)
✔ harness public dispatcher rejects retired upstream-lock before source resolution (2216.807125ms)
✔ workspace-skills source control plane is physically retired (2.028833ms)
✔ verify --help prints usage without writing reports (1573.703875ms)
✔ token-audit --help prints usage (1332.888208ms)
✔ token-audit prints a weekly token summary to stdout (1329.88775ms)
✔ token-audit rejects invalid explicit audit windows (2087.3235ms)
✔ persisted V1 public commands require upgrade and leave the authority root unchanged (5995.793792ms)
✔ persisted V1 install rejects malformed upgrade arguments before publication locking (4816.456875ms)
✔ harness public dispatcher rejects retired plugin (1052.053584ms)
✔ harness public dispatcher rejects retired adopt-global (1360.896416ms)
✔ harness public dispatcher rejects retired adoption-status (1212.742584ms)
✔ recommendWorktreeBase preserves current non-trunk branch (2.066167ms)
✔ recommendWorktreeBase respects explicit base (0.095041ms)
✔ recommendWorktreeBase keeps trunk branch when current context is trunk (0.075834ms)
✔ recommendWorktreeBase falls back to default branch without a current branch (0.066375ms)
✔ recommendWorktreeBase reports unresolved explicit base (0.071ms)
✔ recommendWorktreeBase warns when local branch differs from remote counterpart (0.0625ms)
✔ optional adoption is dry by default, preserves unrelated skills, backs up retirement, and is idempotent (464.722416ms)
✔ source updates use ownership evidence and do not follow skill symlinks (491.110042ms)
✔ a held adoption lock fails without touching any installed skill (494.59925ms)
✔ ownership digests distinguish a file payload from an additional tree entry (59.236792ms)
✔ adoption rejects a backup-parent symlink without writing outside home (114.585542ms)
✔ failed rollback retains originals and continues restoring independent skills (554.310875ms)
✔ matching first adoption records ownership and executable mode changes are detected (282.892667ms)
✔ show-me is adopted from the real source with its provenance and license, then is unchanged on repeat (716.577833ms)
✔ each method is independently portable and its referenced resources are reachable (62.411959ms)
✔ provenance covers every curated file and preserves the unchanged supporting inputs (50.206667ms)
✔ documented staged and unstaged modes isolate index and worktree; untracked files remain explicit (433.080375ms)
✔ combined tracked WIP is a net diff; opposite index and worktree edits still have separate patches (455.457417ms)
✔ single commit review excludes later commits and the dirty working tree (459.090041ms)
✔ branch/PR contribution excludes target-only changes while fixed endpoints include them (464.435542ms)
✔ root and merge commit modes use the explicitly selected comparison tree (596.301875ms)
✔ retained human feedback template runs and captures observations without inventing a verdict (12.780209ms)
✔ every optional skill declares YAML-loadable frontmatter (28.195875ms)
✔ ux-design description is quoted so a plain-scalar colon cannot break loading (1.798083ms)
✔ the guard rejects an unquoted description containing a colon-space (10.892875ms)
✔ planning carrier fixture defines a bounded contract without claiming recovery proof (9.23025ms)
✔ stable task id survives timestamp archive and exact reopen (562.7725ms)
✔ reopen rejects ambiguous identity, unsafe paths, and symlinks (157.177625ms)
✔ archived preferred metadata uses explicit stable id and corrupt preferred fails closed (230.0235ms)
✔ active binding resolver rejects mismatched or duplicate stable IDs (283.446542ms)
✔ stages existing preferred v1 mapping and preserves sync debt (473.552542ms)
✔ ack clears lifecycle debt only when no prior retry debt existed (386.722667ms)
✔ a stale close acknowledgement cannot clear a newer reopen event (756.382291ms)
✔ preferred corruption fails closed and records visible diagnostic (77.292792ms)
✔ rejects symlinked metadata and does not fall back (68.500958ms)
✔ malformed matching binding is never changed by staging (348.5445ms)
✔ planning_paths.py binds and resolves a Codex thread to one active task (1703.572042ms)
✔ planning_paths.py reports stale bindings and clears them safely (2124.628959ms)
✔ legacy summary and receipt control-plane modules are physically retired (5.773458ms)
✔ defaultState creates only the narrow v1 compatibility envelope (4.437083ms)
✔ state bridge preserves legacy profile-shaped fields opaquely while fetch metadata updates (137.2195ms)
✔ state schema describes a tolerant legacy envelope without profile contracts (1.581666ms)
✔ state bridge retains integrity checks for the V1 envelope (2.609792ms)
✔ C3 physically retires the profile projection engine and its CI boundary (10.655792ms)
✔ PWF hook source, helper, bridge, and dedicated test paths are physically retired (5.648709ms)
✔ hook evidence summary helper is physically retired (0.31675ms)
✔ context budget config, helper, and dedicated tests are physically retired (0.492292ms)
Fetched 1 upstream candidate(s): /private/var/folders/1_/m2vfg4n10n9_50cz0bmvnmx80000gn/T/harness-fetch-JyRPAB/.harness/upstream-candidates/planning-with-files
✔ fetchCommand stages git planning-with-files candidate without touching core (470.259417ms)
Fetched 1 upstream candidate(s): /private/var/folders/1_/m2vfg4n10n9_50cz0bmvnmx80000gn/T/harness-fetch-no-state-zozwes/.harness/upstream-candidates/planning-with-files
Fetched 1 upstream candidate(s): /private/var/folders/1_/m2vfg4n10n9_50cz0bmvnmx80000gn/T/harness-fetch-no-state-zozwes/.harness/upstream-candidates/planning-with-files
✔ fetch --no-state leaves absent state absent and existing state byte-identical (524.244417ms)
✔ fetch --no-state failure leaves existing state byte-identical (27.487667ms)
Fetched 1 upstream candidate(s): /private/var/folders/1_/m2vfg4n10n9_50cz0bmvnmx80000gn/T/harness-fetch-locked-ref-60iq7q/.harness/upstream-candidates/planning-with-files
✔ fetchCommand clones the locked tag commit instead of raw HEAD (823.682667ms)
Fetched 1 upstream candidate(s): /private/var/folders/1_/m2vfg4n10n9_50cz0bmvnmx80000gn/T/harness-fetch-legacy-sources-GN3Ewq/.harness/upstream-candidates/planning-with-files
✔ fetchCommand accepts legacy schemaVersion 1 sources metadata when lock is present (507.610625ms)
Fetched 1 upstream candidate(s): /private/var/folders/1_/m2vfg4n10n9_50cz0bmvnmx80000gn/T/harness-fetch-leaf-DPJivp/.harness/upstream-candidates/planning-with-files
✔ fetchCommand resolves the authority root from a nested leaf directory (474.41225ms)
Fetched 1 upstream candidate(s): /private/var/folders/1_/m2vfg4n10n9_50cz0bmvnmx80000gn/T/harness-update-xdDPab/.harness/upstream-candidates/planning-with-files
Updated 1 upstream source(s): /private/var/folders/1_/m2vfg4n10n9_50cz0bmvnmx80000gn/T/harness-update-xdDPab/harness/upstream/planning-with-files
✔ updateCommand applies candidate only to harness upstream path (569.397375ms)
Fetched 1 upstream candidate(s): /private/var/folders/1_/m2vfg4n10n9_50cz0bmvnmx80000gn/T/harness-update-no-state-XMUYuE/.harness/upstream-candidates/planning-with-files
Updated 1 upstream source(s): /private/var/folders/1_/m2vfg4n10n9_50cz0bmvnmx80000gn/T/harness-update-no-state-XMUYuE/harness/upstream/planning-with-files
Updated 1 upstream source(s): /private/var/folders/1_/m2vfg4n10n9_50cz0bmvnmx80000gn/T/harness-update-no-state-XMUYuE/harness/upstream/planning-with-files
✔ update --no-state applies the candidate without creating or changing state (553.106333ms)
✔ update --no-state failure leaves existing state byte-identical (39.295083ms)
Fetched 1 upstream candidate(s): /private/var/folders/1_/m2vfg4n10n9_50cz0bmvnmx80000gn/T/harness-update-leaf-7Igyc5/.harness/upstream-candidates/planning-with-files
Updated 1 upstream source(s): /private/var/folders/1_/m2vfg4n10n9_50cz0bmvnmx80000gn/T/harness-update-leaf-7Igyc5/harness/upstream/planning-with-files
✔ updateCommand resolves the authority root from a nested leaf directory (518.119917ms)
Updated 1 upstream source(s): /private/var/folders/1_/m2vfg4n10n9_50cz0bmvnmx80000gn/T/harness-update-symlink-PNBnEq/harness/upstream/planning-with-files
✔ updateCommand preserves relative symlinks from the candidate (64.88ms)
Fetched 1 upstream candidate(s): /private/var/folders/1_/m2vfg4n10n9_50cz0bmvnmx80000gn/T/harness-update-language-prune-9QUSW0/.harness/upstream-candidates/planning-with-files
Updated 1 upstream source(s): /private/var/folders/1_/m2vfg4n10n9_50cz0bmvnmx80000gn/T/harness-update-language-prune-9QUSW0/harness/upstream/planning-with-files
✔ updateCommand prunes retired language variants and keeps the en/zh/zht allow-list (471.292167ms)
Fetched 1 upstream candidate(s): /private/var/folders/1_/m2vfg4n10n9_50cz0bmvnmx80000gn/T/harness-update-language-guard-QKaIz5/.harness/upstream-candidates/planning-with-files
✔ updateCommand rejects unknown language variants and leaves the current target unchanged (451.609958ms)
Fetched 1 upstream candidate(s): /private/var/folders/1_/m2vfg4n10n9_50cz0bmvnmx80000gn/T/harness-update-i18n-promote-ozTJZM/.harness/upstream-candidates/planning-with-files
Updated 1 upstream source(s): /private/var/folders/1_/m2vfg4n10n9_50cz0bmvnmx80000gn/T/harness-update-i18n-promote-ozTJZM/harness/upstream/planning-with-files
✔ updateCommand promotes known nested i18n variants, prunes retired ones, and drops the i18n directory (583.075584ms)
Fetched 1 upstream candidate(s): /private/var/folders/1_/m2vfg4n10n9_50cz0bmvnmx80000gn/T/harness-update-i18n-guard-Znabdu/.harness/upstream-candidates/planning-with-files
✔ updateCommand rejects unknown nested i18n variants and leaves the current target unchanged (423.733709ms)
Fetched 1 upstream candidate(s): /private/var/folders/1_/m2vfg4n10n9_50cz0bmvnmx80000gn/T/harness-update-sync-boundary-w6iFsn/.harness/upstream-candidates/planning-with-files
Updated 1 upstream source(s): /private/var/folders/1_/m2vfg4n10n9_50cz0bmvnmx80000gn/T/harness-update-sync-boundary-w6iFsn/harness/upstream/planning-with-files
✔ updateCommand leaves IDE projections to later sync (488.079167ms)
Fetched 1 upstream candidate(s): /private/var/folders/1_/m2vfg4n10n9_50cz0bmvnmx80000gn/T/harness-update-overlay-cH4AQH/.harness/upstream-candidates/planning-with-files
Updated 1 upstream source(s): /private/var/folders/1_/m2vfg4n10n9_50cz0bmvnmx80000gn/T/harness-update-overlay-cH4AQH/harness/upstream/planning-with-files
✔ updateCommand reapplies a declared overlay after replacing the upstream source (658.438ms)
✔ updateCommand rejects source metadata that targets harness core (45.134125ms)
✔ normalizeUpstreamSource applies legacy branch-head defaults (3.252459ms)
✔ loadUpstreamSourceConfig normalizes schema v2 sources (3.845709ms)
✔ loadSourceLock ignores legacy source-head records when no authoritative lock exists (7.656458ms)
✔ writeSourceLock persists the lock document to the default path (6.703416ms)
✔ compareResolvedFingerprints reports changes when the resolved commit moves (1.3825ms)
✔ loadUpstreamSources exposes exactly the planning-with-files source (4.843166ms)
✔ source lock contains exactly the planning-with-files entry (0.571417ms)
✔ upstream paths are constrained to harness/upstream (8.214875ms)
✔ candidate paths are constrained to local harness state (0.182375ms)
✔ stageGitCandidate clones a git source into local candidate state (270.945583ms)
✔ loadResolvedSourceForFetch reads the authoritative source lock entry (5.200333ms)
✔ loadResolvedSourceForFetch does not direct callers to the retired upstream-lock command (5.559334ms)
✔ ux-design is self-contained, portable, and its referenced resources are reachable (7.053792ms)
✔ ux-design keeps intent, observables, two passes, rendered inspection and evidence states (1.355833ms)
✔ removing a design safeguard clause fails the contract (2.579792ms)
✔ the design contract distinguishes authority and supports decision-first plus audit reading (1.62375ms)
✔ rendered verification defines a tool-neutral frame inspection loop (1.157459ms)
✔ the measurement contract separates perceptual and structural evidence with precise predicates (1.159458ms)
✔ removing a measurement safeguard clause fails the contract (0.656292ms)
✔ rendered verification runs the measurement layer before visual inspection (0.36225ms)
✔ the dev routing surface runs measurement before visual inspection when a browser is available (0.65925ms)
✔ the correction loop preserves reproducible runs and guards against overfitting (1.0825ms)
✔ routing surfaces select ux-design for visual work and keep its boundaries (1.28475ms)
✔ the adoption registration points at the real skill source and the receipt stays byte-owned (0.643375ms)
✔ provenance records both sources, the adaptation scope, and no benefit claim (1.616833ms)
✔ workspace-link creates a stable authority-root override for the current leaf workspace (2399.402416ms)
✔ workspace-link rewrites an existing authority-root override deterministically (2024.603625ms)
✔ workspace-link rejects external authority roots that do not contain the current leaf workspace (3611.342708ms)
✔ workspace-link refuses to write inside the authority root without --force (1718.498875ms)
✔ workspace-link can force-write an override from the authority root (2285.662416ms)
✔ resolveWorktreeNaming uses the explicit task as the task slug (3806.548875ms)
✔ resolveWorktreeNaming detects a single active planning task automatically (3899.714208ms)
✔ resolveWorktreeNaming falls back to the current branch only when planning is unavailable (4264.399458ms)
✔ resolveWorktreeNaming starts sequence allocation at 001 when no prior labels exist (3696.523583ms)
✔ resolveWorktreeNaming increments sequence when progress already records prior labels (3580.801167ms)
✔ resolveWorktreeNaming applies namespace only to the branch name (3395.788666ms)
✔ worktree-preflight --safety reports remote, risk assessment, and checkpoint guidance (7487.318208ms)
✔ worktree-preflight prints naming suggestions in text output (4492.79125ms)
✔ worktree-preflight --json includes naming suggestions without changing base recommendation (4600.191458ms)
✔ worktree-preflight --task resolves naming when multiple active tasks exist (3328.532667ms)
✔ worktree-preflight resolves authority root when run from a nested leaf directory (2394.618292ms)
✔ worktree-preflight --safety treats placeholder risk assessment rows as missing (2841.1195ms)
✔ worktree-preflight --safety reports checkpoint-push readiness problems for detached HEAD (5116.625583ms)
✔ worktree-preflight --task --safety resolves the explicit task with multiple active tasks (2693.102416ms)
✔ worktree-preflight --safety stays fail-closed and ambiguous with multiple active tasks and no --task (2170.609292ms)
✔ worktree-preflight --task --safety blocks a missing selected task (2575.655083ms)
✔ worktree-preflight --task --safety blocks a selected task that is not active (2454.149916ms)
✔ T01 cumulative windows count reasoning only once (14.15925ms)
✔ T02 exclusive sum and inclusive overlap (3.80475ms)
✔ T03 reset, missing start components, cache and reasoning propagate independently (6.030875ms)
✔ T04 malformed schema, tokens and scope graphs fail closed (8.222417ms)
✔ T05 retries include failure resources and cannot erase quality failure (2.037584ms)
✔ T06 complete fixture computes both rounds and renders all pairs (1.551167ms)
✔ T07 second round regression or equality is not supported (6.21375ms)
✔ T08 missing runs and measurements or authenticated configurations remain unproven (30.060417ms)
✔ T09 quality failure, mismatched inputs/tools/instructions and unreviewed quality (3.789375ms)
✔ T10 zero denominator and cost transfer need explicit review (23.154167ms)
✔ T11 CLI help, errors and unproven success semantics (1248.255292ms)
✔ T12 immutable deterministic pure functions and CLI isolation (134.410667ms)
✔ T13 strict missing/extra keys and explicit unknown reasons (1.400958ms)
✔ T14 attempt identity, sequence and placeholders (1.480042ms)
✔ T15 partial resources and shared overhead never become complete totals (0.840583ms)
✔ T16 quality priority remains separate from comparability/resources (3.303333ms)
✔ strategy cohort permits only its preregistered configuration (1.102917ms)
✔ method comparisons reject across-round drift even when each pair matches (1.168083ms)
✔ unknown accounting, zero cache and isolated inclusive scopes (2.116167ms)
✔ counter delta inconsistencies and arithmetic overflow fail closed (2.427917ms)
✔ missing secondary action evidence cannot prove no cost transfer (0.731791ms)
✔ ISO timestamps reject impossible dates rather than silently normalize them (0.427625ms)
✔ review regression: each missing usage component requires its corresponding reason (0.810709ms)
✔ review regression: Markdown preserves all quality dimensions and reviewer pointers (1.05575ms)
✔ shared cost exclusion exposes missing data and still requires attribution review (1.462083ms)
✔ totalTokens primary reports token totals independent of cache discount (0.59125ms)
✔ unknown shared accounting cannot be overridden by an attribution assertion (0.42675ms)
✔ unknown shared attribution precedes non-improvement without hiding observed regression (1.32225ms)
✔ Markdown exposes primary totalTokens and secondary freshTokens for every pair (0.5095ms)
Usage: ./scripts/harness token-audit [--sessions-root <path>] [--date-from <iso>] [--date-to <iso>]

Options:
  --sessions-root <path>  Read rollout JSONL from the given directory instead of ~/.codex/sessions
  --date-from <iso>       Inclusive ISO timestamp for the audit window start
  --date-to <iso>         Inclusive ISO timestamp for the audit window end
  --help, -h              Show this help message
✔ token-audit command and Trio evaluator remain runnable after the retired runtime helper is absent (1871.404959ms)
✔ runTokenAudit aggregates weekly rollout logs into stable workspace and thread summaries (42.652166ms)
✔ runTokenAudit rejects invalid explicit audit window values (0.840625ms)
✔ runTokenAudit prefers explicit thread_source metadata over legacy source (6.377625ms)
✔ runTokenAudit keeps ordered mixed model transitions without allocating tokens to a model (6.984667ms)
✔ runTokenAudit falls back to recursive rollout discovery and skips incomplete sessions (5.301959ms)
✔ runTokenAudit uses the default home sessions root and renders empty leaderboards when no sessions are present (2.67825ms)
✔ runTokenAudit skips malformed, timestampless, and out-of-window sessions while keeping deterministic ties (11.109042ms)
ℹ tests 529
ℹ suites 0
ℹ pass 529
ℹ fail 0
ℹ cancelled 0
ℹ skipped 0
ℹ todo 0
ℹ duration_ms 75706.114959
✔ sha256File returns a lowercase hex digest (18.774125ms)
✔ buildArtifactManifest records versioned artifact names and checksums (9.44575ms)
✔ buildArtifactManifest records both release artifacts with distinct checksums (18.107292ms)
✔ plugin source config exists for the Codex and Agent Plugins targets (11.020041ms)
✔ buildPlugin creates a Codex root with the Trio skills, ChiefOps companion, and harness skills (174.609625ms)
✔ buildPlugin copies harness skills from a .codex-ancestor root while excluding source descendants (292.613042ms)
✔ buildPlugin creates an Agent Plugins root with eight flat skills and a portable manifest (96.504208ms)
✔ Agent Plugins manifest follows the closed portable v1 schema (72.530459ms)
✔ Codex plugin manifest follows the supported manifest shape (70.881041ms)
✔ buildPlugin rejects every non-Codex target (0.674708ms)
✔ both package layouts preserve every declared reference and local SKILL link (156.139791ms)
✔ public installation docs retain only the Codex and Agent Plugins pages (8.875041ms)
✔ profile documentation plane is retired and architecture states the Trio boundary (5.529ms)
✔ non-Codex repository projections are retired and current documents retain the K3 boundary (4.706959ms)
✔ release and installation docs describe the Codex and portable Agent Plugins artifacts (1.6125ms)
✔ Matt companion documentation is opt-in, verified, and independent from Trio (1.701292ms)
✔ Agent Plugins install doc explains portable manual client-owned semantics (1.816709ms)
✔ README names the Trio as the sole durable authority and only seven public commands (1.545958ms)
✔ maintenance docs name only the current upstream source config and lock (0.751292ms)
✔ operator docs describe the Trio and omit retired control surfaces (2.180917ms)
✔ PWF hook-plane docs are retired and Host hooks remain non-authoritative (0.778792ms)
✔ operator docs expose the coding-harness SOP and the direct tracked lane without retired surfaces (2.395083ms)
✔ Matt companion builds use the verified source loader and pass preflight (123.159375ms)
✔ Matt portable validation permits only the three flat companion skills (44.706917ms)
✔ release artifacts are exactly the four 1.1.0 tarballs (473.415542ms)
✔ original core archives carry no companion skill paths (18.52725ms)
✔ native companion archive contains exactly the approved native surface (11.668375ms)
✔ portable companion archive contains exactly the approved flat surface (8.588209ms)
✔ companion archives exclude trio, hooks, mcp, runtime, credential paths (17.492125ms)
✔ companion archives carry truthful overlay provenance (35.976875ms)
✔ core Trio targets and source map remain exact (2.658542ms)
✔ harness skill source map covers the additional SWF skills as directory copies (1.625667ms)
✔ Matt companion family is separate from the core target loop (0.1245ms)
✔ Matt companion contracts provide native and portable layouts (0.166209ms)
✔ Matt companion plugin configurations match their package contracts (8.055625ms)
✔ approved inventory matches the locked v1.2.3 corpus (3.9485ms)
✔ real corpus verifies and loads (19.004458ms)
✔ rejects unsupported skill in metadata inventory (16.220542ms)
✔ rejects unexpected top-level corpus entries (14.696375ms)
✔ rejects missing body (22.428167ms)
✔ rejects altered body (24.1945ms)
✔ rejects missing license (31.01225ms)
✔ rejects altered license (16.260958ms)
✔ rejects missing metadata (17.133833ms)
✔ rejects altered provenance metadata (18.98775ms)
✔ rejects altered metadata digest (24.180583ms)
✔ rejects missing skill entry in metadata (27.398833ms)
✔ rejects missing bodyPatch (57.596834ms)
✔ rejects non-false bodyPatch (38.115542ms)
✔ loadMattSkillsSource throws on verification failure (36.511583ms)
✔ overlay replaces grilling body without touching the pinned corpus (14.144458ms)
✔ packPlugin creates a versioned plugin tarball with plugin root contents (257.107542ms)
✔ packPlugin creates a versioned Agent Plugins tarball with flat portable skills (125.559125ms)
✔ buildAll creates core and Matt companion release artifacts, manifest, checksums, and notes (302.585709ms)
✔ root package is a private workspace orchestrator at release version (8.418416ms)
✔ retired local development profiles and policy are physically absent (1.859666ms)
✔ platform contracts define the Codex and Agent Plugins plugin targets (4.522042ms)
✔ platform contract encodes the Codex skills-only constraint (0.208792ms)
✔ agent-plugins contract is a flat skills-only portable package (0.282834ms)
✔ both targets are generated from one shared Trio skill source map (0.329125ms)
✔ both targets also bundle the additional Harness-owned SWF skills (0.237292ms)
✔ validateBuiltPlugin accepts a generated Codex Trio plugin root (123.361834ms)
✔ validateBuiltPlugin reports missing required files (86.654416ms)
✔ validateBuiltPlugin rejects an entire runtime directory (74.546917ms)
✔ validateBuiltPlugin accepts a generated Agent Plugins portable root (117.876875ms)
✔ portable validation rejects a wrong schema URL (101.079875ms)
✔ portable validation rejects fields outside the closed manifest schema (54.595875ms)
✔ portable validation enforces the lowercase package-name constraint (97.762167ms)
✔ portable validation rejects a non-object top-level manifest (46.463959ms)
✔ portable validation rejects non-string manifest fields (81.901667ms)
✔ portable validation rejects malformed author objects (59.984917ms)
✔ portable validation rejects malformed keywords arrays (52.318166ms)
✔ portable validation rejects malformed extensions objects (47.268291ms)
✔ portable validation accepts a schema-valid non-semver version string (39.101ms)
✔ portable validation rejects nested skill discovery (39.246375ms)
✔ portable validation rejects frontmatter name that does not match its directory (37.876042ms)
✔ portable validation rejects missing or blank skill descriptions (55.847417ms)
✔ portable validation rejects skill descriptions longer than 1024 characters (40.690208ms)
✔ portable validation rejects symlinks and proves regular-file containment (41.487417ms)
✔ portable validation requires the exact immediate skill directory set (37.222083ms)
✔ portable validation accepts multi-file harness skills without nested discovery (47.994667ms)
✔ smokeReleaseArtifacts preflights core and Matt companion artifacts (446.443125ms)
ℹ tests 82
ℹ suites 0
ℹ pass 82
ℹ fail 0
ℹ cancelled 0
ℹ skipped 0
ℹ todo 0
ℹ duration_ms 1866.743375

> superpowering-with-files@2.0.1 preverify:homepage
> node scripts/ensure-homepage-deps.mjs


> superpowering-with-files@2.0.1 verify:homepage
> npm run typecheck --prefix homepage && npm test --prefix homepage && npm run build --prefix homepage


> superpowering-with-files-homepage@0.1.0 typecheck
> tsc --noEmit


> superpowering-with-files-homepage@0.1.0 test
> node --test src/*.test.mjs

✔ defines the approved five-section homepage flow with matching content keys (2.303333ms)
✔ locks the Trio v2 public story and CTA hierarchy (0.351416ms)
✔ captures every required Trio v2 public boundary without retired claims (0.802333ms)
✔ defines search-ready title, description, canonical, robots, and theme color (1.316208ms)
✔ defines Open Graph and Twitter metadata for repository sharing (0.183792ms)
✔ links a local favicon asset from the homepage shell (0.088333ms)
✔ points social sharing metadata at a published image asset and favicon files (0.567375ms)
✔ keeps V2 host, planning, fallback, and runtime facts aligned across metadata and JSON-LD (2.1025ms)
✔ derives rendered section order from homepageSectionOrder (1.142166ms)
✔ defines renderers for every approved homepage section in contract order (1.47375ms)
✔ keeps one hero proof cluster and the simplified section modules (0.181375ms)
✔ keeps the Paper & Ink token contract and the dark proof surface (1.627209ms)
✔ v2 restraint: no serif display, no gradients, no glass (0.339583ms)
✔ defines the key layout hooks used by the homepage (0.1365ms)
✔ includes sticky navigation and responsive single-column collapse (0.123916ms)
✔ redirects the bare homepage prefix to the slash form (1.128833ms)
✔ rewrites the homepage shell path to the asset root (0.108625ms)
✔ strips the homepage prefix from built asset requests (0.262417ms)
✔ preserves query strings when rewriting asset requests (0.169584ms)
✔ rejects paths outside the homepage prefix (0.2115ms)
ℹ tests 20
ℹ suites 0
ℹ pass 20
ℹ fail 0
ℹ cancelled 0
ℹ skipped 0
ℹ todo 0
ℹ duration_ms 155.692292

> superpowering-with-files-homepage@0.1.0 build
> vite build

vite v8.0.12 building client environment for production...
[2Ktransforming...✓ 17 modules transformed.
rendering chunks...
computing gzip size...
dist/index.html                   3.10 kB │ gzip:  0.87 kB
dist/assets/index-BFkYH2Pj.css   10.90 kB │ gzip:  2.81 kB
dist/assets/index-CvotP-sn.js   203.85 kB │ gzip: 63.68 kB │ map: 859.12 kB

✓ built in 137ms

> superpowering-with-files@2.0.1 verify:render
> node --test --test-concurrency=1 tests/render-verify/*.test.mjs

✔ navigation timeout is caught while the navigation command is still pending (73.11675ms)
✔ failed navigation does not leave an unhandled load-event timeout (22.394667ms)
✔ unanswered CDP commands time out and remove their pending request (266.725667ms)
✔ synchronous socket send failure removes its pending request (0.814458ms)
✔ browser centered PASS fixture (1835.026291ms)
✔ browser centered FAIL fixture (1434.838ms)
✔ browser leading-flush PASS fixture (1705.669083ms)
✔ browser leading-flush FAIL fixture (1682.660375ms)
✔ browser equal-to-probe PASS fixture (1525.728417ms)
✔ browser equal-to-probe FAIL fixture (1705.158333ms)
✔ browser no-horizontal-overflow PASS fixture (1381.7785ms)
✔ browser no-horizontal-overflow FAIL fixture (1464.195083ms)
✔ browser no-clip PASS fixture (1310.539916ms)
✔ browser no-clip FAIL fixture (1257.001459ms)
✔ browser single-layer PASS fixture (1430.700625ms)
✔ browser single-layer FAIL fixture (1784.121666ms)
✔ browser min-size PASS fixture (1368.950458ms)
✔ browser min-size FAIL fixture (1361.698542ms)
✔ browser rule-present PASS fixture (1655.976333ms)
✔ browser rule-present FAIL fixture (1512.22ms)
✔ browser no-page-errors PASS fixture (1427.621542ms)
✔ browser no-page-errors FAIL fixture (1479.3905ms)
✔ static server rejects traversal and symlink escape (33.419666ms)
✔ missing Chrome is an explicit environment-limited exit 3 (181.629917ms)
✔ settle records fonts and image readiness and --shot writes a PNG (1457.25925ms)
✔ settle timeout is bounded and returns environment-limited exit 3 (1983.824542ms)
✔ combined checks retain one selector measurement for multiple invariants (2264.089084ms)
✔ malformed explicit checks fail closed instead of defaulting to no-page-errors (225.253541ms)
ℹ tests 28
ℹ suites 0
ℹ pass 28
ℹ fail 0
ℹ cancelled 0
ℹ skipped 0
ℹ todo 0
ℹ duration_ms 34649.092458
EXIT=0
