
> superpowering-with-files@2.0.1 verify:trio
> node --test tests/trio/authority-parity.test.mjs tests/trio/command-read.test.mjs tests/trio/decision.test.mjs tests/trio/decision-accuracy.test.mjs tests/trio/dev-capability.test.mjs tests/trio/dev-evidence.test.mjs tests/trio/host-routing.test.mjs tests/trio/install-upgrade.test.mjs tests/trio/lifecycle.test.mjs tests/trio/office-capability.test.mjs tests/trio/office-evidence.test.mjs tests/trio/permission-routing.test.mjs tests/trio/projection.test.mjs tests/trio/read.test.mjs tests/trio/recovery.test.mjs tests/trio/routing.test.mjs tests/trio/model-routing.test.mjs tests/trio/safety-capability.test.mjs tests/trio/shadow-gate.test.mjs tests/trio/store.test.mjs tests/trio/vocabulary.test.mjs && node tests/trio/import-boundaries.test.mjs --milestone final

✔ Trio Core authority resolves the nearest ancestor harness marker from a nested cwd (79.3725ms)
✔ Core authority preserves explicit, override, environment, and git-boundary behavior (157.966875ms)
✔ retired runtime authority modules are absent and installer consumers import Trio Core directly (11.283458ms)
✔ trioCommand status resolves a unique active task without --task and preserves file bytes (37.753ms)
✔ trioCommand status --summary returns the exact recorded summary for an explicit task (16.971708ms)
✔ trioCommand status --summary honors an explicit task when multiple active tasks exist (8.157959ms)
✔ trioCommand rejects summary without an explicit task or with an attached value before any read/write (7.524042ms)
✔ trioCommand CLI status --summary emits one JSON record with no stdout pollution (471.971417ms)
✔ trioCommand summary keeps exact-reader failures and empty content fail-closed (82.696792ms)
✔ trioCommand summary refreshes source text and hash after findings drift (31.333333ms)
✔ trioCommand summary preserves terminal status without lifecycle side effects (10.925334ms)
✔ trio next fails closed without a declared work role and makes no model decision (25.222917ms)
✔ trioCommand calculates next --dry-run without writing or creating a Trio (10.663458ms)
✔ trioCommand routes quick no-Trio work inline without reading or creating Trio files (2.009291ms)
✔ trioCommand returns create-trio only for definite tracked no-Trio cases (2.675542ms)
✔ trioCommand fails closed for multiple or corrupt tasks and invalid explicit task IDs (27.623084ms)
✔ verify all runs the final Trio inventory before legacy backstops (1.753375ms)
✔ trio next --dry-run exposes role and complexity decisions without writing (33.706041ms)
✔ trio next rejects execution overrides and unknown role or complexity input (17.993792ms)
✔ trio next records structured Chief override provenance and stays read-only (41.599584ms)
✔ trio write commands render JSON-serializable reports to a captured stdout writer (185.4785ms)
✔ ground truth covers every fixture case with a declared vocabulary value (67.142542ms)
✔ the transition field now expresses every truth value in the vocabulary (15.172833ms)
✔ a recorded infrastructure failure is consumed: the gate recommends retry, not done (1.211125ms)
✔ the committed accuracy report is reproducible and keeps the two gate columns distinct (4.816667ms)
✔ decision vocabulary is frozen and labels every question with its evidence class (3.259083ms)
✔ validateDecisionRequest accepts a canonical request and rejects unknown bundles, questions and kinds (2.083167ms)
✔ validateDecisionResponse requires provenance and rejects out-of-scale or mistyped answers (2.934959ms)
✔ resolvePlanReady requires every plan question and treats a blocking unknown as not ready (0.50075ms)
✔ resolveActionGate only escalates to policy and never authorises (0.178792ms)
✔ resolveNextState covers every outcome and never escalates intelligence on infrastructure failure (1.543292ms)
✔ resolveReleaseState never returns allowed from readiness alone (0.799625ms)
✔ resolveComposites and transitionRecommendationOf dispatch per bundle (0.496834ms)
✔ evaluateDecision answers from operator input or deterministic evidence and reports what is unevaluable (2.666709ms)
✔ decision trace round-trips locally and never accepts chain-of-thought (20.07925ms)
✔ classifyFailure separates infrastructure from cognitive failure and never escalates on infrastructure (0.364333ms)
✔ shadow fixtures cover every evaluation row and replay deterministically (16.276ms)
✔ five shared skill identities survive extraction and local support resolves (32.354708ms)
✔ dev routes risk-relevant proof and preserves existing evidence (2.042541ms)
✔ dev recovery and delivery terms preserve scope and evidence boundaries (28.522458ms)
✔ semantic proof safeguards cannot be removed while wording can change (13.286208ms)
✔ routing distinguishes direct completion from delegated acceptance (2.961083ms)
✔ completion requires authorized verification and repair while preserving real stops (2.103833ms)
✔ entry template delegates detail and retains only routing and authority boundaries (5.343833ms)
✔ ChiefOps selected delegation preserves frozen scope and Host lifecycle safeguards (2.872ms)
✔ ChiefOps selective intake keeps quick work direct and Linear optional (2.345459ms)
✔ ChiefOps day and night handoff preserves readiness and head-bound proof (1.207833ms)
✔ ChiefOps closure separates local archive, Linear auto-archive, and Codex archive (0.808958ms)
✔ accepted PR feedback refinements retain all current-head and terminal gates (1.0755ms)
✔ PWF recovery is event driven and retains exactly three durable files (2.965708ms)
✔ overengineering review accepts evidence without fabricated line savings (0.39ms)
✔ PWF templates initialize three files and resume without overwriting state or requiring a companion (703.056875ms)
✔ ChiefOps night queue intake is an explicit, evidence-gated human decision (1.987084ms)
✔ a command result maps to exactly one observed status (2.7645ms)
✔ a timed-out or signalled command is unknown rather than a failed check (0.26825ms)
✔ every declared dev check is reported exactly once (0.178875ms)
✔ an undeclared check id is rejected instead of silently recorded (1.442542ms)
✔ adapter output carries observed facts and no opinion (0.668958ms)
✔ git state is reported as facts without a verdict (0.429375ms)
✔ adapter output satisfies the verify bundle evidence contract (1.99975ms)
✔ collection records what a runner observed and never throws for a check (0.745167ms)
✔ collection reads git state and survives a failing git reader (0.224875ms)
✔ collection rejects an undeclared or duplicated command set (0.452625ms)
✔ the adapter stays provider-neutral and adds no model vocabulary (9.013209ms)
✔ deterministic serialization is stable for identical observations (0.368125ms)
✔ resolveHostOperation selects a native subagent with exact route evidence (5.72075ms)
✔ default non-spawn operations remain manual regardless of visible identity claims (5.920208ms)
✔ default execution keeps lifecycle identity evidence manual when only visible capability exists (3.03825ms)
✔ generic host adapter fails closed to a bounded manual pending descriptor (0.874958ms)
✔ Host routing selects a native subagent and then falls back to manual pending (1.240792ms)
✔ default execution selects a safe native subagent even when a visible worker is available (0.532708ms)
✔ native descriptors snapshot the validated packet before binding its digest (0.497584ms)
✔ packet aliases retain their native delegation policy (1.095167ms)
✔ packet aliases retain their legacy strict topology (0.3625ms)
✔ spawn routes do not inherit an old visible worker identity, status, or actual model evidence (0.597666ms)
✔ native subagents cannot be selected for non-spawn operations without a native child identity (1.001667ms)
✔ manual capability evidence preserves observed native support when safety is unbound (0.653875ms)
✔ Codex host adapter normalizes explicit observations without executing an operation (0.695208ms)
✔ Host capability support is operation-scoped across supported, unsupported, and unknown states (2.302208ms)
✔ Host routing ignores unauthenticated and request-side actual model claims (0.563292ms)
✔ Host worker candidate status remains manual without a visible route (0.74075ms)
✔ Host operation descriptors support spawn, continue, status, interrupt, and collect without visible routes (0.418041ms)
✔ strict primary execution retires even when a visible worker is available (0.500709ms)
✔ strict primary execution never falls back to a native subagent (0.50475ms)
✔ strict primary execution fails closed when no visible worker capability is observed (0.448166ms)
✔ R2/R3 valid strict input retires all five Host operations without visible or native fallback (1.306209ms)
✔ R4 default operations with only an authenticated visible capability never produce a visible route (0.788667ms)
✔ R12 preserves historical visible_worker vocabulary and parses released legacy lane evidence (0.385541ms)
✔ non-strict primary execution keeps the native-first to manual chain (0.311833ms)
✔ assignment packets carry topology intent inside capability without a new top-level field (0.096791ms)
✔ capability.childDelegation = prohibited denies any native child route even with a valid child envelope (0.215167ms)
✔ strict visible-worker-required packet retires before childDelegation policy evaluation (0.161167ms)
✔ explicit child delegation policies do not revive retired strict packets (0.265333ms)
✔ legacy non-strict packets without childDelegation preserve native subagent compatibility (4.92425ms)
✔ unknown childDelegation values fail closed before native child acceptance (1.803375ms)
✔ unknown capability.executionMode values fail closed before native child acceptance (1.892917ms)
✔ unknown primary execution mode values fail closed (0.641166ms)
✔ R11 foundational errors precede strict retirement while topology policy stays retired-first (12.134541ms)
✔ static capability configuration alone grants no dynamic child permission (2.068667ms)
✔ Host routing validates packet and outer model policy before retiring strict topology (1.3505ms)
✔ packet capability validation runs before every Host route decision (35.815708ms)
✔ host operations fail closed without a declared work role or execution complexity (2.916625ms)
✔ packet digest authentication cannot expose actual worker facts without a visible route (2.345708ms)
✔ child requests must carry a bound model and effort no wider than the parent (14.54975ms)
✔ a strict unavailable Host returns manual_pending with the intact packet and digest (0.808542ms)
✔ adapter vocabulary reserves claude_code and pi as unimplemented (0.323084ms)
✔ Codex adapter maps provider-neutral permission intent without claiming Host application (2.677459ms)
✔ Codex adapter keeps an out-of-scope request blocked before any manual gate (0.491083ms)
✔ Codex adapter surfaces bound actual permission only with authenticated digest evidence and never applies it (4.442416ms)
✔ Codex adapter treats a missing requested approval policy as unbound even with fully authenticated actual evidence (6.886209ms)
✔ Codex adapter keeps partial authenticated evidence manual_pending when writable roots are absent (42.223625ms)
✔ Codex adapter keeps partial authenticated evidence manual_pending when reviewer state is absent (2.477125ms)
✔ Codex adapter keeps generated .agents targets blocked when generatedTargets is an empty list (0.345375ms)
✔ Codex adapter keeps the user-global .codex/AGENTS.md projection generated and blocked (0.26525ms)
✔ Host awaiting_approval remains recognized while visible lifecycle continuation stays manual (16.01325ms)
✔ same semantic lane in awaiting_approval blocks a new spawn even with a different output root (4.898833ms)
✔ blocked and unaccepted candidate_done lanes keep the semantic lane reserved until an authenticated Chief release (31.806917ms)
✔ only an explicitly distinct frozen slice identity admits an independent dispatch lane (0.53075ms)
✔ a revised packet digest for the same task and frozen slice cannot open a reserved semantic lane (0.414833ms)
✔ reserved lanes without task or current-slice identity fail closed on non-overlapping spawns (1.090791ms)
✔ task and frozen slice identity alone reserve a lane even without a packet digest (0.181875ms)
✔ every unreleased active status reserves the same task and frozen slice semantic lane (7.940959ms)
✔ a packet-less legacy spawn facing a fully identified active lane is pending, not independent (10.7985ms)
✔ an unresolved worktree clientThreadId blocks a fallback spawn until that exact setup resolves (0.659709ms)
✔ Host create-attempt accounting allows one bounded correction then manual_pending (2.051125ms)
✔ Codex adapter keeps the requested approval policy separate from authenticated actual Host evidence (2.617583ms)
✔ production selectors require an explicit fixture bridge before any legacy dependency (49.52475ms)
{
  "runtime": "trio",
  "mode": "fresh",
  "writes": [
    "/private/var/folders/1_/m2vfg4n10n9_50cz0bmvnmx80000gn/T/trio-v2-production-fresh-iRCQrt/authority/AGENTS.md",
    "/private/var/folders/1_/m2vfg4n10n9_50cz0bmvnmx80000gn/T/trio-v2-production-fresh-iRCQrt/authority/.agents/skills/trio/SKILL.md",
    "/private/var/folders/1_/m2vfg4n10n9_50cz0bmvnmx80000gn/T/trio-v2-production-fresh-iRCQrt/authority/.agents/skills/trio/dev/SKILL.md",
    "/private/var/folders/1_/m2vfg4n10n9_50cz0bmvnmx80000gn/T/trio-v2-production-fresh-iRCQrt/authority/.agents/skills/trio/office/SKILL.md",
    "/private/var/folders/1_/m2vfg4n10n9_50cz0bmvnmx80000gn/T/trio-v2-production-fresh-iRCQrt/authority/.agents/skills/trio/safety/SKILL.md",
    "/private/var/folders/1_/m2vfg4n10n9_50cz0bmvnmx80000gn/T/trio-v2-production-fresh-iRCQrt/authority/.agents/skills/chiefops/SKILL.md",
    "/private/var/folders/1_/m2vfg4n10n9_50cz0bmvnmx80000gn/T/trio-v2-production-fresh-iRCQrt/authority/.agents/skills/trio/references/execution.md",
    "/private/var/folders/1_/m2vfg4n10n9_50cz0bmvnmx80000gn/T/trio-v2-production-fresh-iRCQrt/authority/.agents/skills/trio/dev/references/methods.md",
    "/private/var/folders/1_/m2vfg4n10n9_50cz0bmvnmx80000gn/T/trio-v2-production-fresh-iRCQrt/authority/.agents/skills/trio/dev/references/review.md",
    "/private/var/folders/1_/m2vfg4n10n9_50cz0bmvnmx80000gn/T/trio-v2-production-fresh-iRCQrt/authority/.agents/skills/trio/dev/references/pr-feedback.md",
    "/private/var/folders/1_/m2vfg4n10n9_50cz0bmvnmx80000gn/T/trio-v2-production-fresh-iRCQrt/authority/.agents/skills/chiefops/references/delegated-execution.md",
    "/private/var/folders/1_/m2vfg4n10n9_50cz0bmvnmx80000gn/T/trio-v2-production-fresh-iRCQrt/authority/.agents/skills/trio/office/references/source-backed-work.md",
    "/private/var/folders/1_/m2vfg4n10n9_50cz0bmvnmx80000gn/T/trio-v2-production-fresh-iRCQrt/authority/.agents/skills/trio/office/references/artifact-and-delivery.md"
  ],
  "conflicts": []
}
{
  "schemaVersion": 2,
  "runtime": "trio",
  "mode": "dry-run",
  "descriptors": [
    {
      "targetId": "codex",
      "surface": "entry",
      "destination": "/private/var/folders/1_/m2vfg4n10n9_50cz0bmvnmx80000gn/T/trio-v2-production-fresh-iRCQrt/authority/AGENTS.md",
      "action": "update",
      "execution": "managed",
      "conflict": false
    },
    {
      "targetId": "codex",
      "surface": "trio",
      "destination": "/private/var/folders/1_/m2vfg4n10n9_50cz0bmvnmx80000gn/T/trio-v2-production-fresh-iRCQrt/authority/.agents/skills/trio/SKILL.md",
      "action": "update",
      "execution": "managed",
      "conflict": false
    },
    {
      "targetId": "codex",
      "surface": "dev",
      "destination": "/private/var/folders/1_/m2vfg4n10n9_50cz0bmvnmx80000gn/T/trio-v2-production-fresh-iRCQrt/authority/.agents/skills/trio/dev/SKILL.md",
      "action": "update",
      "execution": "managed",
      "conflict": false
    },
    {
      "targetId": "codex",
      "surface": "office",
      "destination": "/private/var/folders/1_/m2vfg4n10n9_50cz0bmvnmx80000gn/T/trio-v2-production-fresh-iRCQrt/authority/.agents/skills/trio/office/SKILL.md",
      "action": "update",
      "execution": "managed",
      "conflict": false
    },
    {
      "targetId": "codex",
      "surface": "safety",
      "destination": "/private/var/folders/1_/m2vfg4n10n9_50cz0bmvnmx80000gn/T/trio-v2-production-fresh-iRCQrt/authority/.agents/skills/trio/safety/SKILL.md",
      "action": "update",
      "execution": "managed",
      "conflict": false
    },
    {
      "targetId": "codex",
      "surface": "chiefops",
      "destination": "/private/var/folders/1_/m2vfg4n10n9_50cz0bmvnmx80000gn/T/trio-v2-production-fresh-iRCQrt/authority/.agents/skills/chiefops/SKILL.md",
      "action": "update",
      "execution": "managed",
      "conflict": false
    },
    {
      "targetId": "codex",
      "surface": "trio/references/execution.md",
      "destination": "/private/var/folders/1_/m2vfg4n10n9_50cz0bmvnmx80000gn/T/trio-v2-production-fresh-iRCQrt/authority/.agents/skills/trio/references/execution.md",
      "action": "update",
      "execution": "managed",
      "conflict": false
    },
    {
      "targetId": "codex",
      "surface": "dev/references/methods.md",
      "destination": "/private/var/folders/1_/m2vfg4n10n9_50cz0bmvnmx80000gn/T/trio-v2-production-fresh-iRCQrt/authority/.agents/skills/trio/dev/references/methods.md",
      "action": "update",
      "execution": "managed",
      "conflict": false
    },
    {
      "targetId": "codex",
      "surface": "dev/references/review.md",
      "destination": "/private/var/folders/1_/m2vfg4n10n9_50cz0bmvnmx80000gn/T/trio-v2-production-fresh-iRCQrt/authority/.agents/skills/trio/dev/references/review.md",
      "action": "update",
      "execution": "managed",
      "conflict": false
    },
    {
      "targetId": "codex",
      "surface": "dev/references/pr-feedback.md",
      "destination": "/private/var/folders/1_/m2vfg4n10n9_50cz0bmvnmx80000gn/T/trio-v2-production-fresh-iRCQrt/authority/.agents/skills/trio/dev/references/pr-feedback.md",
      "action": "update",
      "execution": "managed",
      "conflict": false
    },
    {
      "targetId": "codex",
      "surface": "chiefops/references/delegated-execution.md",
      "destination": "/private/var/folders/1_/m2vfg4n10n9_50cz0bmvnmx80000gn/T/trio-v2-production-fresh-iRCQrt/authority/.agents/skills/chiefops/references/delegated-execution.md",
      "action": "update",
      "execution": "managed",
      "conflict": false
    },
    {
      "targetId": "codex",
      "surface": "office/references/source-backed-work.md",
      "destination": "/private/var/folders/1_/m2vfg4n10n9_50cz0bmvnmx80000gn/T/trio-v2-production-fresh-iRCQrt/authority/.agents/skills/trio/office/references/source-backed-work.md",
      "action": "update",
      "execution": "managed",
      "conflict": false
    },
    {
      "targetId": "codex",
      "surface": "office/references/artifact-and-delivery.md",
      "destination": "/private/var/folders/1_/m2vfg4n10n9_50cz0bmvnmx80000gn/T/trio-v2-production-fresh-iRCQrt/authority/.agents/skills/trio/office/references/artifact-and-delivery.md",
      "action": "update",
      "execution": "managed",
      "conflict": false
    }
  ],
  "conflicts": []
}
{
  "schemaVersion": 2,
  "runtime": "trio",
  "mode": "check",
  "descriptors": [
    {
      "targetId": "codex",
      "surface": "entry",
      "destination": "/private/var/folders/1_/m2vfg4n10n9_50cz0bmvnmx80000gn/T/trio-v2-production-fresh-iRCQrt/authority/AGENTS.md",
      "action": "update",
      "execution": "managed",
      "conflict": false
    },
    {
      "targetId": "codex",
      "surface": "trio",
      "destination": "/private/var/folders/1_/m2vfg4n10n9_50cz0bmvnmx80000gn/T/trio-v2-production-fresh-iRCQrt/authority/.agents/skills/trio/SKILL.md",
      "action": "update",
      "execution": "managed",
      "conflict": false
    },
    {
      "targetId": "codex",
      "surface": "dev",
      "destination": "/private/var/folders/1_/m2vfg4n10n9_50cz0bmvnmx80000gn/T/trio-v2-production-fresh-iRCQrt/authority/.agents/skills/trio/dev/SKILL.md",
      "action": "update",
      "execution": "managed",
      "conflict": false
    },
    {
      "targetId": "codex",
      "surface": "office",
      "destination": "/private/var/folders/1_/m2vfg4n10n9_50cz0bmvnmx80000gn/T/trio-v2-production-fresh-iRCQrt/authority/.agents/skills/trio/office/SKILL.md",
      "action": "update",
      "execution": "managed",
      "conflict": false
    },
    {
      "targetId": "codex",
      "surface": "safety",
      "destination": "/private/var/folders/1_/m2vfg4n10n9_50cz0bmvnmx80000gn/T/trio-v2-production-fresh-iRCQrt/authority/.agents/skills/trio/safety/SKILL.md",
      "action": "update",
      "execution": "managed",
      "conflict": false
    },
    {
      "targetId": "codex",
      "surface": "chiefops",
      "destination": "/private/var/folders/1_/m2vfg4n10n9_50cz0bmvnmx80000gn/T/trio-v2-production-fresh-iRCQrt/authority/.agents/skills/chiefops/SKILL.md",
      "action": "update",
      "execution": "managed",
      "conflict": false
    },
    {
      "targetId": "codex",
      "surface": "trio/references/execution.md",
      "destination": "/private/var/folders/1_/m2vfg4n10n9_50cz0bmvnmx80000gn/T/trio-v2-production-fresh-iRCQrt/authority/.agents/skills/trio/references/execution.md",
      "action": "update",
      "execution": "managed",
      "conflict": false
    },
    {
      "targetId": "codex",
      "surface": "dev/references/methods.md",
      "destination": "/private/var/folders/1_/m2vfg4n10n9_50cz0bmvnmx80000gn/T/trio-v2-production-fresh-iRCQrt/authority/.agents/skills/trio/dev/references/methods.md",
      "action": "update",
      "execution": "managed",
      "conflict": false
    },
    {
      "targetId": "codex",
      "surface": "dev/references/review.md",
      "destination": "/private/var/folders/1_/m2vfg4n10n9_50cz0bmvnmx80000gn/T/trio-v2-production-fresh-iRCQrt/authority/.agents/skills/trio/dev/references/review.md",
      "action": "update",
      "execution": "managed",
      "conflict": false
    },
    {
      "targetId": "codex",
      "surface": "dev/references/pr-feedback.md",
      "destination": "/private/var/folders/1_/m2vfg4n10n9_50cz0bmvnmx80000gn/T/trio-v2-production-fresh-iRCQrt/authority/.agents/skills/trio/dev/references/pr-feedback.md",
      "action": "update",
      "execution": "managed",
      "conflict": false
    },
    {
      "targetId": "codex",
      "surface": "chiefops/references/delegated-execution.md",
      "destination": "/private/var/folders/1_/m2vfg4n10n9_50cz0bmvnmx80000gn/T/trio-v2-production-fresh-iRCQrt/authority/.agents/skills/chiefops/references/delegated-execution.md",
      "action": "update",
      "execution": "managed",
      "conflict": false
    },
    {
      "targetId": "codex",
      "surface": "office/references/source-backed-work.md",
      "destination": "/private/var/folders/1_/m2vfg4n10n9_50cz0bmvnmx80000gn/T/trio-v2-production-fresh-iRCQrt/authority/.agents/skills/trio/office/references/source-backed-work.md",
      "action": "update",
      "execution": "managed",
      "conflict": false
    },
    {
      "targetId": "codex",
      "surface": "office/references/artifact-and-delivery.md",
      "destination": "/private/var/folders/1_/m2vfg4n10n9_50cz0bmvnmx80000gn/T/trio-v2-production-fresh-iRCQrt/authority/.agents/skills/trio/office/references/artifact-and-delivery.md",
      "action": "update",
      "execution": "managed",
      "conflict": false
    }
  ],
  "conflicts": []
}
{
  "schemaVersion": 2,
  "runtime": "trio",
  "mode": "apply",
  "descriptors": [
    {
      "targetId": "codex",
      "surface": "entry",
      "destination": "/private/var/folders/1_/m2vfg4n10n9_50cz0bmvnmx80000gn/T/trio-v2-production-fresh-iRCQrt/authority/AGENTS.md",
      "action": "update",
      "execution": "managed",
      "conflict": false
    },
    {
      "targetId": "codex",
      "surface": "trio",
      "destination": "/private/var/folders/1_/m2vfg4n10n9_50cz0bmvnmx80000gn/T/trio-v2-production-fresh-iRCQrt/authority/.agents/skills/trio/SKILL.md",
      "action": "update",
      "execution": "managed",
      "conflict": false
    },
    {
      "targetId": "codex",
      "surface": "dev",
      "destination": "/private/var/folders/1_/m2vfg4n10n9_50cz0bmvnmx80000gn/T/trio-v2-production-fresh-iRCQrt/authority/.agents/skills/trio/dev/SKILL.md",
      "action": "update",
      "execution": "managed",
      "conflict": false
    },
    {
      "targetId": "codex",
      "surface": "office",
      "destination": "/private/var/folders/1_/m2vfg4n10n9_50cz0bmvnmx80000gn/T/trio-v2-production-fresh-iRCQrt/authority/.agents/skills/trio/office/SKILL.md",
      "action": "update",
      "execution": "managed",
      "conflict": false
    },
    {
      "targetId": "codex",
      "surface": "safety",
      "destination": "/private/var/folders/1_/m2vfg4n10n9_50cz0bmvnmx80000gn/T/trio-v2-production-fresh-iRCQrt/authority/.agents/skills/trio/safety/SKILL.md",
      "action": "update",
      "execution": "managed",
      "conflict": false
    },
    {
      "targetId": "codex",
      "surface": "chiefops",
      "destination": "/private/var/folders/1_/m2vfg4n10n9_50cz0bmvnmx80000gn/T/trio-v2-production-fresh-iRCQrt/authority/.agents/skills/chiefops/SKILL.md",
      "action": "update",
      "execution": "managed",
      "conflict": false
    },
    {
      "targetId": "codex",
      "surface": "trio/references/execution.md",
      "destination": "/private/var/folders/1_/m2vfg4n10n9_50cz0bmvnmx80000gn/T/trio-v2-production-fresh-iRCQrt/authority/.agents/skills/trio/references/execution.md",
      "action": "update",
      "execution": "managed",
      "conflict": false
    },
    {
      "targetId": "codex",
      "surface": "dev/references/methods.md",
      "destination": "/private/var/folders/1_/m2vfg4n10n9_50cz0bmvnmx80000gn/T/trio-v2-production-fresh-iRCQrt/authority/.agents/skills/trio/dev/references/methods.md",
      "action": "update",
      "execution": "managed",
      "conflict": false
    },
    {
      "targetId": "codex",
      "surface": "dev/references/review.md",
      "destination": "/private/var/folders/1_/m2vfg4n10n9_50cz0bmvnmx80000gn/T/trio-v2-production-fresh-iRCQrt/authority/.agents/skills/trio/dev/references/review.md",
      "action": "update",
      "execution": "managed",
      "conflict": false
    },
    {
      "targetId": "codex",
      "surface": "dev/references/pr-feedback.md",
      "destination": "/private/var/folders/1_/m2vfg4n10n9_50cz0bmvnmx80000gn/T/trio-v2-production-fresh-iRCQrt/authority/.agents/skills/trio/dev/references/pr-feedback.md",
      "action": "update",
      "execution": "managed",
      "conflict": false
    },
    {
      "targetId": "codex",
      "surface": "chiefops/references/delegated-execution.md",
      "destination": "/private/var/folders/1_/m2vfg4n10n9_50cz0bmvnmx80000gn/T/trio-v2-production-fresh-iRCQrt/authority/.agents/skills/chiefops/references/delegated-execution.md",
      "action": "update",
      "execution": "managed",
      "conflict": false
    },
    {
      "targetId": "codex",
      "surface": "office/references/source-backed-work.md",
      "destination": "/private/var/folders/1_/m2vfg4n10n9_50cz0bmvnmx80000gn/T/trio-v2-production-fresh-iRCQrt/authority/.agents/skills/trio/office/references/source-backed-work.md",
      "action": "update",
      "execution": "managed",
      "conflict": false
    },
    {
      "targetId": "codex",
      "surface": "office/references/artifact-and-delivery.md",
      "destination": "/private/var/folders/1_/m2vfg4n10n9_50cz0bmvnmx80000gn/T/trio-v2-production-fresh-iRCQrt/authority/.agents/skills/trio/office/references/artifact-and-delivery.md",
      "action": "update",
      "execution": "managed",
      "conflict": false
    }
  ],
  "conflicts": []
}
{
  "schemaVersion": 2,
  "runtime": "trio",
  "readable": true,
  "descriptorCount": 13,
  "conflicts": [],
  "mode": "check-only"
}
{
  "schemaVersion": 2,
  "runtime": "trio",
  "opened": true,
  "rendered": false,
  "descriptorCount": 13,
  "conflicts": []
}
✔ production no-state defaults to Trio and uses one scope-aware environment for lifecycle commands (2609.632417ms)
✔ Trio projection passes externally captured target and parent conditions to every publication (960.124792ms)
{
  "runtime": "trio",
  "mode": "fresh",
  "writes": [
    "/private/var/folders/1_/m2vfg4n10n9_50cz0bmvnmx80000gn/T/trio-v2-production-concurrent-install-w4qTHh/authority/AGENTS.md",
    "/private/var/folders/1_/m2vfg4n10n9_50cz0bmvnmx80000gn/T/trio-v2-production-concurrent-install-w4qTHh/authority/.agents/skills/trio/SKILL.md",
    "/private/var/folders/1_/m2vfg4n10n9_50cz0bmvnmx80000gn/T/trio-v2-production-concurrent-install-w4qTHh/authority/.agents/skills/trio/dev/SKILL.md",
    "/private/var/folders/1_/m2vfg4n10n9_50cz0bmvnmx80000gn/T/trio-v2-production-concurrent-install-w4qTHh/authority/.agents/skills/trio/office/SKILL.md",
    "/private/var/folders/1_/m2vfg4n10n9_50cz0bmvnmx80000gn/T/trio-v2-production-concurrent-install-w4qTHh/authority/.agents/skills/trio/safety/SKILL.md",
    "/private/var/folders/1_/m2vfg4n10n9_50cz0bmvnmx80000gn/T/trio-v2-production-concurrent-install-w4qTHh/authority/.agents/skills/chiefops/SKILL.md",
    "/private/var/folders/1_/m2vfg4n10n9_50cz0bmvnmx80000gn/T/trio-v2-production-concurrent-install-w4qTHh/authority/.agents/skills/trio/references/execution.md",
    "/private/var/folders/1_/m2vfg4n10n9_50cz0bmvnmx80000gn/T/trio-v2-production-concurrent-install-w4qTHh/authority/.agents/skills/trio/dev/references/methods.md",
    "/private/var/folders/1_/m2vfg4n10n9_50cz0bmvnmx80000gn/T/trio-v2-production-concurrent-install-w4qTHh/authority/.agents/skills/trio/dev/references/review.md",
    "/private/var/folders/1_/m2vfg4n10n9_50cz0bmvnmx80000gn/T/trio-v2-production-concurrent-install-w4qTHh/authority/.agents/skills/trio/dev/references/pr-feedback.md",
    "/private/var/folders/1_/m2vfg4n10n9_50cz0bmvnmx80000gn/T/trio-v2-production-concurrent-install-w4qTHh/authority/.agents/skills/chiefops/references/delegated-execution.md",
    "/private/var/folders/1_/m2vfg4n10n9_50cz0bmvnmx80000gn/T/trio-v2-production-concurrent-install-w4qTHh/authority/.agents/skills/trio/office/references/source-backed-work.md",
    "/private/var/folders/1_/m2vfg4n10n9_50cz0bmvnmx80000gn/T/trio-v2-production-concurrent-install-w4qTHh/authority/.agents/skills/trio/office/references/artifact-and-delivery.md"
  ],
  "conflicts": []
}
{
  "runtime": "trio",
  "mode": "reinstall",
  "writes": [
    "/private/var/folders/1_/m2vfg4n10n9_50cz0bmvnmx80000gn/T/trio-v2-production-concurrent-install-w4qTHh/authority/AGENTS.md",
    "/private/var/folders/1_/m2vfg4n10n9_50cz0bmvnmx80000gn/T/trio-v2-production-concurrent-install-w4qTHh/authority/.agents/skills/trio/SKILL.md",
    "/private/var/folders/1_/m2vfg4n10n9_50cz0bmvnmx80000gn/T/trio-v2-production-concurrent-install-w4qTHh/authority/.agents/skills/trio/dev/SKILL.md",
    "/private/var/folders/1_/m2vfg4n10n9_50cz0bmvnmx80000gn/T/trio-v2-production-concurrent-install-w4qTHh/authority/.agents/skills/trio/office/SKILL.md",
    "/private/var/folders/1_/m2vfg4n10n9_50cz0bmvnmx80000gn/T/trio-v2-production-concurrent-install-w4qTHh/authority/.agents/skills/trio/safety/SKILL.md",
    "/private/var/folders/1_/m2vfg4n10n9_50cz0bmvnmx80000gn/T/trio-v2-production-concurrent-install-w4qTHh/authority/.agents/skills/chiefops/SKILL.md",
    "/private/var/folders/1_/m2vfg4n10n9_50cz0bmvnmx80000gn/T/trio-v2-production-concurrent-install-w4qTHh/authority/.agents/skills/trio/references/execution.md",
    "/private/var/folders/1_/m2vfg4n10n9_50cz0bmvnmx80000gn/T/trio-v2-production-concurrent-install-w4qTHh/authority/.agents/skills/trio/dev/references/methods.md",
    "/private/var/folders/1_/m2vfg4n10n9_50cz0bmvnmx80000gn/T/trio-v2-production-concurrent-install-w4qTHh/authority/.agents/skills/trio/dev/references/review.md",
    "/private/var/folders/1_/m2vfg4n10n9_50cz0bmvnmx80000gn/T/trio-v2-production-concurrent-install-w4qTHh/authority/.agents/skills/trio/dev/references/pr-feedback.md",
    "/private/var/folders/1_/m2vfg4n10n9_50cz0bmvnmx80000gn/T/trio-v2-production-concurrent-install-w4qTHh/authority/.agents/skills/chiefops/references/delegated-execution.md",
    "/private/var/folders/1_/m2vfg4n10n9_50cz0bmvnmx80000gn/T/trio-v2-production-concurrent-install-w4qTHh/authority/.agents/skills/trio/office/references/source-backed-work.md",
    "/private/var/folders/1_/m2vfg4n10n9_50cz0bmvnmx80000gn/T/trio-v2-production-concurrent-install-w4qTHh/authority/.agents/skills/trio/office/references/artifact-and-delivery.md"
  ],
  "conflicts": []
}
✔ concurrent production installs serialize and re-probe state inside the authority publication lock (2610.220709ms)
✔ a residual publication lock makes actual production install time out before any state or target mutation (2314.78125ms)
✔ a persisted V1 fixture requires explicit upgrade and never falls through to fresh Trio overwrite (181.982958ms)
{
  "runtime": "trio",
  "mode": "fresh",
  "writes": [
    "/private/var/folders/1_/m2vfg4n10n9_50cz0bmvnmx80000gn/T/trio-v2-production-v2-reinstall-F23uvg/authority/AGENTS.md",
    "/private/var/folders/1_/m2vfg4n10n9_50cz0bmvnmx80000gn/T/trio-v2-production-v2-reinstall-F23uvg/authority/.agents/skills/trio/SKILL.md",
    "/private/var/folders/1_/m2vfg4n10n9_50cz0bmvnmx80000gn/T/trio-v2-production-v2-reinstall-F23uvg/authority/.agents/skills/trio/dev/SKILL.md",
    "/private/var/folders/1_/m2vfg4n10n9_50cz0bmvnmx80000gn/T/trio-v2-production-v2-reinstall-F23uvg/authority/.agents/skills/trio/office/SKILL.md",
    "/private/var/folders/1_/m2vfg4n10n9_50cz0bmvnmx80000gn/T/trio-v2-production-v2-reinstall-F23uvg/authority/.agents/skills/trio/safety/SKILL.md",
    "/private/var/folders/1_/m2vfg4n10n9_50cz0bmvnmx80000gn/T/trio-v2-production-v2-reinstall-F23uvg/authority/.agents/skills/chiefops/SKILL.md",
    "/private/var/folders/1_/m2vfg4n10n9_50cz0bmvnmx80000gn/T/trio-v2-production-v2-reinstall-F23uvg/authority/.agents/skills/trio/references/execution.md",
    "/private/var/folders/1_/m2vfg4n10n9_50cz0bmvnmx80000gn/T/trio-v2-production-v2-reinstall-F23uvg/authority/.agents/skills/trio/dev/references/methods.md",
    "/private/var/folders/1_/m2vfg4n10n9_50cz0bmvnmx80000gn/T/trio-v2-production-v2-reinstall-F23uvg/authority/.agents/skills/trio/dev/references/review.md",
    "/private/var/folders/1_/m2vfg4n10n9_50cz0bmvnmx80000gn/T/trio-v2-production-v2-reinstall-F23uvg/authority/.agents/skills/trio/dev/references/pr-feedback.md",
    "/private/var/folders/1_/m2vfg4n10n9_50cz0bmvnmx80000gn/T/trio-v2-production-v2-reinstall-F23uvg/authority/.agents/skills/chiefops/references/delegated-execution.md",
    "/private/var/folders/1_/m2vfg4n10n9_50cz0bmvnmx80000gn/T/trio-v2-production-v2-reinstall-F23uvg/authority/.agents/skills/trio/office/references/source-backed-work.md",
    "/private/var/folders/1_/m2vfg4n10n9_50cz0bmvnmx80000gn/T/trio-v2-production-v2-reinstall-F23uvg/authority/.agents/skills/trio/office/references/artifact-and-delivery.md"
  ],
  "conflicts": []
}
{
  "runtime": "trio",
  "mode": "reinstall",
  "writes": [
    "/private/var/folders/1_/m2vfg4n10n9_50cz0bmvnmx80000gn/T/trio-v2-production-v2-reinstall-F23uvg/authority/AGENTS.md",
    "/private/var/folders/1_/m2vfg4n10n9_50cz0bmvnmx80000gn/T/trio-v2-production-v2-reinstall-F23uvg/authority/.agents/skills/trio/SKILL.md",
    "/private/var/folders/1_/m2vfg4n10n9_50cz0bmvnmx80000gn/T/trio-v2-production-v2-reinstall-F23uvg/authority/.agents/skills/trio/dev/SKILL.md",
    "/private/var/folders/1_/m2vfg4n10n9_50cz0bmvnmx80000gn/T/trio-v2-production-v2-reinstall-F23uvg/authority/.agents/skills/trio/office/SKILL.md",
    "/private/var/folders/1_/m2vfg4n10n9_50cz0bmvnmx80000gn/T/trio-v2-production-v2-reinstall-F23uvg/authority/.agents/skills/trio/safety/SKILL.md",
    "/private/var/folders/1_/m2vfg4n10n9_50cz0bmvnmx80000gn/T/trio-v2-production-v2-reinstall-F23uvg/authority/.agents/skills/chiefops/SKILL.md",
    "/private/var/folders/1_/m2vfg4n10n9_50cz0bmvnmx80000gn/T/trio-v2-production-v2-reinstall-F23uvg/authority/.agents/skills/trio/references/execution.md",
    "/private/var/folders/1_/m2vfg4n10n9_50cz0bmvnmx80000gn/T/trio-v2-production-v2-reinstall-F23uvg/authority/.agents/skills/trio/dev/references/methods.md",
    "/private/var/folders/1_/m2vfg4n10n9_50cz0bmvnmx80000gn/T/trio-v2-production-v2-reinstall-F23uvg/authority/.agents/skills/trio/dev/references/review.md",
    "/private/var/folders/1_/m2vfg4n10n9_50cz0bmvnmx80000gn/T/trio-v2-production-v2-reinstall-F23uvg/authority/.agents/skills/trio/dev/references/pr-feedback.md",
    "/private/var/folders/1_/m2vfg4n10n9_50cz0bmvnmx80000gn/T/trio-v2-production-v2-reinstall-F23uvg/authority/.agents/skills/chiefops/references/delegated-execution.md",
    "/private/var/folders/1_/m2vfg4n10n9_50cz0bmvnmx80000gn/T/trio-v2-production-v2-reinstall-F23uvg/authority/.agents/skills/trio/office/references/source-backed-work.md",
    "/private/var/folders/1_/m2vfg4n10n9_50cz0bmvnmx80000gn/T/trio-v2-production-v2-reinstall-F23uvg/authority/.agents/skills/trio/office/references/artifact-and-delivery.md"
  ],
  "conflicts": []
}
✔ production V2 reinstall preserves recovery and ownership while refusing user-owned drift (2608.271541ms)
✔ production projection settles zero, single-scope, and both-scope managed surface cardinalities (4111.906292ms)
{
  "runtime": "trio",
  "mode": "fresh",
  "writes": [
    "/private/var/folders/1_/m2vfg4n10n9_50cz0bmvnmx80000gn/T/trio-v2-production-diagnostic-missing-xxLec6/authority/AGENTS.md",
    "/private/var/folders/1_/m2vfg4n10n9_50cz0bmvnmx80000gn/T/trio-v2-production-diagnostic-missing-xxLec6/authority/.agents/skills/trio/SKILL.md",
    "/private/var/folders/1_/m2vfg4n10n9_50cz0bmvnmx80000gn/T/trio-v2-production-diagnostic-missing-xxLec6/authority/.agents/skills/trio/dev/SKILL.md",
    "/private/var/folders/1_/m2vfg4n10n9_50cz0bmvnmx80000gn/T/trio-v2-production-diagnostic-missing-xxLec6/authority/.agents/skills/trio/office/SKILL.md",
    "/private/var/folders/1_/m2vfg4n10n9_50cz0bmvnmx80000gn/T/trio-v2-production-diagnostic-missing-xxLec6/authority/.agents/skills/trio/safety/SKILL.md",
    "/private/var/folders/1_/m2vfg4n10n9_50cz0bmvnmx80000gn/T/trio-v2-production-diagnostic-missing-xxLec6/authority/.agents/skills/chiefops/SKILL.md",
    "/private/var/folders/1_/m2vfg4n10n9_50cz0bmvnmx80000gn/T/trio-v2-production-diagnostic-missing-xxLec6/authority/.agents/skills/trio/references/execution.md",
    "/private/var/folders/1_/m2vfg4n10n9_50cz0bmvnmx80000gn/T/trio-v2-production-diagnostic-missing-xxLec6/authority/.agents/skills/trio/dev/references/methods.md",
    "/private/var/folders/1_/m2vfg4n10n9_50cz0bmvnmx80000gn/T/trio-v2-production-diagnostic-missing-xxLec6/authority/.agents/skills/trio/dev/references/review.md",
    "/private/var/folders/1_/m2vfg4n10n9_50cz0bmvnmx80000gn/T/trio-v2-production-diagnostic-missing-xxLec6/authority/.agents/skills/trio/dev/references/pr-feedback.md",
    "/private/var/folders/1_/m2vfg4n10n9_50cz0bmvnmx80000gn/T/trio-v2-production-diagnostic-missing-xxLec6/authority/.agents/skills/chiefops/references/delegated-execution.md",
    "/private/var/folders/1_/m2vfg4n10n9_50cz0bmvnmx80000gn/T/trio-v2-production-diagnostic-missing-xxLec6/authority/.agents/skills/trio/office/references/source-backed-work.md",
    "/private/var/folders/1_/m2vfg4n10n9_50cz0bmvnmx80000gn/T/trio-v2-production-diagnostic-missing-xxLec6/authority/.agents/skills/trio/office/references/artifact-and-delivery.md"
  ],
  "conflicts": []
}
✔ production doctor and verify fail closed on a missing managed projection (1139.373959ms)
{
  "runtime": "trio",
  "mode": "fresh",
  "writes": [
    "/private/var/folders/1_/m2vfg4n10n9_50cz0bmvnmx80000gn/T/trio-v2-production-diagnostic-content-drift-fjxWAS/authority/AGENTS.md",
    "/private/var/folders/1_/m2vfg4n10n9_50cz0bmvnmx80000gn/T/trio-v2-production-diagnostic-content-drift-fjxWAS/authority/.agents/skills/trio/SKILL.md",
    "/private/var/folders/1_/m2vfg4n10n9_50cz0bmvnmx80000gn/T/trio-v2-production-diagnostic-content-drift-fjxWAS/authority/.agents/skills/trio/dev/SKILL.md",
    "/private/var/folders/1_/m2vfg4n10n9_50cz0bmvnmx80000gn/T/trio-v2-production-diagnostic-content-drift-fjxWAS/authority/.agents/skills/trio/office/SKILL.md",
    "/private/var/folders/1_/m2vfg4n10n9_50cz0bmvnmx80000gn/T/trio-v2-production-diagnostic-content-drift-fjxWAS/authority/.agents/skills/trio/safety/SKILL.md",
    "/private/var/folders/1_/m2vfg4n10n9_50cz0bmvnmx80000gn/T/trio-v2-production-diagnostic-content-drift-fjxWAS/authority/.agents/skills/chiefops/SKILL.md",
    "/private/var/folders/1_/m2vfg4n10n9_50cz0bmvnmx80000gn/T/trio-v2-production-diagnostic-content-drift-fjxWAS/authority/.agents/skills/trio/references/execution.md",
    "/private/var/folders/1_/m2vfg4n10n9_50cz0bmvnmx80000gn/T/trio-v2-production-diagnostic-content-drift-fjxWAS/authority/.agents/skills/trio/dev/references/methods.md",
    "/private/var/folders/1_/m2vfg4n10n9_50cz0bmvnmx80000gn/T/trio-v2-production-diagnostic-content-drift-fjxWAS/authority/.agents/skills/trio/dev/references/review.md",
    "/private/var/folders/1_/m2vfg4n10n9_50cz0bmvnmx80000gn/T/trio-v2-production-diagnostic-content-drift-fjxWAS/authority/.agents/skills/trio/dev/references/pr-feedback.md",
    "/private/var/folders/1_/m2vfg4n10n9_50cz0bmvnmx80000gn/T/trio-v2-production-diagnostic-content-drift-fjxWAS/authority/.agents/skills/chiefops/references/delegated-execution.md",
    "/private/var/folders/1_/m2vfg4n10n9_50cz0bmvnmx80000gn/T/trio-v2-production-diagnostic-content-drift-fjxWAS/authority/.agents/skills/trio/office/references/source-backed-work.md",
    "/private/var/folders/1_/m2vfg4n10n9_50cz0bmvnmx80000gn/T/trio-v2-production-diagnostic-content-drift-fjxWAS/authority/.agents/skills/trio/office/references/artifact-and-delivery.md"
  ],
  "conflicts": []
}
✔ production doctor and verify fail closed on user content drift (1198.363666ms)
{
  "runtime": "trio",
  "mode": "fresh",
  "writes": [
    "/private/var/folders/1_/m2vfg4n10n9_50cz0bmvnmx80000gn/T/trio-v2-production-diagnostic-ownership-drift-953jvJ/authority/AGENTS.md",
    "/private/var/folders/1_/m2vfg4n10n9_50cz0bmvnmx80000gn/T/trio-v2-production-diagnostic-ownership-drift-953jvJ/authority/.agents/skills/trio/SKILL.md",
    "/private/var/folders/1_/m2vfg4n10n9_50cz0bmvnmx80000gn/T/trio-v2-production-diagnostic-ownership-drift-953jvJ/authority/.agents/skills/trio/dev/SKILL.md",
    "/private/var/folders/1_/m2vfg4n10n9_50cz0bmvnmx80000gn/T/trio-v2-production-diagnostic-ownership-drift-953jvJ/authority/.agents/skills/trio/office/SKILL.md",
    "/private/var/folders/1_/m2vfg4n10n9_50cz0bmvnmx80000gn/T/trio-v2-production-diagnostic-ownership-drift-953jvJ/authority/.agents/skills/trio/safety/SKILL.md",
    "/private/var/folders/1_/m2vfg4n10n9_50cz0bmvnmx80000gn/T/trio-v2-production-diagnostic-ownership-drift-953jvJ/authority/.agents/skills/chiefops/SKILL.md",
    "/private/var/folders/1_/m2vfg4n10n9_50cz0bmvnmx80000gn/T/trio-v2-production-diagnostic-ownership-drift-953jvJ/authority/.agents/skills/trio/references/execution.md",
    "/private/var/folders/1_/m2vfg4n10n9_50cz0bmvnmx80000gn/T/trio-v2-production-diagnostic-ownership-drift-953jvJ/authority/.agents/skills/trio/dev/references/methods.md",
    "/private/var/folders/1_/m2vfg4n10n9_50cz0bmvnmx80000gn/T/trio-v2-production-diagnostic-ownership-drift-953jvJ/authority/.agents/skills/trio/dev/references/review.md",
    "/private/var/folders/1_/m2vfg4n10n9_50cz0bmvnmx80000gn/T/trio-v2-production-diagnostic-ownership-drift-953jvJ/authority/.agents/skills/trio/dev/references/pr-feedback.md",
    "/private/var/folders/1_/m2vfg4n10n9_50cz0bmvnmx80000gn/T/trio-v2-production-diagnostic-ownership-drift-953jvJ/authority/.agents/skills/chiefops/references/delegated-execution.md",
    "/private/var/folders/1_/m2vfg4n10n9_50cz0bmvnmx80000gn/T/trio-v2-production-diagnostic-ownership-drift-953jvJ/authority/.agents/skills/trio/office/references/source-backed-work.md",
    "/private/var/folders/1_/m2vfg4n10n9_50cz0bmvnmx80000gn/T/trio-v2-production-diagnostic-ownership-drift-953jvJ/authority/.agents/skills/trio/office/references/artifact-and-delivery.md"
  ],
  "conflicts": []
}
✔ production doctor and verify fail closed on ownership evidence drift (1408.183208ms)
{
  "runtime": "trio",
  "mode": "fresh",
  "writes": [
    "/private/var/folders/1_/m2vfg4n10n9_50cz0bmvnmx80000gn/T/trio-v2-production-diagnostic-physical-gate-yXCtPO/authority/AGENTS.md",
    "/private/var/folders/1_/m2vfg4n10n9_50cz0bmvnmx80000gn/T/trio-v2-production-diagnostic-physical-gate-yXCtPO/authority/.agents/skills/trio/SKILL.md",
    "/private/var/folders/1_/m2vfg4n10n9_50cz0bmvnmx80000gn/T/trio-v2-production-diagnostic-physical-gate-yXCtPO/authority/.agents/skills/trio/dev/SKILL.md",
    "/private/var/folders/1_/m2vfg4n10n9_50cz0bmvnmx80000gn/T/trio-v2-production-diagnostic-physical-gate-yXCtPO/authority/.agents/skills/trio/office/SKILL.md",
    "/private/var/folders/1_/m2vfg4n10n9_50cz0bmvnmx80000gn/T/trio-v2-production-diagnostic-physical-gate-yXCtPO/authority/.agents/skills/trio/safety/SKILL.md",
    "/private/var/folders/1_/m2vfg4n10n9_50cz0bmvnmx80000gn/T/trio-v2-production-diagnostic-physical-gate-yXCtPO/authority/.agents/skills/chiefops/SKILL.md",
    "/private/var/folders/1_/m2vfg4n10n9_50cz0bmvnmx80000gn/T/trio-v2-production-diagnostic-physical-gate-yXCtPO/authority/.agents/skills/trio/references/execution.md",
    "/private/var/folders/1_/m2vfg4n10n9_50cz0bmvnmx80000gn/T/trio-v2-production-diagnostic-physical-gate-yXCtPO/authority/.agents/skills/trio/dev/references/methods.md",
    "/private/var/folders/1_/m2vfg4n10n9_50cz0bmvnmx80000gn/T/trio-v2-production-diagnostic-physical-gate-yXCtPO/authority/.agents/skills/trio/dev/references/review.md",
    "/private/var/folders/1_/m2vfg4n10n9_50cz0bmvnmx80000gn/T/trio-v2-production-diagnostic-physical-gate-yXCtPO/authority/.agents/skills/trio/dev/references/pr-feedback.md",
    "/private/var/folders/1_/m2vfg4n10n9_50cz0bmvnmx80000gn/T/trio-v2-production-diagnostic-physical-gate-yXCtPO/authority/.agents/skills/chiefops/references/delegated-execution.md",
    "/private/var/folders/1_/m2vfg4n10n9_50cz0bmvnmx80000gn/T/trio-v2-production-diagnostic-physical-gate-yXCtPO/authority/.agents/skills/trio/office/references/source-backed-work.md",
    "/private/var/folders/1_/m2vfg4n10n9_50cz0bmvnmx80000gn/T/trio-v2-production-diagnostic-physical-gate-yXCtPO/authority/.agents/skills/trio/office/references/artifact-and-delivery.md"
  ],
  "conflicts": []
}
✔ production doctor and verify preserve physical-gate failure for a symlinked projection (1884.495083ms)
✔ Trio apply preserves a foreign create after an absent precondition and reports incomplete rollback honestly (96.7285ms)
✔ production install retains foreign V1 state injected immediately after its lock-held absent probe (690.489ms)
✔ Trio apply consumes a thrown Core publication receipt and compensates its proven identity (227.853459ms)
✔ Trio compensation preserves a stable parent replacement encountered after a proven publication (316.263167ms)
✔ Trio apply preserves a stable real parent replacement with zero later target or state mutation (164.177083ms)
{
  "runtime": "trio",
  "mode": "upgrade",
  "writes": [
    "/private/var/folders/1_/m2vfg4n10n9_50cz0bmvnmx80000gn/T/trio-v2-production-upgrade-v1-standard-7MQgeg/home/.codex/AGENTS.md",
    "/private/var/folders/1_/m2vfg4n10n9_50cz0bmvnmx80000gn/T/trio-v2-production-upgrade-v1-standard-7MQgeg/home/.agents/skills/trio/SKILL.md",
    "/private/var/folders/1_/m2vfg4n10n9_50cz0bmvnmx80000gn/T/trio-v2-production-upgrade-v1-standard-7MQgeg/home/.agents/skills/trio/dev/SKILL.md",
    "/private/var/folders/1_/m2vfg4n10n9_50cz0bmvnmx80000gn/T/trio-v2-production-upgrade-v1-standard-7MQgeg/home/.agents/skills/trio/office/SKILL.md",
    "/private/var/folders/1_/m2vfg4n10n9_50cz0bmvnmx80000gn/T/trio-v2-production-upgrade-v1-standard-7MQgeg/home/.agents/skills/trio/safety/SKILL.md",
    "/private/var/folders/1_/m2vfg4n10n9_50cz0bmvnmx80000gn/T/trio-v2-production-upgrade-v1-standard-7MQgeg/home/.agents/skills/chiefops/SKILL.md",
    "/private/var/folders/1_/m2vfg4n10n9_50cz0bmvnmx80000gn/T/trio-v2-production-upgrade-v1-standard-7MQgeg/home/.agents/skills/trio/references/execution.md",
    "/private/var/folders/1_/m2vfg4n10n9_50cz0bmvnmx80000gn/T/trio-v2-production-upgrade-v1-standard-7MQgeg/home/.agents/skills/trio/dev/references/methods.md",
    "/private/var/folders/1_/m2vfg4n10n9_50cz0bmvnmx80000gn/T/trio-v2-production-upgrade-v1-standard-7MQgeg/home/.agents/skills/trio/dev/references/review.md",
    "/private/var/folders/1_/m2vfg4n10n9_50cz0bmvnmx80000gn/T/trio-v2-production-upgrade-v1-standard-7MQgeg/home/.agents/skills/trio/dev/references/pr-feedback.md",
    "/private/var/folders/1_/m2vfg4n10n9_50cz0bmvnmx80000gn/T/trio-v2-production-upgrade-v1-standard-7MQgeg/home/.agents/skills/chiefops/references/delegated-execution.md",
    "/private/var/folders/1_/m2vfg4n10n9_50cz0bmvnmx80000gn/T/trio-v2-production-upgrade-v1-standard-7MQgeg/home/.agents/skills/trio/office/references/source-backed-work.md",
    "/private/var/folders/1_/m2vfg4n10n9_50cz0bmvnmx80000gn/T/trio-v2-production-upgrade-v1-standard-7MQgeg/home/.agents/skills/trio/office/references/artifact-and-delivery.md"
  ],
  "conflicts": [
    {
      "targetId": "cursor",
      "surface": "entry",
      "destination": "/private/var/folders/1_/m2vfg4n10n9_50cz0bmvnmx80000gn/T/trio-v2-production-upgrade-v1-standard-7MQgeg/home/manual/cursor/entry-policy.md",
      "reason": "destination-observation-unknown"
    },
    {
      "targetId": "cursor",
      "surface": "trio",
      "destination": "/private/var/folders/1_/m2vfg4n10n9_50cz0bmvnmx80000gn/T/trio-v2-production-upgrade-v1-standard-7MQgeg/home/manual/cursor/skills/trio/SKILL.md",
      "reason": "destination-observation-unknown"
    },
    {
      "targetId": "cursor",
      "surface": "dev",
      "destination": "/private/var/folders/1_/m2vfg4n10n9_50cz0bmvnmx80000gn/T/trio-v2-production-upgrade-v1-standard-7MQgeg/home/manual/cursor/skills/trio/dev/SKILL.md",
      "reason": "destination-observation-unknown"
    },
    {
      "targetId": "cursor",
      "surface": "office",
      "destination": "/private/var/folders/1_/m2vfg4n10n9_50cz0bmvnmx80000gn/T/trio-v2-production-upgrade-v1-standard-7MQgeg/home/manual/cursor/skills/trio/office/SKILL.md",
      "reason": "destination-observation-unknown"
    },
    {
      "targetId": "cursor",
      "surface": "safety",
      "destination": "/private/var/folders/1_/m2vfg4n10n9_50cz0bmvnmx80000gn/T/trio-v2-production-upgrade-v1-standard-7MQgeg/home/manual/cursor/skills/trio/safety/SKILL.md",
      "reason": "destination-observation-unknown"
    },
    {
      "targetId": "cursor",
      "surface": "chiefops",
      "destination": "/private/var/folders/1_/m2vfg4n10n9_50cz0bmvnmx80000gn/T/trio-v2-production-upgrade-v1-standard-7MQgeg/home/manual/cursor/skills/chiefops/SKILL.md",
      "reason": "destination-observation-unknown"
    },
    {
      "targetId": "cursor",
      "surface": "trio/references/execution.md",
      "destination": "/private/var/folders/1_/m2vfg4n10n9_50cz0bmvnmx80000gn/T/trio-v2-production-upgrade-v1-standard-7MQgeg/home/manual/cursor/skills/trio/references/execution.md",
      "reason": "destination-observation-unknown"
    },
    {
      "targetId": "cursor",
      "surface": "dev/references/methods.md",
      "destination": "/private/var/folders/1_/m2vfg4n10n9_50cz0bmvnmx80000gn/T/trio-v2-production-upgrade-v1-standard-7MQgeg/home/manual/cursor/skills/trio/dev/references/methods.md",
      "reason": "destination-observation-unknown"
    },
    {
      "targetId": "cursor",
      "surface": "dev/references/review.md",
      "destination": "/private/var/folders/1_/m2vfg4n10n9_50cz0bmvnmx80000gn/T/trio-v2-production-upgrade-v1-standard-7MQgeg/home/manual/cursor/skills/trio/dev/references/review.md",
      "reason": "destination-observation-unknown"
    },
    {
      "targetId": "cursor",
      "surface": "dev/references/pr-feedback.md",
      "destination": "/private/var/folders/1_/m2vfg4n10n9_50cz0bmvnmx80000gn/T/trio-v2-production-upgrade-v1-standard-7MQgeg/home/manual/cursor/skills/trio/dev/references/pr-feedback.md",
      "reason": "destination-observation-unknown"
    },
    {
      "targetId": "cursor",
      "surface": "chiefops/references/delegated-execution.md",
      "destination": "/private/var/folders/1_/m2vfg4n10n9_50cz0bmvnmx80000gn/T/trio-v2-production-upgrade-v1-standard-7MQgeg/home/manual/cursor/skills/chiefops/references/delegated-execution.md",
      "reason": "destination-observation-unknown"
    },
    {
      "targetId": "cursor",
      "surface": "office/references/source-backed-work.md",
      "destination": "/private/var/folders/1_/m2vfg4n10n9_50cz0bmvnmx80000gn/T/trio-v2-production-upgrade-v1-standard-7MQgeg/home/manual/cursor/skills/trio/office/references/source-backed-work.md",
      "reason": "destination-observation-unknown"
    },
    {
      "targetId": "cursor",
      "surface": "office/references/artifact-and-delivery.md",
      "destination": "/private/var/folders/1_/m2vfg4n10n9_50cz0bmvnmx80000gn/T/trio-v2-production-upgrade-v1-standard-7MQgeg/home/manual/cursor/skills/trio/office/references/artifact-and-delivery.md",
      "reason": "destination-observation-unknown"
    }
  ]
}
{
  "schemaVersion": 2,
  "runtime": "trio",
  "mode": "dry-run",
  "descriptors": [
    {
      "targetId": "codex",
      "surface": "entry",
      "destination": "/private/var/folders/1_/m2vfg4n10n9_50cz0bmvnmx80000gn/T/trio-v2-production-upgrade-v1-standard-7MQgeg/home/.codex/AGENTS.md",
      "action": "update",
      "execution": "managed",
      "conflict": false
    },
    {
      "targetId": "codex",
      "surface": "trio",
      "destination": "/private/var/folders/1_/m2vfg4n10n9_50cz0bmvnmx80000gn/T/trio-v2-production-upgrade-v1-standard-7MQgeg/home/.agents/skills/trio/SKILL.md",
      "action": "update",
      "execution": "managed",
      "conflict": false
    },
    {
      "targetId": "codex",
      "surface": "dev",
      "destination": "/private/var/folders/1_/m2vfg4n10n9_50cz0bmvnmx80000gn/T/trio-v2-production-upgrade-v1-standard-7MQgeg/home/.agents/skills/trio/dev/SKILL.md",
      "action": "update",
      "execution": "managed",
      "conflict": false
    },
    {
      "targetId": "codex",
      "surface": "office",
      "destination": "/private/var/folders/1_/m2vfg4n10n9_50cz0bmvnmx80000gn/T/trio-v2-production-upgrade-v1-standard-7MQgeg/home/.agents/skills/trio/office/SKILL.md",
      "action": "update",
      "execution": "managed",
      "conflict": false
    },
    {
      "targetId": "codex",
      "surface": "safety",
      "destination": "/private/var/folders/1_/m2vfg4n10n9_50cz0bmvnmx80000gn/T/trio-v2-production-upgrade-v1-standard-7MQgeg/home/.agents/skills/trio/safety/SKILL.md",
      "action": "update",
      "execution": "managed",
      "conflict": false
    },
    {
      "targetId": "codex",
      "surface": "chiefops",
      "destination": "/private/var/folders/1_/m2vfg4n10n9_50cz0bmvnmx80000gn/T/trio-v2-production-upgrade-v1-standard-7MQgeg/home/.agents/skills/chiefops/SKILL.md",
      "action": "update",
      "execution": "managed",
      "conflict": false
    },
    {
      "targetId": "codex",
      "surface": "trio/references/execution.md",
      "destination": "/private/var/folders/1_/m2vfg4n10n9_50cz0bmvnmx80000gn/T/trio-v2-production-upgrade-v1-standard-7MQgeg/home/.agents/skills/trio/references/execution.md",
      "action": "update",
      "execution": "managed",
      "conflict": false
    },
    {
      "targetId": "codex",
      "surface": "dev/references/methods.md",
      "destination": "/private/var/folders/1_/m2vfg4n10n9_50cz0bmvnmx80000gn/T/trio-v2-production-upgrade-v1-standard-7MQgeg/home/.agents/skills/trio/dev/references/methods.md",
      "action": "update",
      "execution": "managed",
      "conflict": false
    },
    {
      "targetId": "codex",
      "surface": "dev/references/review.md",
      "destination": "/private/var/folders/1_/m2vfg4n10n9_50cz0bmvnmx80000gn/T/trio-v2-production-upgrade-v1-standard-7MQgeg/home/.agents/skills/trio/dev/references/review.md",
      "action": "update",
      "execution": "managed",
      "conflict": false
    },
    {
      "targetId": "codex",
      "surface": "dev/references/pr-feedback.md",
      "destination": "/private/var/folders/1_/m2vfg4n10n9_50cz0bmvnmx80000gn/T/trio-v2-production-upgrade-v1-standard-7MQgeg/home/.agents/skills/trio/dev/references/pr-feedback.md",
      "action": "update",
      "execution": "managed",
      "conflict": false
    },
    {
      "targetId": "codex",
      "surface": "chiefops/references/delegated-execution.md",
      "destination": "/private/var/folders/1_/m2vfg4n10n9_50cz0bmvnmx80000gn/T/trio-v2-production-upgrade-v1-standard-7MQgeg/home/.agents/skills/chiefops/references/delegated-execution.md",
      "action": "update",
      "execution": "managed",
      "conflict": false
    },
    {
      "targetId": "codex",
      "surface": "office/references/source-backed-work.md",
      "destination": "/private/var/folders/1_/m2vfg4n10n9_50cz0bmvnmx80000gn/T/trio-v2-production-upgrade-v1-standard-7MQgeg/home/.agents/skills/trio/office/references/source-backed-work.md",
      "action": "update",
      "execution": "managed",
      "conflict": false
    },
    {
      "targetId": "codex",
      "surface": "office/references/artifact-and-delivery.md",
      "destination": "/private/var/folders/1_/m2vfg4n10n9_50cz0bmvnmx80000gn/T/trio-v2-production-upgrade-v1-standard-7MQgeg/home/.agents/skills/trio/office/references/artifact-and-delivery.md",
      "action": "update",
      "execution": "managed",
      "conflict": false
    },
    {
      "targetId": "cursor",
      "surface": "entry",
      "destination": "/private/var/folders/1_/m2vfg4n10n9_50cz0bmvnmx80000gn/T/trio-v2-production-upgrade-v1-standard-7MQgeg/home/manual/cursor/entry-policy.md",
      "action": "preserve",
      "execution": "manual",
      "conflict": true
    },
    {
      "targetId": "cursor",
      "surface": "trio",
      "destination": "/private/var/folders/1_/m2vfg4n10n9_50cz0bmvnmx80000gn/T/trio-v2-production-upgrade-v1-standard-7MQgeg/home/manual/cursor/skills/trio/SKILL.md",
      "action": "preserve",
      "execution": "manual",
      "conflict": true
    },
    {
      "targetId": "cursor",
      "surface": "dev",
      "destination": "/private/var/folders/1_/m2vfg4n10n9_50cz0bmvnmx80000gn/T/trio-v2-production-upgrade-v1-standard-7MQgeg/home/manual/cursor/skills/trio/dev/SKILL.md",
      "action": "preserve",
      "execution": "manual",
      "conflict": true
    },
    {
      "targetId": "cursor",
      "surface": "office",
      "destination": "/private/var/folders/1_/m2vfg4n10n9_50cz0bmvnmx80000gn/T/trio-v2-production-upgrade-v1-standard-7MQgeg/home/manual/cursor/skills/trio/office/SKILL.md",
      "action": "preserve",
      "execution": "manual",
      "conflict": true
    },
    {
      "targetId": "cursor",
      "surface": "safety",
      "destination": "/private/var/folders/1_/m2vfg4n10n9_50cz0bmvnmx80000gn/T/trio-v2-production-upgrade-v1-standard-7MQgeg/home/manual/cursor/skills/trio/safety/SKILL.md",
      "action": "preserve",
      "execution": "manual",
      "conflict": true
    },
    {
      "targetId": "cursor",
      "surface": "chiefops",
      "destination": "/private/var/folders/1_/m2vfg4n10n9_50cz0bmvnmx80000gn/T/trio-v2-production-upgrade-v1-standard-7MQgeg/home/manual/cursor/skills/chiefops/SKILL.md",
      "action": "preserve",
      "execution": "manual",
      "conflict": true
    },
    {
      "targetId": "cursor",
      "surface": "trio/references/execution.md",
      "destination": "/private/var/folders/1_/m2vfg4n10n9_50cz0bmvnmx80000gn/T/trio-v2-production-upgrade-v1-standard-7MQgeg/home/manual/cursor/skills/trio/references/execution.md",
      "action": "preserve",
      "execution": "manual",
      "conflict": true
    },
    {
      "targetId": "cursor",
      "surface": "dev/references/methods.md",
      "destination": "/private/var/folders/1_/m2vfg4n10n9_50cz0bmvnmx80000gn/T/trio-v2-production-upgrade-v1-standard-7MQgeg/home/manual/cursor/skills/trio/dev/references/methods.md",
      "action": "preserve",
      "execution": "manual",
      "conflict": true
    },
    {
      "targetId": "cursor",
      "surface": "dev/references/review.md",
      "destination": "/private/var/folders/1_/m2vfg4n10n9_50cz0bmvnmx80000gn/T/trio-v2-production-upgrade-v1-standard-7MQgeg/home/manual/cursor/skills/trio/dev/references/review.md",
      "action": "preserve",
      "execution": "manual",
      "conflict": true
    },
    {
      "targetId": "cursor",
      "surface": "dev/references/pr-feedback.md",
      "destination": "/private/var/folders/1_/m2vfg4n10n9_50cz0bmvnmx80000gn/T/trio-v2-production-upgrade-v1-standard-7MQgeg/home/manual/cursor/skills/trio/dev/references/pr-feedback.md",
      "action": "preserve",
      "execution": "manual",
      "conflict": true
    },
    {
      "targetId": "cursor",
      "surface": "chiefops/references/delegated-execution.md",
      "destination": "/private/var/folders/1_/m2vfg4n10n9_50cz0bmvnmx80000gn/T/trio-v2-production-upgrade-v1-standard-7MQgeg/home/manual/cursor/skills/chiefops/references/delegated-execution.md",
      "action": "preserve",
      "execution": "manual",
      "conflict": true
    },
    {
      "targetId": "cursor",
      "surface": "office/references/source-backed-work.md",
      "destination": "/private/var/folders/1_/m2vfg4n10n9_50cz0bmvnmx80000gn/T/trio-v2-production-upgrade-v1-standard-7MQgeg/home/manual/cursor/skills/trio/office/references/source-backed-work.md",
      "action": "preserve",
      "execution": "manual",
      "conflict": true
    },
    {
      "targetId": "cursor",
      "surface": "office/references/artifact-and-delivery.md",
      "destination": "/private/var/folders/1_/m2vfg4n10n9_50cz0bmvnmx80000gn/T/trio-v2-production-upgrade-v1-standard-7MQgeg/home/manual/cursor/skills/trio/office/references/artifact-and-delivery.md",
      "action": "preserve",
      "execution": "manual",
      "conflict": true
    }
  ],
  "conflicts": [
    {
      "targetId": "cursor",
      "surface": "entry",
      "destination": "/private/var/folders/1_/m2vfg4n10n9_50cz0bmvnmx80000gn/T/trio-v2-production-upgrade-v1-standard-7MQgeg/home/manual/cursor/entry-policy.md",
      "reason": "destination-observation-unknown"
    },
    {
      "targetId": "cursor",
      "surface": "trio",
      "destination": "/private/var/folders/1_/m2vfg4n10n9_50cz0bmvnmx80000gn/T/trio-v2-production-upgrade-v1-standard-7MQgeg/home/manual/cursor/skills/trio/SKILL.md",
      "reason": "destination-observation-unknown"
    },
    {
      "targetId": "cursor",
      "surface": "dev",
      "destination": "/private/var/folders/1_/m2vfg4n10n9_50cz0bmvnmx80000gn/T/trio-v2-production-upgrade-v1-standard-7MQgeg/home/manual/cursor/skills/trio/dev/SKILL.md",
      "reason": "destination-observation-unknown"
    },
    {
      "targetId": "cursor",
      "surface": "office",
      "destination": "/private/var/folders/1_/m2vfg4n10n9_50cz0bmvnmx80000gn/T/trio-v2-production-upgrade-v1-standard-7MQgeg/home/manual/cursor/skills/trio/office/SKILL.md",
      "reason": "destination-observation-unknown"
    },
    {
      "targetId": "cursor",
      "surface": "safety",
      "destination": "/private/var/folders/1_/m2vfg4n10n9_50cz0bmvnmx80000gn/T/trio-v2-production-upgrade-v1-standard-7MQgeg/home/manual/cursor/skills/trio/safety/SKILL.md",
      "reason": "destination-observation-unknown"
    },
    {
      "targetId": "cursor",
      "surface": "chiefops",
      "destination": "/private/var/folders/1_/m2vfg4n10n9_50cz0bmvnmx80000gn/T/trio-v2-production-upgrade-v1-standard-7MQgeg/home/manual/cursor/skills/chiefops/SKILL.md",
      "reason": "destination-observation-unknown"
    },
    {
      "targetId": "cursor",
      "surface": "trio/references/execution.md",
      "destination": "/private/var/folders/1_/m2vfg4n10n9_50cz0bmvnmx80000gn/T/trio-v2-production-upgrade-v1-standard-7MQgeg/home/manual/cursor/skills/trio/references/execution.md",
      "reason": "destination-observation-unknown"
    },
    {
      "targetId": "cursor",
      "surface": "dev/references/methods.md",
      "destination": "/private/var/folders/1_/m2vfg4n10n9_50cz0bmvnmx80000gn/T/trio-v2-production-upgrade-v1-standard-7MQgeg/home/manual/cursor/skills/trio/dev/references/methods.md",
      "reason": "destination-observation-unknown"
    },
    {
      "targetId": "cursor",
      "surface": "dev/references/review.md",
      "destination": "/private/var/folders/1_/m2vfg4n10n9_50cz0bmvnmx80000gn/T/trio-v2-production-upgrade-v1-standard-7MQgeg/home/manual/cursor/skills/trio/dev/references/review.md",
      "reason": "destination-observation-unknown"
    },
    {
      "targetId": "cursor",
      "surface": "dev/references/pr-feedback.md",
      "destination": "/private/var/folders/1_/m2vfg4n10n9_50cz0bmvnmx80000gn/T/trio-v2-production-upgrade-v1-standard-7MQgeg/home/manual/cursor/skills/trio/dev/references/pr-feedback.md",
      "reason": "destination-observation-unknown"
    },
    {
      "targetId": "cursor",
      "surface": "chiefops/references/delegated-execution.md",
      "destination": "/private/var/folders/1_/m2vfg4n10n9_50cz0bmvnmx80000gn/T/trio-v2-production-upgrade-v1-standard-7MQgeg/home/manual/cursor/skills/chiefops/references/delegated-execution.md",
      "reason": "destination-observation-unknown"
    },
    {
      "targetId": "cursor",
      "surface": "office/references/source-backed-work.md",
      "destination": "/private/var/folders/1_/m2vfg4n10n9_50cz0bmvnmx80000gn/T/trio-v2-production-upgrade-v1-standard-7MQgeg/home/manual/cursor/skills/trio/office/references/source-backed-work.md",
      "reason": "destination-observation-unknown"
    },
    {
      "targetId": "cursor",
      "surface": "office/references/artifact-and-delivery.md",
      "destination": "/private/var/folders/1_/m2vfg4n10n9_50cz0bmvnmx80000gn/T/trio-v2-production-upgrade-v1-standard-7MQgeg/home/manual/cursor/skills/trio/office/references/artifact-and-delivery.md",
      "reason": "destination-observation-unknown"
    }
  ]
}
{
  "schemaVersion": 2,
  "runtime": "trio",
  "mode": "check",
  "descriptors": [
    {
      "targetId": "codex",
      "surface": "entry",
      "destination": "/private/var/folders/1_/m2vfg4n10n9_50cz0bmvnmx80000gn/T/trio-v2-production-upgrade-v1-standard-7MQgeg/home/.codex/AGENTS.md",
      "action": "update",
      "execution": "managed",
      "conflict": false
    },
    {
      "targetId": "codex",
      "surface": "trio",
      "destination": "/private/var/folders/1_/m2vfg4n10n9_50cz0bmvnmx80000gn/T/trio-v2-production-upgrade-v1-standard-7MQgeg/home/.agents/skills/trio/SKILL.md",
      "action": "update",
      "execution": "managed",
      "conflict": false
    },
    {
      "targetId": "codex",
      "surface": "dev",
      "destination": "/private/var/folders/1_/m2vfg4n10n9_50cz0bmvnmx80000gn/T/trio-v2-production-upgrade-v1-standard-7MQgeg/home/.agents/skills/trio/dev/SKILL.md",
      "action": "update",
      "execution": "managed",
      "conflict": false
    },
    {
      "targetId": "codex",
      "surface": "office",
      "destination": "/private/var/folders/1_/m2vfg4n10n9_50cz0bmvnmx80000gn/T/trio-v2-production-upgrade-v1-standard-7MQgeg/home/.agents/skills/trio/office/SKILL.md",
      "action": "update",
      "execution": "managed",
      "conflict": false
    },
    {
      "targetId": "codex",
      "surface": "safety",
      "destination": "/private/var/folders/1_/m2vfg4n10n9_50cz0bmvnmx80000gn/T/trio-v2-production-upgrade-v1-standard-7MQgeg/home/.agents/skills/trio/safety/SKILL.md",
      "action": "update",
      "execution": "managed",
      "conflict": false
    },
    {
      "targetId": "codex",
      "surface": "chiefops",
      "destination": "/private/var/folders/1_/m2vfg4n10n9_50cz0bmvnmx80000gn/T/trio-v2-production-upgrade-v1-standard-7MQgeg/home/.agents/skills/chiefops/SKILL.md",
      "action": "update",
      "execution": "managed",
      "conflict": false
    },
    {
      "targetId": "codex",
      "surface": "trio/references/execution.md",
      "destination": "/private/var/folders/1_/m2vfg4n10n9_50cz0bmvnmx80000gn/T/trio-v2-production-upgrade-v1-standard-7MQgeg/home/.agents/skills/trio/references/execution.md",
      "action": "update",
      "execution": "managed",
      "conflict": false
    },
    {
      "targetId": "codex",
      "surface": "dev/references/methods.md",
      "destination": "/private/var/folders/1_/m2vfg4n10n9_50cz0bmvnmx80000gn/T/trio-v2-production-upgrade-v1-standard-7MQgeg/home/.agents/skills/trio/dev/references/methods.md",
      "action": "update",
      "execution": "managed",
      "conflict": false
    },
    {
      "targetId": "codex",
      "surface": "dev/references/review.md",
      "destination": "/private/var/folders/1_/m2vfg4n10n9_50cz0bmvnmx80000gn/T/trio-v2-production-upgrade-v1-standard-7MQgeg/home/.agents/skills/trio/dev/references/review.md",
      "action": "update",
      "execution": "managed",
      "conflict": false
    },
    {
      "targetId": "codex",
      "surface": "dev/references/pr-feedback.md",
      "destination": "/private/var/folders/1_/m2vfg4n10n9_50cz0bmvnmx80000gn/T/trio-v2-production-upgrade-v1-standard-7MQgeg/home/.agents/skills/trio/dev/references/pr-feedback.md",
      "action": "update",
      "execution": "managed",
      "conflict": false
    },
    {
      "targetId": "codex",
      "surface": "chiefops/references/delegated-execution.md",
      "destination": "/private/var/folders/1_/m2vfg4n10n9_50cz0bmvnmx80000gn/T/trio-v2-production-upgrade-v1-standard-7MQgeg/home/.agents/skills/chiefops/references/delegated-execution.md",
      "action": "update",
      "execution": "managed",
      "conflict": false
    },
    {
      "targetId": "codex",
      "surface": "office/references/source-backed-work.md",
      "destination": "/private/var/folders/1_/m2vfg4n10n9_50cz0bmvnmx80000gn/T/trio-v2-production-upgrade-v1-standard-7MQgeg/home/.agents/skills/trio/office/references/source-backed-work.md",
      "action": "update",
      "execution": "managed",
      "conflict": false
    },
    {
      "targetId": "codex",
      "surface": "office/references/artifact-and-delivery.md",
      "destination": "/private/var/folders/1_/m2vfg4n10n9_50cz0bmvnmx80000gn/T/trio-v2-production-upgrade-v1-standard-7MQgeg/home/.agents/skills/trio/office/references/artifact-and-delivery.md",
      "action": "update",
      "execution": "managed",
      "conflict": false
    },
    {
      "targetId": "cursor",
      "surface": "entry",
      "destination": "/private/var/folders/1_/m2vfg4n10n9_50cz0bmvnmx80000gn/T/trio-v2-production-upgrade-v1-standard-7MQgeg/home/manual/cursor/entry-policy.md",
      "action": "preserve",
      "execution": "manual",
      "conflict": true
    },
    {
      "targetId": "cursor",
      "surface": "trio",
      "destination": "/private/var/folders/1_/m2vfg4n10n9_50cz0bmvnmx80000gn/T/trio-v2-production-upgrade-v1-standard-7MQgeg/home/manual/cursor/skills/trio/SKILL.md",
      "action": "preserve",
      "execution": "manual",
      "conflict": true
    },
    {
      "targetId": "cursor",
      "surface": "dev",
      "destination": "/private/var/folders/1_/m2vfg4n10n9_50cz0bmvnmx80000gn/T/trio-v2-production-upgrade-v1-standard-7MQgeg/home/manual/cursor/skills/trio/dev/SKILL.md",
      "action": "preserve",
      "execution": "manual",
      "conflict": true
    },
    {
      "targetId": "cursor",
      "surface": "office",
      "destination": "/private/var/folders/1_/m2vfg4n10n9_50cz0bmvnmx80000gn/T/trio-v2-production-upgrade-v1-standard-7MQgeg/home/manual/cursor/skills/trio/office/SKILL.md",
      "action": "preserve",
      "execution": "manual",
      "conflict": true
    },
    {
      "targetId": "cursor",
      "surface": "safety",
      "destination": "/private/var/folders/1_/m2vfg4n10n9_50cz0bmvnmx80000gn/T/trio-v2-production-upgrade-v1-standard-7MQgeg/home/manual/cursor/skills/trio/safety/SKILL.md",
      "action": "preserve",
      "execution": "manual",
      "conflict": true
    },
    {
      "targetId": "cursor",
      "surface": "chiefops",
      "destination": "/private/var/folders/1_/m2vfg4n10n9_50cz0bmvnmx80000gn/T/trio-v2-production-upgrade-v1-standard-7MQgeg/home/manual/cursor/skills/chiefops/SKILL.md",
      "action": "preserve",
      "execution": "manual",
      "conflict": true
    },
    {
      "targetId": "cursor",
      "surface": "trio/references/execution.md",
      "destination": "/private/var/folders/1_/m2vfg4n10n9_50cz0bmvnmx80000gn/T/trio-v2-production-upgrade-v1-standard-7MQgeg/home/manual/cursor/skills/trio/references/execution.md",
      "action": "preserve",
      "execution": "manual",
      "conflict": true
    },
    {
      "targetId": "cursor",
      "surface": "dev/references/methods.md",
      "destination": "/private/var/folders/1_/m2vfg4n10n9_50cz0bmvnmx80000gn/T/trio-v2-production-upgrade-v1-standard-7MQgeg/home/manual/cursor/skills/trio/dev/references/methods.md",
      "action": "preserve",
      "execution": "manual",
      "conflict": true
    },
    {
      "targetId": "cursor",
      "surface": "dev/references/review.md",
      "destination": "/private/var/folders/1_/m2vfg4n10n9_50cz0bmvnmx80000gn/T/trio-v2-production-upgrade-v1-standard-7MQgeg/home/manual/cursor/skills/trio/dev/references/review.md",
      "action": "preserve",
      "execution": "manual",
      "conflict": true
    },
    {
      "targetId": "cursor",
      "surface": "dev/references/pr-feedback.md",
      "destination": "/private/var/folders/1_/m2vfg4n10n9_50cz0bmvnmx80000gn/T/trio-v2-production-upgrade-v1-standard-7MQgeg/home/manual/cursor/skills/trio/dev/references/pr-feedback.md",
      "action": "preserve",
      "execution": "manual",
      "conflict": true
    },
    {
      "targetId": "cursor",
      "surface": "chiefops/references/delegated-execution.md",
      "destination": "/private/var/folders/1_/m2vfg4n10n9_50cz0bmvnmx80000gn/T/trio-v2-production-upgrade-v1-standard-7MQgeg/home/manual/cursor/skills/chiefops/references/delegated-execution.md",
      "action": "preserve",
      "execution": "manual",
      "conflict": true
    },
    {
      "targetId": "cursor",
      "surface": "office/references/source-backed-work.md",
      "destination": "/private/var/folders/1_/m2vfg4n10n9_50cz0bmvnmx80000gn/T/trio-v2-production-upgrade-v1-standard-7MQgeg/home/manual/cursor/skills/trio/office/references/source-backed-work.md",
      "action": "preserve",
      "execution": "manual",
      "conflict": true
    },
    {
      "targetId": "cursor",
      "surface": "office/references/artifact-and-delivery.md",
      "destination": "/private/var/folders/1_/m2vfg4n10n9_50cz0bmvnmx80000gn/T/trio-v2-production-upgrade-v1-standard-7MQgeg/home/manual/cursor/skills/trio/office/references/artifact-and-delivery.md",
      "action": "preserve",
      "execution": "manual",
      "conflict": true
    }
  ],
  "conflicts": [
    {
      "targetId": "cursor",
      "surface": "entry",
      "destination": "/private/var/folders/1_/m2vfg4n10n9_50cz0bmvnmx80000gn/T/trio-v2-production-upgrade-v1-standard-7MQgeg/home/manual/cursor/entry-policy.md",
      "reason": "destination-observation-unknown"
    },
    {
      "targetId": "cursor",
      "surface": "trio",
      "destination": "/private/var/folders/1_/m2vfg4n10n9_50cz0bmvnmx80000gn/T/trio-v2-production-upgrade-v1-standard-7MQgeg/home/manual/cursor/skills/trio/SKILL.md",
      "reason": "destination-observation-unknown"
    },
    {
      "targetId": "cursor",
      "surface": "dev",
      "destination": "/private/var/folders/1_/m2vfg4n10n9_50cz0bmvnmx80000gn/T/trio-v2-production-upgrade-v1-standard-7MQgeg/home/manual/cursor/skills/trio/dev/SKILL.md",
      "reason": "destination-observation-unknown"
    },
    {
      "targetId": "cursor",
      "surface": "office",
      "destination": "/private/var/folders/1_/m2vfg4n10n9_50cz0bmvnmx80000gn/T/trio-v2-production-upgrade-v1-standard-7MQgeg/home/manual/cursor/skills/trio/office/SKILL.md",
      "reason": "destination-observation-unknown"
    },
    {
      "targetId": "cursor",
      "surface": "safety",
      "destination": "/private/var/folders/1_/m2vfg4n10n9_50cz0bmvnmx80000gn/T/trio-v2-production-upgrade-v1-standard-7MQgeg/home/manual/cursor/skills/trio/safety/SKILL.md",
      "reason": "destination-observation-unknown"
    },
    {
      "targetId": "cursor",
      "surface": "chiefops",
      "destination": "/private/var/folders/1_/m2vfg4n10n9_50cz0bmvnmx80000gn/T/trio-v2-production-upgrade-v1-standard-7MQgeg/home/manual/cursor/skills/chiefops/SKILL.md",
      "reason": "destination-observation-unknown"
    },
    {
      "targetId": "cursor",
      "surface": "trio/references/execution.md",
      "destination": "/private/var/folders/1_/m2vfg4n10n9_50cz0bmvnmx80000gn/T/trio-v2-production-upgrade-v1-standard-7MQgeg/home/manual/cursor/skills/trio/references/execution.md",
      "reason": "destination-observation-unknown"
    },
    {
      "targetId": "cursor",
      "surface": "dev/references/methods.md",
      "destination": "/private/var/folders/1_/m2vfg4n10n9_50cz0bmvnmx80000gn/T/trio-v2-production-upgrade-v1-standard-7MQgeg/home/manual/cursor/skills/trio/dev/references/methods.md",
      "reason": "destination-observation-unknown"
    },
    {
      "targetId": "cursor",
      "surface": "dev/references/review.md",
      "destination": "/private/var/folders/1_/m2vfg4n10n9_50cz0bmvnmx80000gn/T/trio-v2-production-upgrade-v1-standard-7MQgeg/home/manual/cursor/skills/trio/dev/references/review.md",
      "reason": "destination-observation-unknown"
    },
    {
      "targetId": "cursor",
      "surface": "dev/references/pr-feedback.md",
      "destination": "/private/var/folders/1_/m2vfg4n10n9_50cz0bmvnmx80000gn/T/trio-v2-production-upgrade-v1-standard-7MQgeg/home/manual/cursor/skills/trio/dev/references/pr-feedback.md",
      "reason": "destination-observation-unknown"
    },
    {
      "targetId": "cursor",
      "surface": "chiefops/references/delegated-execution.md",
      "destination": "/private/var/folders/1_/m2vfg4n10n9_50cz0bmvnmx80000gn/T/trio-v2-production-upgrade-v1-standard-7MQgeg/home/manual/cursor/skills/chiefops/references/delegated-execution.md",
      "reason": "destination-observation-unknown"
    },
    {
      "targetId": "cursor",
      "surface": "office/references/source-backed-work.md",
      "destination": "/private/var/folders/1_/m2vfg4n10n9_50cz0bmvnmx80000gn/T/trio-v2-production-upgrade-v1-standard-7MQgeg/home/manual/cursor/skills/trio/office/references/source-backed-work.md",
      "reason": "destination-observation-unknown"
    },
    {
      "targetId": "cursor",
      "surface": "office/references/artifact-and-delivery.md",
      "destination": "/private/var/folders/1_/m2vfg4n10n9_50cz0bmvnmx80000gn/T/trio-v2-production-upgrade-v1-standard-7MQgeg/home/manual/cursor/skills/trio/office/references/artifact-and-delivery.md",
      "reason": "destination-observation-unknown"
    }
  ]
}
{
  "schemaVersion": 2,
  "runtime": "trio",
  "mode": "apply",
  "descriptors": [
    {
      "targetId": "codex",
      "surface": "entry",
      "destination": "/private/var/folders/1_/m2vfg4n10n9_50cz0bmvnmx80000gn/T/trio-v2-production-upgrade-v1-standard-7MQgeg/home/.codex/AGENTS.md",
      "action": "update",
      "execution": "managed",
      "conflict": false
    },
    {
      "targetId": "codex",
      "surface": "trio",
      "destination": "/private/var/folders/1_/m2vfg4n10n9_50cz0bmvnmx80000gn/T/trio-v2-production-upgrade-v1-standard-7MQgeg/home/.agents/skills/trio/SKILL.md",
      "action": "update",
      "execution": "managed",
      "conflict": false
    },
    {
      "targetId": "codex",
      "surface": "dev",
      "destination": "/private/var/folders/1_/m2vfg4n10n9_50cz0bmvnmx80000gn/T/trio-v2-production-upgrade-v1-standard-7MQgeg/home/.agents/skills/trio/dev/SKILL.md",
      "action": "update",
      "execution": "managed",
      "conflict": false
    },
    {
      "targetId": "codex",
      "surface": "office",
      "destination": "/private/var/folders/1_/m2vfg4n10n9_50cz0bmvnmx80000gn/T/trio-v2-production-upgrade-v1-standard-7MQgeg/home/.agents/skills/trio/office/SKILL.md",
      "action": "update",
      "execution": "managed",
      "conflict": false
    },
    {
      "targetId": "codex",
      "surface": "safety",
      "destination": "/private/var/folders/1_/m2vfg4n10n9_50cz0bmvnmx80000gn/T/trio-v2-production-upgrade-v1-standard-7MQgeg/home/.agents/skills/trio/safety/SKILL.md",
      "action": "update",
      "execution": "managed",
      "conflict": false
    },
    {
      "targetId": "codex",
      "surface": "chiefops",
      "destination": "/private/var/folders/1_/m2vfg4n10n9_50cz0bmvnmx80000gn/T/trio-v2-production-upgrade-v1-standard-7MQgeg/home/.agents/skills/chiefops/SKILL.md",
      "action": "update",
      "execution": "managed",
      "conflict": false
    },
    {
      "targetId": "codex",
      "surface": "trio/references/execution.md",
      "destination": "/private/var/folders/1_/m2vfg4n10n9_50cz0bmvnmx80000gn/T/trio-v2-production-upgrade-v1-standard-7MQgeg/home/.agents/skills/trio/references/execution.md",
      "action": "update",
      "execution": "managed",
      "conflict": false
    },
    {
      "targetId": "codex",
      "surface": "dev/references/methods.md",
      "destination": "/private/var/folders/1_/m2vfg4n10n9_50cz0bmvnmx80000gn/T/trio-v2-production-upgrade-v1-standard-7MQgeg/home/.agents/skills/trio/dev/references/methods.md",
      "action": "update",
      "execution": "managed",
      "conflict": false
    },
    {
      "targetId": "codex",
      "surface": "dev/references/review.md",
      "destination": "/private/var/folders/1_/m2vfg4n10n9_50cz0bmvnmx80000gn/T/trio-v2-production-upgrade-v1-standard-7MQgeg/home/.agents/skills/trio/dev/references/review.md",
      "action": "update",
      "execution": "managed",
      "conflict": false
    },
    {
      "targetId": "codex",
      "surface": "dev/references/pr-feedback.md",
      "destination": "/private/var/folders/1_/m2vfg4n10n9_50cz0bmvnmx80000gn/T/trio-v2-production-upgrade-v1-standard-7MQgeg/home/.agents/skills/trio/dev/references/pr-feedback.md",
      "action": "update",
      "execution": "managed",
      "conflict": false
    },
    {
      "targetId": "codex",
      "surface": "chiefops/references/delegated-execution.md",
      "destination": "/private/var/folders/1_/m2vfg4n10n9_50cz0bmvnmx80000gn/T/trio-v2-production-upgrade-v1-standard-7MQgeg/home/.agents/skills/chiefops/references/delegated-execution.md",
      "action": "update",
      "execution": "managed",
      "conflict": false
    },
    {
      "targetId": "codex",
      "surface": "office/references/source-backed-work.md",
      "destination": "/private/var/folders/1_/m2vfg4n10n9_50cz0bmvnmx80000gn/T/trio-v2-production-upgrade-v1-standard-7MQgeg/home/.agents/skills/trio/office/references/source-backed-work.md",
      "action": "update",
      "execution": "managed",
      "conflict": false
    },
    {
      "targetId": "codex",
      "surface": "office/references/artifact-and-delivery.md",
      "destination": "/private/var/folders/1_/m2vfg4n10n9_50cz0bmvnmx80000gn/T/trio-v2-production-upgrade-v1-standard-7MQgeg/home/.agents/skills/trio/office/references/artifact-and-delivery.md",
      "action": "update",
      "execution": "managed",
      "conflict": false
    },
    {
      "targetId": "cursor",
      "surface": "entry",
      "destination": "/private/var/folders/1_/m2vfg4n10n9_50cz0bmvnmx80000gn/T/trio-v2-production-upgrade-v1-standard-7MQgeg/home/manual/cursor/entry-policy.md",
      "action": "preserve",
      "execution": "manual",
      "conflict": true
    },
    {
      "targetId": "cursor",
      "surface": "trio",
      "destination": "/private/var/folders/1_/m2vfg4n10n9_50cz0bmvnmx80000gn/T/trio-v2-production-upgrade-v1-standard-7MQgeg/home/manual/cursor/skills/trio/SKILL.md",
      "action": "preserve",
      "execution": "manual",
      "conflict": true
    },
    {
      "targetId": "cursor",
      "surface": "dev",
      "destination": "/private/var/folders/1_/m2vfg4n10n9_50cz0bmvnmx80000gn/T/trio-v2-production-upgrade-v1-standard-7MQgeg/home/manual/cursor/skills/trio/dev/SKILL.md",
      "action": "preserve",
      "execution": "manual",
      "conflict": true
    },
    {
      "targetId": "cursor",
      "surface": "office",
      "destination": "/private/var/folders/1_/m2vfg4n10n9_50cz0bmvnmx80000gn/T/trio-v2-production-upgrade-v1-standard-7MQgeg/home/manual/cursor/skills/trio/office/SKILL.md",
      "action": "preserve",
      "execution": "manual",
      "conflict": true
    },
    {
      "targetId": "cursor",
      "surface": "safety",
      "destination": "/private/var/folders/1_/m2vfg4n10n9_50cz0bmvnmx80000gn/T/trio-v2-production-upgrade-v1-standard-7MQgeg/home/manual/cursor/skills/trio/safety/SKILL.md",
      "action": "preserve",
      "execution": "manual",
      "conflict": true
    },
    {
      "targetId": "cursor",
      "surface": "chiefops",
      "destination": "/private/var/folders/1_/m2vfg4n10n9_50cz0bmvnmx80000gn/T/trio-v2-production-upgrade-v1-standard-7MQgeg/home/manual/cursor/skills/chiefops/SKILL.md",
      "action": "preserve",
      "execution": "manual",
      "conflict": true
    },
    {
      "targetId": "cursor",
      "surface": "trio/references/execution.md",
      "destination": "/private/var/folders/1_/m2vfg4n10n9_50cz0bmvnmx80000gn/T/trio-v2-production-upgrade-v1-standard-7MQgeg/home/manual/cursor/skills/trio/references/execution.md",
      "action": "preserve",
      "execution": "manual",
      "conflict": true
    },
    {
      "targetId": "cursor",
      "surface": "dev/references/methods.md",
      "destination": "/private/var/folders/1_/m2vfg4n10n9_50cz0bmvnmx80000gn/T/trio-v2-production-upgrade-v1-standard-7MQgeg/home/manual/cursor/skills/trio/dev/references/methods.md",
      "action": "preserve",
      "execution": "manual",
      "conflict": true
    },
    {
      "targetId": "cursor",
      "surface": "dev/references/review.md",
      "destination": "/private/var/folders/1_/m2vfg4n10n9_50cz0bmvnmx80000gn/T/trio-v2-production-upgrade-v1-standard-7MQgeg/home/manual/cursor/skills/trio/dev/references/review.md",
      "action": "preserve",
      "execution": "manual",
      "conflict": true
    },
    {
      "targetId": "cursor",
      "surface": "dev/references/pr-feedback.md",
      "destination": "/private/var/folders/1_/m2vfg4n10n9_50cz0bmvnmx80000gn/T/trio-v2-production-upgrade-v1-standard-7MQgeg/home/manual/cursor/skills/trio/dev/references/pr-feedback.md",
      "action": "preserve",
      "execution": "manual",
      "conflict": true
    },
    {
      "targetId": "cursor",
      "surface": "chiefops/references/delegated-execution.md",
      "destination": "/private/var/folders/1_/m2vfg4n10n9_50cz0bmvnmx80000gn/T/trio-v2-production-upgrade-v1-standard-7MQgeg/home/manual/cursor/skills/chiefops/references/delegated-execution.md",
      "action": "preserve",
      "execution": "manual",
      "conflict": true
    },
    {
      "targetId": "cursor",
      "surface": "office/references/source-backed-work.md",
      "destination": "/private/var/folders/1_/m2vfg4n10n9_50cz0bmvnmx80000gn/T/trio-v2-production-upgrade-v1-standard-7MQgeg/home/manual/cursor/skills/trio/office/references/source-backed-work.md",
      "action": "preserve",
      "execution": "manual",
      "conflict": true
    },
    {
      "targetId": "cursor",
      "surface": "office/references/artifact-and-delivery.md",
      "destination": "/private/var/folders/1_/m2vfg4n10n9_50cz0bmvnmx80000gn/T/trio-v2-production-upgrade-v1-standard-7MQgeg/home/manual/cursor/skills/trio/office/references/artifact-and-delivery.md",
      "action": "preserve",
      "execution": "manual",
      "conflict": true
    }
  ],
  "conflicts": [
    {
      "targetId": "cursor",
      "surface": "entry",
      "destination": "/private/var/folders/1_/m2vfg4n10n9_50cz0bmvnmx80000gn/T/trio-v2-production-upgrade-v1-standard-7MQgeg/home/manual/cursor/entry-policy.md",
      "reason": "destination-observation-unknown"
    },
    {
      "targetId": "cursor",
      "surface": "trio",
      "destination": "/private/var/folders/1_/m2vfg4n10n9_50cz0bmvnmx80000gn/T/trio-v2-production-upgrade-v1-standard-7MQgeg/home/manual/cursor/skills/trio/SKILL.md",
      "reason": "destination-observation-unknown"
    },
    {
      "targetId": "cursor",
      "surface": "dev",
      "destination": "/private/var/folders/1_/m2vfg4n10n9_50cz0bmvnmx80000gn/T/trio-v2-production-upgrade-v1-standard-7MQgeg/home/manual/cursor/skills/trio/dev/SKILL.md",
      "reason": "destination-observation-unknown"
    },
    {
      "targetId": "cursor",
      "surface": "office",
      "destination": "/private/var/folders/1_/m2vfg4n10n9_50cz0bmvnmx80000gn/T/trio-v2-production-upgrade-v1-standard-7MQgeg/home/manual/cursor/skills/trio/office/SKILL.md",
      "reason": "destination-observation-unknown"
    },
    {
      "targetId": "cursor",
      "surface": "safety",
      "destination": "/private/var/folders/1_/m2vfg4n10n9_50cz0bmvnmx80000gn/T/trio-v2-production-upgrade-v1-standard-7MQgeg/home/manual/cursor/skills/trio/safety/SKILL.md",
      "reason": "destination-observation-unknown"
    },
    {
      "targetId": "cursor",
      "surface": "chiefops",
      "destination": "/private/var/folders/1_/m2vfg4n10n9_50cz0bmvnmx80000gn/T/trio-v2-production-upgrade-v1-standard-7MQgeg/home/manual/cursor/skills/chiefops/SKILL.md",
      "reason": "destination-observation-unknown"
    },
    {
      "targetId": "cursor",
      "surface": "trio/references/execution.md",
      "destination": "/private/var/folders/1_/m2vfg4n10n9_50cz0bmvnmx80000gn/T/trio-v2-production-upgrade-v1-standard-7MQgeg/home/manual/cursor/skills/trio/references/execution.md",
      "reason": "destination-observation-unknown"
    },
    {
      "targetId": "cursor",
      "surface": "dev/references/methods.md",
      "destination": "/private/var/folders/1_/m2vfg4n10n9_50cz0bmvnmx80000gn/T/trio-v2-production-upgrade-v1-standard-7MQgeg/home/manual/cursor/skills/trio/dev/references/methods.md",
      "reason": "destination-observation-unknown"
    },
    {
      "targetId": "cursor",
      "surface": "dev/references/review.md",
      "destination": "/private/var/folders/1_/m2vfg4n10n9_50cz0bmvnmx80000gn/T/trio-v2-production-upgrade-v1-standard-7MQgeg/home/manual/cursor/skills/trio/dev/references/review.md",
      "reason": "destination-observation-unknown"
    },
    {
      "targetId": "cursor",
      "surface": "dev/references/pr-feedback.md",
      "destination": "/private/var/folders/1_/m2vfg4n10n9_50cz0bmvnmx80000gn/T/trio-v2-production-upgrade-v1-standard-7MQgeg/home/manual/cursor/skills/trio/dev/references/pr-feedback.md",
      "reason": "destination-observation-unknown"
    },
    {
      "targetId": "cursor",
      "surface": "chiefops/references/delegated-execution.md",
      "destination": "/private/var/folders/1_/m2vfg4n10n9_50cz0bmvnmx80000gn/T/trio-v2-production-upgrade-v1-standard-7MQgeg/home/manual/cursor/skills/chiefops/references/delegated-execution.md",
      "reason": "destination-observation-unknown"
    },
    {
      "targetId": "cursor",
      "surface": "office/references/source-backed-work.md",
      "destination": "/private/var/folders/1_/m2vfg4n10n9_50cz0bmvnmx80000gn/T/trio-v2-production-upgrade-v1-standard-7MQgeg/home/manual/cursor/skills/trio/office/references/source-backed-work.md",
      "reason": "destination-observation-unknown"
    },
    {
      "targetId": "cursor",
      "surface": "office/references/artifact-and-delivery.md",
      "destination": "/private/var/folders/1_/m2vfg4n10n9_50cz0bmvnmx80000gn/T/trio-v2-production-upgrade-v1-standard-7MQgeg/home/manual/cursor/skills/trio/office/references/artifact-and-delivery.md",
      "reason": "destination-observation-unknown"
    }
  ]
}
{
  "schemaVersion": 2,
  "runtime": "trio",
  "readable": true,
  "descriptorCount": 26,
  "conflicts": [
    {
      "targetId": "cursor",
      "surface": "entry",
      "destination": "/private/var/folders/1_/m2vfg4n10n9_50cz0bmvnmx80000gn/T/trio-v2-production-upgrade-v1-standard-7MQgeg/home/manual/cursor/entry-policy.md",
      "reason": "destination-observation-unknown"
    },
    {
      "targetId": "cursor",
      "surface": "trio",
      "destination": "/private/var/folders/1_/m2vfg4n10n9_50cz0bmvnmx80000gn/T/trio-v2-production-upgrade-v1-standard-7MQgeg/home/manual/cursor/skills/trio/SKILL.md",
      "reason": "destination-observation-unknown"
    },
    {
      "targetId": "cursor",
      "surface": "dev",
      "destination": "/private/var/folders/1_/m2vfg4n10n9_50cz0bmvnmx80000gn/T/trio-v2-production-upgrade-v1-standard-7MQgeg/home/manual/cursor/skills/trio/dev/SKILL.md",
      "reason": "destination-observation-unknown"
    },
    {
      "targetId": "cursor",
      "surface": "office",
      "destination": "/private/var/folders/1_/m2vfg4n10n9_50cz0bmvnmx80000gn/T/trio-v2-production-upgrade-v1-standard-7MQgeg/home/manual/cursor/skills/trio/office/SKILL.md",
      "reason": "destination-observation-unknown"
    },
    {
      "targetId": "cursor",
      "surface": "safety",
      "destination": "/private/var/folders/1_/m2vfg4n10n9_50cz0bmvnmx80000gn/T/trio-v2-production-upgrade-v1-standard-7MQgeg/home/manual/cursor/skills/trio/safety/SKILL.md",
      "reason": "destination-observation-unknown"
    },
    {
      "targetId": "cursor",
      "surface": "chiefops",
      "destination": "/private/var/folders/1_/m2vfg4n10n9_50cz0bmvnmx80000gn/T/trio-v2-production-upgrade-v1-standard-7MQgeg/home/manual/cursor/skills/chiefops/SKILL.md",
      "reason": "destination-observation-unknown"
    },
    {
      "targetId": "cursor",
      "surface": "trio/references/execution.md",
      "destination": "/private/var/folders/1_/m2vfg4n10n9_50cz0bmvnmx80000gn/T/trio-v2-production-upgrade-v1-standard-7MQgeg/home/manual/cursor/skills/trio/references/execution.md",
      "reason": "destination-observation-unknown"
    },
    {
      "targetId": "cursor",
      "surface": "dev/references/methods.md",
      "destination": "/private/var/folders/1_/m2vfg4n10n9_50cz0bmvnmx80000gn/T/trio-v2-production-upgrade-v1-standard-7MQgeg/home/manual/cursor/skills/trio/dev/references/methods.md",
      "reason": "destination-observation-unknown"
    },
    {
      "targetId": "cursor",
      "surface": "dev/references/review.md",
      "destination": "/private/var/folders/1_/m2vfg4n10n9_50cz0bmvnmx80000gn/T/trio-v2-production-upgrade-v1-standard-7MQgeg/home/manual/cursor/skills/trio/dev/references/review.md",
      "reason": "destination-observation-unknown"
    },
    {
      "targetId": "cursor",
      "surface": "dev/references/pr-feedback.md",
      "destination": "/private/var/folders/1_/m2vfg4n10n9_50cz0bmvnmx80000gn/T/trio-v2-production-upgrade-v1-standard-7MQgeg/home/manual/cursor/skills/trio/dev/references/pr-feedback.md",
      "reason": "destination-observation-unknown"
    },
    {
      "targetId": "cursor",
      "surface": "chiefops/references/delegated-execution.md",
      "destination": "/private/var/folders/1_/m2vfg4n10n9_50cz0bmvnmx80000gn/T/trio-v2-production-upgrade-v1-standard-7MQgeg/home/manual/cursor/skills/chiefops/references/delegated-execution.md",
      "reason": "destination-observation-unknown"
    },
    {
      "targetId": "cursor",
      "surface": "office/references/source-backed-work.md",
      "destination": "/private/var/folders/1_/m2vfg4n10n9_50cz0bmvnmx80000gn/T/trio-v2-production-upgrade-v1-standard-7MQgeg/home/manual/cursor/skills/trio/office/references/source-backed-work.md",
      "reason": "destination-observation-unknown"
    },
    {
      "targetId": "cursor",
      "surface": "office/references/artifact-and-delivery.md",
      "destination": "/private/var/folders/1_/m2vfg4n10n9_50cz0bmvnmx80000gn/T/trio-v2-production-upgrade-v1-standard-7MQgeg/home/manual/cursor/skills/trio/office/references/artifact-and-delivery.md",
      "reason": "destination-observation-unknown"
    }
  ],
  "mode": "check-only"
}
{
  "schemaVersion": 2,
  "runtime": "trio",
  "opened": true,
  "rendered": false,
  "descriptorCount": 26,
  "conflicts": [
    {
      "targetId": "cursor",
      "surface": "entry",
      "destination": "/private/var/folders/1_/m2vfg4n10n9_50cz0bmvnmx80000gn/T/trio-v2-production-upgrade-v1-standard-7MQgeg/home/manual/cursor/entry-policy.md",
      "reason": "destination-observation-unknown"
    },
    {
      "targetId": "cursor",
      "surface": "trio",
      "destination": "/private/var/folders/1_/m2vfg4n10n9_50cz0bmvnmx80000gn/T/trio-v2-production-upgrade-v1-standard-7MQgeg/home/manual/cursor/skills/trio/SKILL.md",
      "reason": "destination-observation-unknown"
    },
    {
      "targetId": "cursor",
      "surface": "dev",
      "destination": "/private/var/folders/1_/m2vfg4n10n9_50cz0bmvnmx80000gn/T/trio-v2-production-upgrade-v1-standard-7MQgeg/home/manual/cursor/skills/trio/dev/SKILL.md",
      "reason": "destination-observation-unknown"
    },
    {
      "targetId": "cursor",
      "surface": "office",
      "destination": "/private/var/folders/1_/m2vfg4n10n9_50cz0bmvnmx80000gn/T/trio-v2-production-upgrade-v1-standard-7MQgeg/home/manual/cursor/skills/trio/office/SKILL.md",
      "reason": "destination-observation-unknown"
    },
    {
      "targetId": "cursor",
      "surface": "safety",
      "destination": "/private/var/folders/1_/m2vfg4n10n9_50cz0bmvnmx80000gn/T/trio-v2-production-upgrade-v1-standard-7MQgeg/home/manual/cursor/skills/trio/safety/SKILL.md",
      "reason": "destination-observation-unknown"
    },
    {
      "targetId": "cursor",
      "surface": "chiefops",
      "destination": "/private/var/folders/1_/m2vfg4n10n9_50cz0bmvnmx80000gn/T/trio-v2-production-upgrade-v1-standard-7MQgeg/home/manual/cursor/skills/chiefops/SKILL.md",
      "reason": "destination-observation-unknown"
    },
    {
      "targetId": "cursor",
      "surface": "trio/references/execution.md",
      "destination": "/private/var/folders/1_/m2vfg4n10n9_50cz0bmvnmx80000gn/T/trio-v2-production-upgrade-v1-standard-7MQgeg/home/manual/cursor/skills/trio/references/execution.md",
      "reason": "destination-observation-unknown"
    },
    {
      "targetId": "cursor",
      "surface": "dev/references/methods.md",
      "destination": "/private/var/folders/1_/m2vfg4n10n9_50cz0bmvnmx80000gn/T/trio-v2-production-upgrade-v1-standard-7MQgeg/home/manual/cursor/skills/trio/dev/references/methods.md",
      "reason": "destination-observation-unknown"
    },
    {
      "targetId": "cursor",
      "surface": "dev/references/review.md",
      "destination": "/private/var/folders/1_/m2vfg4n10n9_50cz0bmvnmx80000gn/T/trio-v2-production-upgrade-v1-standard-7MQgeg/home/manual/cursor/skills/trio/dev/references/review.md",
      "reason": "destination-observation-unknown"
    },
    {
      "targetId": "cursor",
      "surface": "dev/references/pr-feedback.md",
      "destination": "/private/var/folders/1_/m2vfg4n10n9_50cz0bmvnmx80000gn/T/trio-v2-production-upgrade-v1-standard-7MQgeg/home/manual/cursor/skills/trio/dev/references/pr-feedback.md",
      "reason": "destination-observation-unknown"
    },
    {
      "targetId": "cursor",
      "surface": "chiefops/references/delegated-execution.md",
      "destination": "/private/var/folders/1_/m2vfg4n10n9_50cz0bmvnmx80000gn/T/trio-v2-production-upgrade-v1-standard-7MQgeg/home/manual/cursor/skills/chiefops/references/delegated-execution.md",
      "reason": "destination-observation-unknown"
    },
    {
      "targetId": "cursor",
      "surface": "office/references/source-backed-work.md",
      "destination": "/private/var/folders/1_/m2vfg4n10n9_50cz0bmvnmx80000gn/T/trio-v2-production-upgrade-v1-standard-7MQgeg/home/manual/cursor/skills/trio/office/references/source-backed-work.md",
      "reason": "destination-observation-unknown"
    },
    {
      "targetId": "cursor",
      "surface": "office/references/artifact-and-delivery.md",
      "destination": "/private/var/folders/1_/m2vfg4n10n9_50cz0bmvnmx80000gn/T/trio-v2-production-upgrade-v1-standard-7MQgeg/home/manual/cursor/skills/trio/office/references/artifact-and-delivery.md",
      "reason": "destination-observation-unknown"
    }
  ]
}
✔ production V1 stays legacy until explicit checkpointed upgrade, then uses the V2 lifecycle (2497.256792ms)
✔ production V1 upgrade rejects a hard-linked recovery before state or destination writes (46.771208ms)
{
  "runtime": "trio",
  "mode": "upgrade",
  "writes": [
    "/private/var/folders/1_/m2vfg4n10n9_50cz0bmvnmx80000gn/T/trio-v2-command-upgrade-v1-standard-ctvQxb/home/.codex/AGENTS.md",
    "/private/var/folders/1_/m2vfg4n10n9_50cz0bmvnmx80000gn/T/trio-v2-command-upgrade-v1-standard-ctvQxb/home/.agents/skills/trio/SKILL.md",
    "/private/var/folders/1_/m2vfg4n10n9_50cz0bmvnmx80000gn/T/trio-v2-command-upgrade-v1-standard-ctvQxb/home/.agents/skills/trio/dev/SKILL.md",
    "/private/var/folders/1_/m2vfg4n10n9_50cz0bmvnmx80000gn/T/trio-v2-command-upgrade-v1-standard-ctvQxb/home/.agents/skills/trio/office/SKILL.md",
    "/private/var/folders/1_/m2vfg4n10n9_50cz0bmvnmx80000gn/T/trio-v2-command-upgrade-v1-standard-ctvQxb/home/.agents/skills/trio/safety/SKILL.md",
    "/private/var/folders/1_/m2vfg4n10n9_50cz0bmvnmx80000gn/T/trio-v2-command-upgrade-v1-standard-ctvQxb/home/.agents/skills/chiefops/SKILL.md",
    "/private/var/folders/1_/m2vfg4n10n9_50cz0bmvnmx80000gn/T/trio-v2-command-upgrade-v1-standard-ctvQxb/home/.agents/skills/trio/references/execution.md",
    "/private/var/folders/1_/m2vfg4n10n9_50cz0bmvnmx80000gn/T/trio-v2-command-upgrade-v1-standard-ctvQxb/home/.agents/skills/trio/dev/references/methods.md",
    "/private/var/folders/1_/m2vfg4n10n9_50cz0bmvnmx80000gn/T/trio-v2-command-upgrade-v1-standard-ctvQxb/home/.agents/skills/trio/dev/references/review.md",
    "/private/var/folders/1_/m2vfg4n10n9_50cz0bmvnmx80000gn/T/trio-v2-command-upgrade-v1-standard-ctvQxb/home/.agents/skills/trio/dev/references/pr-feedback.md",
    "/private/var/folders/1_/m2vfg4n10n9_50cz0bmvnmx80000gn/T/trio-v2-command-upgrade-v1-standard-ctvQxb/home/.agents/skills/chiefops/references/delegated-execution.md",
    "/private/var/folders/1_/m2vfg4n10n9_50cz0bmvnmx80000gn/T/trio-v2-command-upgrade-v1-standard-ctvQxb/home/.agents/skills/trio/office/references/source-backed-work.md",
    "/private/var/folders/1_/m2vfg4n10n9_50cz0bmvnmx80000gn/T/trio-v2-command-upgrade-v1-standard-ctvQxb/home/.agents/skills/trio/office/references/artifact-and-delivery.md"
  ],
  "conflicts": [
    {
      "targetId": "cursor",
      "surface": "entry",
      "destination": "/private/var/folders/1_/m2vfg4n10n9_50cz0bmvnmx80000gn/T/trio-v2-command-upgrade-v1-standard-ctvQxb/home/manual/cursor/entry-policy.md",
      "reason": "destination-observation-unknown"
    },
    {
      "targetId": "cursor",
      "surface": "trio",
      "destination": "/private/var/folders/1_/m2vfg4n10n9_50cz0bmvnmx80000gn/T/trio-v2-command-upgrade-v1-standard-ctvQxb/home/manual/cursor/skills/trio/SKILL.md",
      "reason": "destination-observation-unknown"
    },
    {
      "targetId": "cursor",
      "surface": "dev",
      "destination": "/private/var/folders/1_/m2vfg4n10n9_50cz0bmvnmx80000gn/T/trio-v2-command-upgrade-v1-standard-ctvQxb/home/manual/cursor/skills/trio/dev/SKILL.md",
      "reason": "destination-observation-unknown"
    },
    {
      "targetId": "cursor",
      "surface": "office",
      "destination": "/private/var/folders/1_/m2vfg4n10n9_50cz0bmvnmx80000gn/T/trio-v2-command-upgrade-v1-standard-ctvQxb/home/manual/cursor/skills/trio/office/SKILL.md",
      "reason": "destination-observation-unknown"
    },
    {
      "targetId": "cursor",
      "surface": "safety",
      "destination": "/private/var/folders/1_/m2vfg4n10n9_50cz0bmvnmx80000gn/T/trio-v2-command-upgrade-v1-standard-ctvQxb/home/manual/cursor/skills/trio/safety/SKILL.md",
      "reason": "destination-observation-unknown"
    },
    {
      "targetId": "cursor",
      "surface": "chiefops",
      "destination": "/private/var/folders/1_/m2vfg4n10n9_50cz0bmvnmx80000gn/T/trio-v2-command-upgrade-v1-standard-ctvQxb/home/manual/cursor/skills/chiefops/SKILL.md",
      "reason": "destination-observation-unknown"
    },
    {
      "targetId": "cursor",
      "surface": "trio/references/execution.md",
      "destination": "/private/var/folders/1_/m2vfg4n10n9_50cz0bmvnmx80000gn/T/trio-v2-command-upgrade-v1-standard-ctvQxb/home/manual/cursor/skills/trio/references/execution.md",
      "reason": "destination-observation-unknown"
    },
    {
      "targetId": "cursor",
      "surface": "dev/references/methods.md",
      "destination": "/private/var/folders/1_/m2vfg4n10n9_50cz0bmvnmx80000gn/T/trio-v2-command-upgrade-v1-standard-ctvQxb/home/manual/cursor/skills/trio/dev/references/methods.md",
      "reason": "destination-observation-unknown"
    },
    {
      "targetId": "cursor",
      "surface": "dev/references/review.md",
      "destination": "/private/var/folders/1_/m2vfg4n10n9_50cz0bmvnmx80000gn/T/trio-v2-command-upgrade-v1-standard-ctvQxb/home/manual/cursor/skills/trio/dev/references/review.md",
      "reason": "destination-observation-unknown"
    },
    {
      "targetId": "cursor",
      "surface": "dev/references/pr-feedback.md",
      "destination": "/private/var/folders/1_/m2vfg4n10n9_50cz0bmvnmx80000gn/T/trio-v2-command-upgrade-v1-standard-ctvQxb/home/manual/cursor/skills/trio/dev/references/pr-feedback.md",
      "reason": "destination-observation-unknown"
    },
    {
      "targetId": "cursor",
      "surface": "chiefops/references/delegated-execution.md",
      "destination": "/private/var/folders/1_/m2vfg4n10n9_50cz0bmvnmx80000gn/T/trio-v2-command-upgrade-v1-standard-ctvQxb/home/manual/cursor/skills/chiefops/references/delegated-execution.md",
      "reason": "destination-observation-unknown"
    },
    {
      "targetId": "cursor",
      "surface": "office/references/source-backed-work.md",
      "destination": "/private/var/folders/1_/m2vfg4n10n9_50cz0bmvnmx80000gn/T/trio-v2-command-upgrade-v1-standard-ctvQxb/home/manual/cursor/skills/trio/office/references/source-backed-work.md",
      "reason": "destination-observation-unknown"
    },
    {
      "targetId": "cursor",
      "surface": "office/references/artifact-and-delivery.md",
      "destination": "/private/var/folders/1_/m2vfg4n10n9_50cz0bmvnmx80000gn/T/trio-v2-command-upgrade-v1-standard-ctvQxb/home/manual/cursor/skills/trio/office/references/artifact-and-delivery.md",
      "reason": "destination-observation-unknown"
    }
  ]
}
{
  "schemaVersion": 2,
  "runtime": "trio",
  "mode": "dry-run",
  "descriptors": [
    {
      "targetId": "codex",
      "surface": "entry",
      "destination": "/private/var/folders/1_/m2vfg4n10n9_50cz0bmvnmx80000gn/T/trio-v2-command-upgrade-v1-standard-ctvQxb/home/.codex/AGENTS.md",
      "action": "update",
      "execution": "managed",
      "conflict": false
    },
    {
      "targetId": "codex",
      "surface": "trio",
      "destination": "/private/var/folders/1_/m2vfg4n10n9_50cz0bmvnmx80000gn/T/trio-v2-command-upgrade-v1-standard-ctvQxb/home/.agents/skills/trio/SKILL.md",
      "action": "update",
      "execution": "managed",
      "conflict": false
    },
    {
      "targetId": "codex",
      "surface": "dev",
      "destination": "/private/var/folders/1_/m2vfg4n10n9_50cz0bmvnmx80000gn/T/trio-v2-command-upgrade-v1-standard-ctvQxb/home/.agents/skills/trio/dev/SKILL.md",
      "action": "update",
      "execution": "managed",
      "conflict": false
    },
    {
      "targetId": "codex",
      "surface": "office",
      "destination": "/private/var/folders/1_/m2vfg4n10n9_50cz0bmvnmx80000gn/T/trio-v2-command-upgrade-v1-standard-ctvQxb/home/.agents/skills/trio/office/SKILL.md",
      "action": "update",
      "execution": "managed",
      "conflict": false
    },
    {
      "targetId": "codex",
      "surface": "safety",
      "destination": "/private/var/folders/1_/m2vfg4n10n9_50cz0bmvnmx80000gn/T/trio-v2-command-upgrade-v1-standard-ctvQxb/home/.agents/skills/trio/safety/SKILL.md",
      "action": "update",
      "execution": "managed",
      "conflict": false
    },
    {
      "targetId": "codex",
      "surface": "chiefops",
      "destination": "/private/var/folders/1_/m2vfg4n10n9_50cz0bmvnmx80000gn/T/trio-v2-command-upgrade-v1-standard-ctvQxb/home/.agents/skills/chiefops/SKILL.md",
      "action": "update",
      "execution": "managed",
      "conflict": false
    },
    {
      "targetId": "codex",
      "surface": "trio/references/execution.md",
      "destination": "/private/var/folders/1_/m2vfg4n10n9_50cz0bmvnmx80000gn/T/trio-v2-command-upgrade-v1-standard-ctvQxb/home/.agents/skills/trio/references/execution.md",
      "action": "update",
      "execution": "managed",
      "conflict": false
    },
    {
      "targetId": "codex",
      "surface": "dev/references/methods.md",
      "destination": "/private/var/folders/1_/m2vfg4n10n9_50cz0bmvnmx80000gn/T/trio-v2-command-upgrade-v1-standard-ctvQxb/home/.agents/skills/trio/dev/references/methods.md",
      "action": "update",
      "execution": "managed",
      "conflict": false
    },
    {
      "targetId": "codex",
      "surface": "dev/references/review.md",
      "destination": "/private/var/folders/1_/m2vfg4n10n9_50cz0bmvnmx80000gn/T/trio-v2-command-upgrade-v1-standard-ctvQxb/home/.agents/skills/trio/dev/references/review.md",
      "action": "update",
      "execution": "managed",
      "conflict": false
    },
    {
      "targetId": "codex",
      "surface": "dev/references/pr-feedback.md",
      "destination": "/private/var/folders/1_/m2vfg4n10n9_50cz0bmvnmx80000gn/T/trio-v2-command-upgrade-v1-standard-ctvQxb/home/.agents/skills/trio/dev/references/pr-feedback.md",
      "action": "update",
      "execution": "managed",
      "conflict": false
    },
    {
      "targetId": "codex",
      "surface": "chiefops/references/delegated-execution.md",
      "destination": "/private/var/folders/1_/m2vfg4n10n9_50cz0bmvnmx80000gn/T/trio-v2-command-upgrade-v1-standard-ctvQxb/home/.agents/skills/chiefops/references/delegated-execution.md",
      "action": "update",
      "execution": "managed",
      "conflict": false
    },
    {
      "targetId": "codex",
      "surface": "office/references/source-backed-work.md",
      "destination": "/private/var/folders/1_/m2vfg4n10n9_50cz0bmvnmx80000gn/T/trio-v2-command-upgrade-v1-standard-ctvQxb/home/.agents/skills/trio/office/references/source-backed-work.md",
      "action": "update",
      "execution": "managed",
      "conflict": false
    },
    {
      "targetId": "codex",
      "surface": "office/references/artifact-and-delivery.md",
      "destination": "/private/var/folders/1_/m2vfg4n10n9_50cz0bmvnmx80000gn/T/trio-v2-command-upgrade-v1-standard-ctvQxb/home/.agents/skills/trio/office/references/artifact-and-delivery.md",
      "action": "update",
      "execution": "managed",
      "conflict": false
    },
    {
      "targetId": "cursor",
      "surface": "entry",
      "destination": "/private/var/folders/1_/m2vfg4n10n9_50cz0bmvnmx80000gn/T/trio-v2-command-upgrade-v1-standard-ctvQxb/home/manual/cursor/entry-policy.md",
      "action": "preserve",
      "execution": "manual",
      "conflict": true
    },
    {
      "targetId": "cursor",
      "surface": "trio",
      "destination": "/private/var/folders/1_/m2vfg4n10n9_50cz0bmvnmx80000gn/T/trio-v2-command-upgrade-v1-standard-ctvQxb/home/manual/cursor/skills/trio/SKILL.md",
      "action": "preserve",
      "execution": "manual",
      "conflict": true
    },
    {
      "targetId": "cursor",
      "surface": "dev",
      "destination": "/private/var/folders/1_/m2vfg4n10n9_50cz0bmvnmx80000gn/T/trio-v2-command-upgrade-v1-standard-ctvQxb/home/manual/cursor/skills/trio/dev/SKILL.md",
      "action": "preserve",
      "execution": "manual",
      "conflict": true
    },
    {
      "targetId": "cursor",
      "surface": "office",
      "destination": "/private/var/folders/1_/m2vfg4n10n9_50cz0bmvnmx80000gn/T/trio-v2-command-upgrade-v1-standard-ctvQxb/home/manual/cursor/skills/trio/office/SKILL.md",
      "action": "preserve",
      "execution": "manual",
      "conflict": true
    },
    {
      "targetId": "cursor",
      "surface": "safety",
      "destination": "/private/var/folders/1_/m2vfg4n10n9_50cz0bmvnmx80000gn/T/trio-v2-command-upgrade-v1-standard-ctvQxb/home/manual/cursor/skills/trio/safety/SKILL.md",
      "action": "preserve",
      "execution": "manual",
      "conflict": true
    },
    {
      "targetId": "cursor",
      "surface": "chiefops",
      "destination": "/private/var/folders/1_/m2vfg4n10n9_50cz0bmvnmx80000gn/T/trio-v2-command-upgrade-v1-standard-ctvQxb/home/manual/cursor/skills/chiefops/SKILL.md",
      "action": "preserve",
      "execution": "manual",
      "conflict": true
    },
    {
      "targetId": "cursor",
      "surface": "trio/references/execution.md",
      "destination": "/private/var/folders/1_/m2vfg4n10n9_50cz0bmvnmx80000gn/T/trio-v2-command-upgrade-v1-standard-ctvQxb/home/manual/cursor/skills/trio/references/execution.md",
      "action": "preserve",
      "execution": "manual",
      "conflict": true
    },
    {
      "targetId": "cursor",
      "surface": "dev/references/methods.md",
      "destination": "/private/var/folders/1_/m2vfg4n10n9_50cz0bmvnmx80000gn/T/trio-v2-command-upgrade-v1-standard-ctvQxb/home/manual/cursor/skills/trio/dev/references/methods.md",
      "action": "preserve",
      "execution": "manual",
      "conflict": true
    },
    {
      "targetId": "cursor",
      "surface": "dev/references/review.md",
      "destination": "/private/var/folders/1_/m2vfg4n10n9_50cz0bmvnmx80000gn/T/trio-v2-command-upgrade-v1-standard-ctvQxb/home/manual/cursor/skills/trio/dev/references/review.md",
      "action": "preserve",
      "execution": "manual",
      "conflict": true
    },
    {
      "targetId": "cursor",
      "surface": "dev/references/pr-feedback.md",
      "destination": "/private/var/folders/1_/m2vfg4n10n9_50cz0bmvnmx80000gn/T/trio-v2-command-upgrade-v1-standard-ctvQxb/home/manual/cursor/skills/trio/dev/references/pr-feedback.md",
      "action": "preserve",
      "execution": "manual",
      "conflict": true
    },
    {
      "targetId": "cursor",
      "surface": "chiefops/references/delegated-execution.md",
      "destination": "/private/var/folders/1_/m2vfg4n10n9_50cz0bmvnmx80000gn/T/trio-v2-command-upgrade-v1-standard-ctvQxb/home/manual/cursor/skills/chiefops/references/delegated-execution.md",
      "action": "preserve",
      "execution": "manual",
      "conflict": true
    },
    {
      "targetId": "cursor",
      "surface": "office/references/source-backed-work.md",
      "destination": "/private/var/folders/1_/m2vfg4n10n9_50cz0bmvnmx80000gn/T/trio-v2-command-upgrade-v1-standard-ctvQxb/home/manual/cursor/skills/trio/office/references/source-backed-work.md",
      "action": "preserve",
      "execution": "manual",
      "conflict": true
    },
    {
      "targetId": "cursor",
      "surface": "office/references/artifact-and-delivery.md",
      "destination": "/private/var/folders/1_/m2vfg4n10n9_50cz0bmvnmx80000gn/T/trio-v2-command-upgrade-v1-standard-ctvQxb/home/manual/cursor/skills/trio/office/references/artifact-and-delivery.md",
      "action": "preserve",
      "execution": "manual",
      "conflict": true
    }
  ],
  "conflicts": [
    {
      "targetId": "cursor",
      "surface": "entry",
      "destination": "/private/var/folders/1_/m2vfg4n10n9_50cz0bmvnmx80000gn/T/trio-v2-command-upgrade-v1-standard-ctvQxb/home/manual/cursor/entry-policy.md",
      "reason": "destination-observation-unknown"
    },
    {
      "targetId": "cursor",
      "surface": "trio",
      "destination": "/private/var/folders/1_/m2vfg4n10n9_50cz0bmvnmx80000gn/T/trio-v2-command-upgrade-v1-standard-ctvQxb/home/manual/cursor/skills/trio/SKILL.md",
      "reason": "destination-observation-unknown"
    },
    {
      "targetId": "cursor",
      "surface": "dev",
      "destination": "/private/var/folders/1_/m2vfg4n10n9_50cz0bmvnmx80000gn/T/trio-v2-command-upgrade-v1-standard-ctvQxb/home/manual/cursor/skills/trio/dev/SKILL.md",
      "reason": "destination-observation-unknown"
    },
    {
      "targetId": "cursor",
      "surface": "office",
      "destination": "/private/var/folders/1_/m2vfg4n10n9_50cz0bmvnmx80000gn/T/trio-v2-command-upgrade-v1-standard-ctvQxb/home/manual/cursor/skills/trio/office/SKILL.md",
      "reason": "destination-observation-unknown"
    },
    {
      "targetId": "cursor",
      "surface": "safety",
      "destination": "/private/var/folders/1_/m2vfg4n10n9_50cz0bmvnmx80000gn/T/trio-v2-command-upgrade-v1-standard-ctvQxb/home/manual/cursor/skills/trio/safety/SKILL.md",
      "reason": "destination-observation-unknown"
    },
    {
      "targetId": "cursor",
      "surface": "chiefops",
      "destination": "/private/var/folders/1_/m2vfg4n10n9_50cz0bmvnmx80000gn/T/trio-v2-command-upgrade-v1-standard-ctvQxb/home/manual/cursor/skills/chiefops/SKILL.md",
      "reason": "destination-observation-unknown"
    },
    {
      "targetId": "cursor",
      "surface": "trio/references/execution.md",
      "destination": "/private/var/folders/1_/m2vfg4n10n9_50cz0bmvnmx80000gn/T/trio-v2-command-upgrade-v1-standard-ctvQxb/home/manual/cursor/skills/trio/references/execution.md",
      "reason": "destination-observation-unknown"
    },
    {
      "targetId": "cursor",
      "surface": "dev/references/methods.md",
      "destination": "/private/var/folders/1_/m2vfg4n10n9_50cz0bmvnmx80000gn/T/trio-v2-command-upgrade-v1-standard-ctvQxb/home/manual/cursor/skills/trio/dev/references/methods.md",
      "reason": "destination-observation-unknown"
    },
    {
      "targetId": "cursor",
      "surface": "dev/references/review.md",
      "destination": "/private/var/folders/1_/m2vfg4n10n9_50cz0bmvnmx80000gn/T/trio-v2-command-upgrade-v1-standard-ctvQxb/home/manual/cursor/skills/trio/dev/references/review.md",
      "reason": "destination-observation-unknown"
    },
    {
      "targetId": "cursor",
      "surface": "dev/references/pr-feedback.md",
      "destination": "/private/var/folders/1_/m2vfg4n10n9_50cz0bmvnmx80000gn/T/trio-v2-command-upgrade-v1-standard-ctvQxb/home/manual/cursor/skills/trio/dev/references/pr-feedback.md",
      "reason": "destination-observation-unknown"
    },
    {
      "targetId": "cursor",
      "surface": "chiefops/references/delegated-execution.md",
      "destination": "/private/var/folders/1_/m2vfg4n10n9_50cz0bmvnmx80000gn/T/trio-v2-command-upgrade-v1-standard-ctvQxb/home/manual/cursor/skills/chiefops/references/delegated-execution.md",
      "reason": "destination-observation-unknown"
    },
    {
      "targetId": "cursor",
      "surface": "office/references/source-backed-work.md",
      "destination": "/private/var/folders/1_/m2vfg4n10n9_50cz0bmvnmx80000gn/T/trio-v2-command-upgrade-v1-standard-ctvQxb/home/manual/cursor/skills/trio/office/references/source-backed-work.md",
      "reason": "destination-observation-unknown"
    },
    {
      "targetId": "cursor",
      "surface": "office/references/artifact-and-delivery.md",
      "destination": "/private/var/folders/1_/m2vfg4n10n9_50cz0bmvnmx80000gn/T/trio-v2-command-upgrade-v1-standard-ctvQxb/home/manual/cursor/skills/trio/office/references/artifact-and-delivery.md",
      "reason": "destination-observation-unknown"
    }
  ]
}
{
  "schemaVersion": 2,
  "runtime": "trio",
  "readable": true,
  "descriptorCount": 26,
  "conflicts": [
    {
      "targetId": "cursor",
      "surface": "entry",
      "destination": "/private/var/folders/1_/m2vfg4n10n9_50cz0bmvnmx80000gn/T/trio-v2-command-upgrade-v1-standard-ctvQxb/home/manual/cursor/entry-policy.md",
      "reason": "destination-observation-unknown"
    },
    {
      "targetId": "cursor",
      "surface": "trio",
      "destination": "/private/var/folders/1_/m2vfg4n10n9_50cz0bmvnmx80000gn/T/trio-v2-command-upgrade-v1-standard-ctvQxb/home/manual/cursor/skills/trio/SKILL.md",
      "reason": "destination-observation-unknown"
    },
    {
      "targetId": "cursor",
      "surface": "dev",
      "destination": "/private/var/folders/1_/m2vfg4n10n9_50cz0bmvnmx80000gn/T/trio-v2-command-upgrade-v1-standard-ctvQxb/home/manual/cursor/skills/trio/dev/SKILL.md",
      "reason": "destination-observation-unknown"
    },
    {
      "targetId": "cursor",
      "surface": "office",
      "destination": "/private/var/folders/1_/m2vfg4n10n9_50cz0bmvnmx80000gn/T/trio-v2-command-upgrade-v1-standard-ctvQxb/home/manual/cursor/skills/trio/office/SKILL.md",
      "reason": "destination-observation-unknown"
    },
    {
      "targetId": "cursor",
      "surface": "safety",
      "destination": "/private/var/folders/1_/m2vfg4n10n9_50cz0bmvnmx80000gn/T/trio-v2-command-upgrade-v1-standard-ctvQxb/home/manual/cursor/skills/trio/safety/SKILL.md",
      "reason": "destination-observation-unknown"
    },
    {
      "targetId": "cursor",
      "surface": "chiefops",
      "destination": "/private/var/folders/1_/m2vfg4n10n9_50cz0bmvnmx80000gn/T/trio-v2-command-upgrade-v1-standard-ctvQxb/home/manual/cursor/skills/chiefops/SKILL.md",
      "reason": "destination-observation-unknown"
    },
    {
      "targetId": "cursor",
      "surface": "trio/references/execution.md",
      "destination": "/private/var/folders/1_/m2vfg4n10n9_50cz0bmvnmx80000gn/T/trio-v2-command-upgrade-v1-standard-ctvQxb/home/manual/cursor/skills/trio/references/execution.md",
      "reason": "destination-observation-unknown"
    },
    {
      "targetId": "cursor",
      "surface": "dev/references/methods.md",
      "destination": "/private/var/folders/1_/m2vfg4n10n9_50cz0bmvnmx80000gn/T/trio-v2-command-upgrade-v1-standard-ctvQxb/home/manual/cursor/skills/trio/dev/references/methods.md",
      "reason": "destination-observation-unknown"
    },
    {
      "targetId": "cursor",
      "surface": "dev/references/review.md",
      "destination": "/private/var/folders/1_/m2vfg4n10n9_50cz0bmvnmx80000gn/T/trio-v2-command-upgrade-v1-standard-ctvQxb/home/manual/cursor/skills/trio/dev/references/review.md",
      "reason": "destination-observation-unknown"
    },
    {
      "targetId": "cursor",
      "surface": "dev/references/pr-feedback.md",
      "destination": "/private/var/folders/1_/m2vfg4n10n9_50cz0bmvnmx80000gn/T/trio-v2-command-upgrade-v1-standard-ctvQxb/home/manual/cursor/skills/trio/dev/references/pr-feedback.md",
      "reason": "destination-observation-unknown"
    },
    {
      "targetId": "cursor",
      "surface": "chiefops/references/delegated-execution.md",
      "destination": "/private/var/folders/1_/m2vfg4n10n9_50cz0bmvnmx80000gn/T/trio-v2-command-upgrade-v1-standard-ctvQxb/home/manual/cursor/skills/chiefops/references/delegated-execution.md",
      "reason": "destination-observation-unknown"
    },
    {
      "targetId": "cursor",
      "surface": "office/references/source-backed-work.md",
      "destination": "/private/var/folders/1_/m2vfg4n10n9_50cz0bmvnmx80000gn/T/trio-v2-command-upgrade-v1-standard-ctvQxb/home/manual/cursor/skills/trio/office/references/source-backed-work.md",
      "reason": "destination-observation-unknown"
    },
    {
      "targetId": "cursor",
      "surface": "office/references/artifact-and-delivery.md",
      "destination": "/private/var/folders/1_/m2vfg4n10n9_50cz0bmvnmx80000gn/T/trio-v2-command-upgrade-v1-standard-ctvQxb/home/manual/cursor/skills/trio/office/references/artifact-and-delivery.md",
      "reason": "destination-observation-unknown"
    }
  ],
  "mode": "check-only"
}
{
  "schemaVersion": 2,
  "runtime": "trio",
  "opened": true,
  "rendered": false,
  "descriptorCount": 26,
  "conflicts": [
    {
      "targetId": "cursor",
      "surface": "entry",
      "destination": "/private/var/folders/1_/m2vfg4n10n9_50cz0bmvnmx80000gn/T/trio-v2-command-upgrade-v1-standard-ctvQxb/home/manual/cursor/entry-policy.md",
      "reason": "destination-observation-unknown"
    },
    {
      "targetId": "cursor",
      "surface": "trio",
      "destination": "/private/var/folders/1_/m2vfg4n10n9_50cz0bmvnmx80000gn/T/trio-v2-command-upgrade-v1-standard-ctvQxb/home/manual/cursor/skills/trio/SKILL.md",
      "reason": "destination-observation-unknown"
    },
    {
      "targetId": "cursor",
      "surface": "dev",
      "destination": "/private/var/folders/1_/m2vfg4n10n9_50cz0bmvnmx80000gn/T/trio-v2-command-upgrade-v1-standard-ctvQxb/home/manual/cursor/skills/trio/dev/SKILL.md",
      "reason": "destination-observation-unknown"
    },
    {
      "targetId": "cursor",
      "surface": "office",
      "destination": "/private/var/folders/1_/m2vfg4n10n9_50cz0bmvnmx80000gn/T/trio-v2-command-upgrade-v1-standard-ctvQxb/home/manual/cursor/skills/trio/office/SKILL.md",
      "reason": "destination-observation-unknown"
    },
    {
      "targetId": "cursor",
      "surface": "safety",
      "destination": "/private/var/folders/1_/m2vfg4n10n9_50cz0bmvnmx80000gn/T/trio-v2-command-upgrade-v1-standard-ctvQxb/home/manual/cursor/skills/trio/safety/SKILL.md",
      "reason": "destination-observation-unknown"
    },
    {
      "targetId": "cursor",
      "surface": "chiefops",
      "destination": "/private/var/folders/1_/m2vfg4n10n9_50cz0bmvnmx80000gn/T/trio-v2-command-upgrade-v1-standard-ctvQxb/home/manual/cursor/skills/chiefops/SKILL.md",
      "reason": "destination-observation-unknown"
    },
    {
      "targetId": "cursor",
      "surface": "trio/references/execution.md",
      "destination": "/private/var/folders/1_/m2vfg4n10n9_50cz0bmvnmx80000gn/T/trio-v2-command-upgrade-v1-standard-ctvQxb/home/manual/cursor/skills/trio/references/execution.md",
      "reason": "destination-observation-unknown"
    },
    {
      "targetId": "cursor",
      "surface": "dev/references/methods.md",
      "destination": "/private/var/folders/1_/m2vfg4n10n9_50cz0bmvnmx80000gn/T/trio-v2-command-upgrade-v1-standard-ctvQxb/home/manual/cursor/skills/trio/dev/references/methods.md",
      "reason": "destination-observation-unknown"
    },
    {
      "targetId": "cursor",
      "surface": "dev/references/review.md",
      "destination": "/private/var/folders/1_/m2vfg4n10n9_50cz0bmvnmx80000gn/T/trio-v2-command-upgrade-v1-standard-ctvQxb/home/manual/cursor/skills/trio/dev/references/review.md",
      "reason": "destination-observation-unknown"
    },
    {
      "targetId": "cursor",
      "surface": "dev/references/pr-feedback.md",
      "destination": "/private/var/folders/1_/m2vfg4n10n9_50cz0bmvnmx80000gn/T/trio-v2-command-upgrade-v1-standard-ctvQxb/home/manual/cursor/skills/trio/dev/references/pr-feedback.md",
      "reason": "destination-observation-unknown"
    },
    {
      "targetId": "cursor",
      "surface": "chiefops/references/delegated-execution.md",
      "destination": "/private/var/folders/1_/m2vfg4n10n9_50cz0bmvnmx80000gn/T/trio-v2-command-upgrade-v1-standard-ctvQxb/home/manual/cursor/skills/chiefops/references/delegated-execution.md",
      "reason": "destination-observation-unknown"
    },
    {
      "targetId": "cursor",
      "surface": "office/references/source-backed-work.md",
      "destination": "/private/var/folders/1_/m2vfg4n10n9_50cz0bmvnmx80000gn/T/trio-v2-command-upgrade-v1-standard-ctvQxb/home/manual/cursor/skills/trio/office/references/source-backed-work.md",
      "reason": "destination-observation-unknown"
    },
    {
      "targetId": "cursor",
      "surface": "office/references/artifact-and-delivery.md",
      "destination": "/private/var/folders/1_/m2vfg4n10n9_50cz0bmvnmx80000gn/T/trio-v2-command-upgrade-v1-standard-ctvQxb/home/manual/cursor/skills/trio/office/references/artifact-and-delivery.md",
      "reason": "destination-observation-unknown"
    }
  ]
}
✔ Trio V1 standard upgrade applies only managed Codex surfaces and keeps generic targets manual (1188.807167ms)
{
  "runtime": "trio",
  "mode": "fresh",
  "writes": [
    "/private/var/folders/1_/m2vfg4n10n9_50cz0bmvnmx80000gn/T/trio-v2-fresh-command-2d7y5g/workspace/AGENTS.md",
    "/private/var/folders/1_/m2vfg4n10n9_50cz0bmvnmx80000gn/T/trio-v2-fresh-command-2d7y5g/workspace/.agents/skills/trio/SKILL.md",
    "/private/var/folders/1_/m2vfg4n10n9_50cz0bmvnmx80000gn/T/trio-v2-fresh-command-2d7y5g/workspace/.agents/skills/trio/dev/SKILL.md",
    "/private/var/folders/1_/m2vfg4n10n9_50cz0bmvnmx80000gn/T/trio-v2-fresh-command-2d7y5g/workspace/.agents/skills/trio/office/SKILL.md",
    "/private/var/folders/1_/m2vfg4n10n9_50cz0bmvnmx80000gn/T/trio-v2-fresh-command-2d7y5g/workspace/.agents/skills/trio/safety/SKILL.md",
    "/private/var/folders/1_/m2vfg4n10n9_50cz0bmvnmx80000gn/T/trio-v2-fresh-command-2d7y5g/workspace/.agents/skills/chiefops/SKILL.md",
    "/private/var/folders/1_/m2vfg4n10n9_50cz0bmvnmx80000gn/T/trio-v2-fresh-command-2d7y5g/workspace/.agents/skills/trio/references/execution.md",
    "/private/var/folders/1_/m2vfg4n10n9_50cz0bmvnmx80000gn/T/trio-v2-fresh-command-2d7y5g/workspace/.agents/skills/trio/dev/references/methods.md",
    "/private/var/folders/1_/m2vfg4n10n9_50cz0bmvnmx80000gn/T/trio-v2-fresh-command-2d7y5g/workspace/.agents/skills/trio/dev/references/review.md",
    "/private/var/folders/1_/m2vfg4n10n9_50cz0bmvnmx80000gn/T/trio-v2-fresh-command-2d7y5g/workspace/.agents/skills/trio/dev/references/pr-feedback.md",
    "/private/var/folders/1_/m2vfg4n10n9_50cz0bmvnmx80000gn/T/trio-v2-fresh-command-2d7y5g/workspace/.agents/skills/chiefops/references/delegated-execution.md",
    "/private/var/folders/1_/m2vfg4n10n9_50cz0bmvnmx80000gn/T/trio-v2-fresh-command-2d7y5g/workspace/.agents/skills/trio/office/references/source-backed-work.md",
    "/private/var/folders/1_/m2vfg4n10n9_50cz0bmvnmx80000gn/T/trio-v2-fresh-command-2d7y5g/workspace/.agents/skills/trio/office/references/artifact-and-delivery.md"
  ],
  "conflicts": []
}
{
  "schemaVersion": 2,
  "runtime": "trio",
  "mode": "dry-run",
  "descriptors": [
    {
      "targetId": "codex",
      "surface": "entry",
      "destination": "/private/var/folders/1_/m2vfg4n10n9_50cz0bmvnmx80000gn/T/trio-v2-fresh-command-2d7y5g/workspace/AGENTS.md",
      "action": "update",
      "execution": "managed",
      "conflict": false
    },
    {
      "targetId": "codex",
      "surface": "trio",
      "destination": "/private/var/folders/1_/m2vfg4n10n9_50cz0bmvnmx80000gn/T/trio-v2-fresh-command-2d7y5g/workspace/.agents/skills/trio/SKILL.md",
      "action": "update",
      "execution": "managed",
      "conflict": false
    },
    {
      "targetId": "codex",
      "surface": "dev",
      "destination": "/private/var/folders/1_/m2vfg4n10n9_50cz0bmvnmx80000gn/T/trio-v2-fresh-command-2d7y5g/workspace/.agents/skills/trio/dev/SKILL.md",
      "action": "update",
      "execution": "managed",
      "conflict": false
    },
    {
      "targetId": "codex",
      "surface": "office",
      "destination": "/private/var/folders/1_/m2vfg4n10n9_50cz0bmvnmx80000gn/T/trio-v2-fresh-command-2d7y5g/workspace/.agents/skills/trio/office/SKILL.md",
      "action": "update",
      "execution": "managed",
      "conflict": false
    },
    {
      "targetId": "codex",
      "surface": "safety",
      "destination": "/private/var/folders/1_/m2vfg4n10n9_50cz0bmvnmx80000gn/T/trio-v2-fresh-command-2d7y5g/workspace/.agents/skills/trio/safety/SKILL.md",
      "action": "update",
      "execution": "managed",
      "conflict": false
    },
    {
      "targetId": "codex",
      "surface": "chiefops",
      "destination": "/private/var/folders/1_/m2vfg4n10n9_50cz0bmvnmx80000gn/T/trio-v2-fresh-command-2d7y5g/workspace/.agents/skills/chiefops/SKILL.md",
      "action": "update",
      "execution": "managed",
      "conflict": false
    },
    {
      "targetId": "codex",
      "surface": "trio/references/execution.md",
      "destination": "/private/var/folders/1_/m2vfg4n10n9_50cz0bmvnmx80000gn/T/trio-v2-fresh-command-2d7y5g/workspace/.agents/skills/trio/references/execution.md",
      "action": "update",
      "execution": "managed",
      "conflict": false
    },
    {
      "targetId": "codex",
      "surface": "dev/references/methods.md",
      "destination": "/private/var/folders/1_/m2vfg4n10n9_50cz0bmvnmx80000gn/T/trio-v2-fresh-command-2d7y5g/workspace/.agents/skills/trio/dev/references/methods.md",
      "action": "update",
      "execution": "managed",
      "conflict": false
    },
    {
      "targetId": "codex",
      "surface": "dev/references/review.md",
      "destination": "/private/var/folders/1_/m2vfg4n10n9_50cz0bmvnmx80000gn/T/trio-v2-fresh-command-2d7y5g/workspace/.agents/skills/trio/dev/references/review.md",
      "action": "update",
      "execution": "managed",
      "conflict": false
    },
    {
      "targetId": "codex",
      "surface": "dev/references/pr-feedback.md",
      "destination": "/private/var/folders/1_/m2vfg4n10n9_50cz0bmvnmx80000gn/T/trio-v2-fresh-command-2d7y5g/workspace/.agents/skills/trio/dev/references/pr-feedback.md",
      "action": "update",
      "execution": "managed",
      "conflict": false
    },
    {
      "targetId": "codex",
      "surface": "chiefops/references/delegated-execution.md",
      "destination": "/private/var/folders/1_/m2vfg4n10n9_50cz0bmvnmx80000gn/T/trio-v2-fresh-command-2d7y5g/workspace/.agents/skills/chiefops/references/delegated-execution.md",
      "action": "update",
      "execution": "managed",
      "conflict": false
    },
    {
      "targetId": "codex",
      "surface": "office/references/source-backed-work.md",
      "destination": "/private/var/folders/1_/m2vfg4n10n9_50cz0bmvnmx80000gn/T/trio-v2-fresh-command-2d7y5g/workspace/.agents/skills/trio/office/references/source-backed-work.md",
      "action": "update",
      "execution": "managed",
      "conflict": false
    },
    {
      "targetId": "codex",
      "surface": "office/references/artifact-and-delivery.md",
      "destination": "/private/var/folders/1_/m2vfg4n10n9_50cz0bmvnmx80000gn/T/trio-v2-fresh-command-2d7y5g/workspace/.agents/skills/trio/office/references/artifact-and-delivery.md",
      "action": "update",
      "execution": "managed",
      "conflict": false
    }
  ],
  "conflicts": []
}
{
  "schemaVersion": 2,
  "runtime": "trio",
  "readable": true,
  "descriptorCount": 13,
  "conflicts": [],
  "mode": "check-only"
}
{
  "schemaVersion": 2,
  "runtime": "trio",
  "opened": true,
  "rendered": false,
  "descriptorCount": 13,
  "conflicts": []
}
✔ Trio fresh install persists exact V2 state and public reports remain read-only (1478.497167ms)
{
  "runtime": "trio",
  "mode": "fresh",
  "writes": [
    "/private/var/folders/1_/m2vfg4n10n9_50cz0bmvnmx80000gn/T/trio-v2-sync-check-required-v8kOUJ/workspace/AGENTS.md",
    "/private/var/folders/1_/m2vfg4n10n9_50cz0bmvnmx80000gn/T/trio-v2-sync-check-required-v8kOUJ/workspace/.agents/skills/trio/SKILL.md",
    "/private/var/folders/1_/m2vfg4n10n9_50cz0bmvnmx80000gn/T/trio-v2-sync-check-required-v8kOUJ/workspace/.agents/skills/trio/dev/SKILL.md",
    "/private/var/folders/1_/m2vfg4n10n9_50cz0bmvnmx80000gn/T/trio-v2-sync-check-required-v8kOUJ/workspace/.agents/skills/trio/office/SKILL.md",
    "/private/var/folders/1_/m2vfg4n10n9_50cz0bmvnmx80000gn/T/trio-v2-sync-check-required-v8kOUJ/workspace/.agents/skills/trio/safety/SKILL.md",
    "/private/var/folders/1_/m2vfg4n10n9_50cz0bmvnmx80000gn/T/trio-v2-sync-check-required-v8kOUJ/workspace/.agents/skills/chiefops/SKILL.md",
    "/private/var/folders/1_/m2vfg4n10n9_50cz0bmvnmx80000gn/T/trio-v2-sync-check-required-v8kOUJ/workspace/.agents/skills/trio/references/execution.md",
    "/private/var/folders/1_/m2vfg4n10n9_50cz0bmvnmx80000gn/T/trio-v2-sync-check-required-v8kOUJ/workspace/.agents/skills/trio/dev/references/methods.md",
    "/private/var/folders/1_/m2vfg4n10n9_50cz0bmvnmx80000gn/T/trio-v2-sync-check-required-v8kOUJ/workspace/.agents/skills/trio/dev/references/review.md",
    "/private/var/folders/1_/m2vfg4n10n9_50cz0bmvnmx80000gn/T/trio-v2-sync-check-required-v8kOUJ/workspace/.agents/skills/trio/dev/references/pr-feedback.md",
    "/private/var/folders/1_/m2vfg4n10n9_50cz0bmvnmx80000gn/T/trio-v2-sync-check-required-v8kOUJ/workspace/.agents/skills/chiefops/references/delegated-execution.md",
    "/private/var/folders/1_/m2vfg4n10n9_50cz0bmvnmx80000gn/T/trio-v2-sync-check-required-v8kOUJ/workspace/.agents/skills/trio/office/references/source-backed-work.md",
    "/private/var/folders/1_/m2vfg4n10n9_50cz0bmvnmx80000gn/T/trio-v2-sync-check-required-v8kOUJ/workspace/.agents/skills/trio/office/references/artifact-and-delivery.md"
  ],
  "conflicts": []
}
✔ Trio public sync rejects check modes before report output or writes (1306.4415ms)
{
  "runtime": "trio",
  "mode": "fresh",
  "writes": [
    "/private/var/folders/1_/m2vfg4n10n9_50cz0bmvnmx80000gn/T/trio-v2-content-ownership-pL5lae/workspace/AGENTS.md",
    "/private/var/folders/1_/m2vfg4n10n9_50cz0bmvnmx80000gn/T/trio-v2-content-ownership-pL5lae/workspace/.agents/skills/trio/SKILL.md",
    "/private/var/folders/1_/m2vfg4n10n9_50cz0bmvnmx80000gn/T/trio-v2-content-ownership-pL5lae/workspace/.agents/skills/trio/dev/SKILL.md",
    "/private/var/folders/1_/m2vfg4n10n9_50cz0bmvnmx80000gn/T/trio-v2-content-ownership-pL5lae/workspace/.agents/skills/trio/office/SKILL.md",
    "/private/var/folders/1_/m2vfg4n10n9_50cz0bmvnmx80000gn/T/trio-v2-content-ownership-pL5lae/workspace/.agents/skills/trio/safety/SKILL.md",
    "/private/var/folders/1_/m2vfg4n10n9_50cz0bmvnmx80000gn/T/trio-v2-content-ownership-pL5lae/workspace/.agents/skills/chiefops/SKILL.md",
    "/private/var/folders/1_/m2vfg4n10n9_50cz0bmvnmx80000gn/T/trio-v2-content-ownership-pL5lae/workspace/.agents/skills/trio/references/execution.md",
    "/private/var/folders/1_/m2vfg4n10n9_50cz0bmvnmx80000gn/T/trio-v2-content-ownership-pL5lae/workspace/.agents/skills/trio/dev/references/methods.md",
    "/private/var/folders/1_/m2vfg4n10n9_50cz0bmvnmx80000gn/T/trio-v2-content-ownership-pL5lae/workspace/.agents/skills/trio/dev/references/review.md",
    "/private/var/folders/1_/m2vfg4n10n9_50cz0bmvnmx80000gn/T/trio-v2-content-ownership-pL5lae/workspace/.agents/skills/trio/dev/references/pr-feedback.md",
    "/private/var/folders/1_/m2vfg4n10n9_50cz0bmvnmx80000gn/T/trio-v2-content-ownership-pL5lae/workspace/.agents/skills/chiefops/references/delegated-execution.md",
    "/private/var/folders/1_/m2vfg4n10n9_50cz0bmvnmx80000gn/T/trio-v2-content-ownership-pL5lae/workspace/.agents/skills/trio/office/references/source-backed-work.md",
    "/private/var/folders/1_/m2vfg4n10n9_50cz0bmvnmx80000gn/T/trio-v2-content-ownership-pL5lae/workspace/.agents/skills/trio/office/references/artifact-and-delivery.md"
  ],
  "conflicts": []
}
{
  "schemaVersion": 2,
  "runtime": "trio",
  "mode": "dry-run",
  "descriptors": [
    {
      "targetId": "codex",
      "surface": "entry",
      "destination": "/private/var/folders/1_/m2vfg4n10n9_50cz0bmvnmx80000gn/T/trio-v2-content-ownership-pL5lae/workspace/AGENTS.md",
      "action": "update",
      "execution": "managed",
      "conflict": false
    },
    {
      "targetId": "codex",
      "surface": "trio",
      "destination": "/private/var/folders/1_/m2vfg4n10n9_50cz0bmvnmx80000gn/T/trio-v2-content-ownership-pL5lae/workspace/.agents/skills/trio/SKILL.md",
      "action": "update",
      "execution": "managed",
      "conflict": false
    },
    {
      "targetId": "codex",
      "surface": "dev",
      "destination": "/private/var/folders/1_/m2vfg4n10n9_50cz0bmvnmx80000gn/T/trio-v2-content-ownership-pL5lae/workspace/.agents/skills/trio/dev/SKILL.md",
      "action": "update",
      "execution": "managed",
      "conflict": false
    },
    {
      "targetId": "codex",
      "surface": "office",
      "destination": "/private/var/folders/1_/m2vfg4n10n9_50cz0bmvnmx80000gn/T/trio-v2-content-ownership-pL5lae/workspace/.agents/skills/trio/office/SKILL.md",
      "action": "update",
      "execution": "managed",
      "conflict": false
    },
    {
      "targetId": "codex",
      "surface": "safety",
      "destination": "/private/var/folders/1_/m2vfg4n10n9_50cz0bmvnmx80000gn/T/trio-v2-content-ownership-pL5lae/workspace/.agents/skills/trio/safety/SKILL.md",
      "action": "update",
      "execution": "managed",
      "conflict": false
    },
    {
      "targetId": "codex",
      "surface": "chiefops",
      "destination": "/private/var/folders/1_/m2vfg4n10n9_50cz0bmvnmx80000gn/T/trio-v2-content-ownership-pL5lae/workspace/.agents/skills/chiefops/SKILL.md",
      "action": "update",
      "execution": "managed",
      "conflict": false
    },
    {
      "targetId": "codex",
      "surface": "trio/references/execution.md",
      "destination": "/private/var/folders/1_/m2vfg4n10n9_50cz0bmvnmx80000gn/T/trio-v2-content-ownership-pL5lae/workspace/.agents/skills/trio/references/execution.md",
      "action": "update",
      "execution": "managed",
      "conflict": false
    },
    {
      "targetId": "codex",
      "surface": "dev/references/methods.md",
      "destination": "/private/var/folders/1_/m2vfg4n10n9_50cz0bmvnmx80000gn/T/trio-v2-content-ownership-pL5lae/workspace/.agents/skills/trio/dev/references/methods.md",
      "action": "update",
      "execution": "managed",
      "conflict": false
    },
    {
      "targetId": "codex",
      "surface": "dev/references/review.md",
      "destination": "/private/var/folders/1_/m2vfg4n10n9_50cz0bmvnmx80000gn/T/trio-v2-content-ownership-pL5lae/workspace/.agents/skills/trio/dev/references/review.md",
      "action": "update",
      "execution": "managed",
      "conflict": false
    },
    {
      "targetId": "codex",
      "surface": "dev/references/pr-feedback.md",
      "destination": "/private/var/folders/1_/m2vfg4n10n9_50cz0bmvnmx80000gn/T/trio-v2-content-ownership-pL5lae/workspace/.agents/skills/trio/dev/references/pr-feedback.md",
      "action": "update",
      "execution": "managed",
      "conflict": false
    },
    {
      "targetId": "codex",
      "surface": "chiefops/references/delegated-execution.md",
      "destination": "/private/var/folders/1_/m2vfg4n10n9_50cz0bmvnmx80000gn/T/trio-v2-content-ownership-pL5lae/workspace/.agents/skills/chiefops/references/delegated-execution.md",
      "action": "update",
      "execution": "managed",
      "conflict": false
    },
    {
      "targetId": "codex",
      "surface": "office/references/source-backed-work.md",
      "destination": "/private/var/folders/1_/m2vfg4n10n9_50cz0bmvnmx80000gn/T/trio-v2-content-ownership-pL5lae/workspace/.agents/skills/trio/office/references/source-backed-work.md",
      "action": "update",
      "execution": "managed",
      "conflict": false
    },
    {
      "targetId": "codex",
      "surface": "office/references/artifact-and-delivery.md",
      "destination": "/private/var/folders/1_/m2vfg4n10n9_50cz0bmvnmx80000gn/T/trio-v2-content-ownership-pL5lae/workspace/.agents/skills/trio/office/references/artifact-and-delivery.md",
      "action": "update",
      "execution": "managed",
      "conflict": false
    }
  ],
  "conflicts": []
}
{
  "schemaVersion": 2,
  "runtime": "trio",
  "mode": "dry-run",
  "descriptors": [
    {
      "targetId": "codex",
      "surface": "entry",
      "destination": "/private/var/folders/1_/m2vfg4n10n9_50cz0bmvnmx80000gn/T/trio-v2-content-ownership-pL5lae/workspace/AGENTS.md",
      "action": "preserve",
      "execution": "manual",
      "conflict": true
    },
    {
      "targetId": "codex",
      "surface": "trio",
      "destination": "/private/var/folders/1_/m2vfg4n10n9_50cz0bmvnmx80000gn/T/trio-v2-content-ownership-pL5lae/workspace/.agents/skills/trio/SKILL.md",
      "action": "update",
      "execution": "managed",
      "conflict": false
    },
    {
      "targetId": "codex",
      "surface": "dev",
      "destination": "/private/var/folders/1_/m2vfg4n10n9_50cz0bmvnmx80000gn/T/trio-v2-content-ownership-pL5lae/workspace/.agents/skills/trio/dev/SKILL.md",
      "action": "update",
      "execution": "managed",
      "conflict": false
    },
    {
      "targetId": "codex",
      "surface": "office",
      "destination": "/private/var/folders/1_/m2vfg4n10n9_50cz0bmvnmx80000gn/T/trio-v2-content-ownership-pL5lae/workspace/.agents/skills/trio/office/SKILL.md",
      "action": "update",
      "execution": "managed",
      "conflict": false
    },
    {
      "targetId": "codex",
      "surface": "safety",
      "destination": "/private/var/folders/1_/m2vfg4n10n9_50cz0bmvnmx80000gn/T/trio-v2-content-ownership-pL5lae/workspace/.agents/skills/trio/safety/SKILL.md",
      "action": "update",
      "execution": "managed",
      "conflict": false
    },
    {
      "targetId": "codex",
      "surface": "chiefops",
      "destination": "/private/var/folders/1_/m2vfg4n10n9_50cz0bmvnmx80000gn/T/trio-v2-content-ownership-pL5lae/workspace/.agents/skills/chiefops/SKILL.md",
      "action": "update",
      "execution": "managed",
      "conflict": false
    },
    {
      "targetId": "codex",
      "surface": "trio/references/execution.md",
      "destination": "/private/var/folders/1_/m2vfg4n10n9_50cz0bmvnmx80000gn/T/trio-v2-content-ownership-pL5lae/workspace/.agents/skills/trio/references/execution.md",
      "action": "update",
      "execution": "managed",
      "conflict": false
    },
    {
      "targetId": "codex",
      "surface": "dev/references/methods.md",
      "destination": "/private/var/folders/1_/m2vfg4n10n9_50cz0bmvnmx80000gn/T/trio-v2-content-ownership-pL5lae/workspace/.agents/skills/trio/dev/references/methods.md",
      "action": "update",
      "execution": "managed",
      "conflict": false
    },
    {
      "targetId": "codex",
      "surface": "dev/references/review.md",
      "destination": "/private/var/folders/1_/m2vfg4n10n9_50cz0bmvnmx80000gn/T/trio-v2-content-ownership-pL5lae/workspace/.agents/skills/trio/dev/references/review.md",
      "action": "update",
      "execution": "managed",
      "conflict": false
    },
    {
      "targetId": "codex",
      "surface": "dev/references/pr-feedback.md",
      "destination": "/private/var/folders/1_/m2vfg4n10n9_50cz0bmvnmx80000gn/T/trio-v2-content-ownership-pL5lae/workspace/.agents/skills/trio/dev/references/pr-feedback.md",
      "action": "update",
      "execution": "managed",
      "conflict": false
    },
    {
      "targetId": "codex",
      "surface": "chiefops/references/delegated-execution.md",
      "destination": "/private/var/folders/1_/m2vfg4n10n9_50cz0bmvnmx80000gn/T/trio-v2-content-ownership-pL5lae/workspace/.agents/skills/chiefops/references/delegated-execution.md",
      "action": "update",
      "execution": "managed",
      "conflict": false
    },
    {
      "targetId": "codex",
      "surface": "office/references/source-backed-work.md",
      "destination": "/private/var/folders/1_/m2vfg4n10n9_50cz0bmvnmx80000gn/T/trio-v2-content-ownership-pL5lae/workspace/.agents/skills/trio/office/references/source-backed-work.md",
      "action": "update",
      "execution": "managed",
      "conflict": false
    },
    {
      "targetId": "codex",
      "surface": "office/references/artifact-and-delivery.md",
      "destination": "/private/var/folders/1_/m2vfg4n10n9_50cz0bmvnmx80000gn/T/trio-v2-content-ownership-pL5lae/workspace/.agents/skills/trio/office/references/artifact-and-delivery.md",
      "action": "update",
      "execution": "managed",
      "conflict": false
    }
  ],
  "conflicts": [
    {
      "targetId": "codex",
      "surface": "entry",
      "destination": "/private/var/folders/1_/m2vfg4n10n9_50cz0bmvnmx80000gn/T/trio-v2-content-ownership-pL5lae/workspace/AGENTS.md",
      "reason": "destination-observation-unknown"
    }
  ]
}
✔ Trio uses settled content digests to allow source updates and preserve user drift (1945.571875ms)
{
  "runtime": "trio",
  "mode": "fresh",
  "writes": [
    "/private/var/folders/1_/m2vfg4n10n9_50cz0bmvnmx80000gn/T/trio-v2-public-content-drift-YfDhbO/workspace/AGENTS.md",
    "/private/var/folders/1_/m2vfg4n10n9_50cz0bmvnmx80000gn/T/trio-v2-public-content-drift-YfDhbO/workspace/.agents/skills/trio/SKILL.md",
    "/private/var/folders/1_/m2vfg4n10n9_50cz0bmvnmx80000gn/T/trio-v2-public-content-drift-YfDhbO/workspace/.agents/skills/trio/dev/SKILL.md",
    "/private/var/folders/1_/m2vfg4n10n9_50cz0bmvnmx80000gn/T/trio-v2-public-content-drift-YfDhbO/workspace/.agents/skills/trio/office/SKILL.md",
    "/private/var/folders/1_/m2vfg4n10n9_50cz0bmvnmx80000gn/T/trio-v2-public-content-drift-YfDhbO/workspace/.agents/skills/trio/safety/SKILL.md",
    "/private/var/folders/1_/m2vfg4n10n9_50cz0bmvnmx80000gn/T/trio-v2-public-content-drift-YfDhbO/workspace/.agents/skills/chiefops/SKILL.md",
    "/private/var/folders/1_/m2vfg4n10n9_50cz0bmvnmx80000gn/T/trio-v2-public-content-drift-YfDhbO/workspace/.agents/skills/trio/references/execution.md",
    "/private/var/folders/1_/m2vfg4n10n9_50cz0bmvnmx80000gn/T/trio-v2-public-content-drift-YfDhbO/workspace/.agents/skills/trio/dev/references/methods.md",
    "/private/var/folders/1_/m2vfg4n10n9_50cz0bmvnmx80000gn/T/trio-v2-public-content-drift-YfDhbO/workspace/.agents/skills/trio/dev/references/review.md",
    "/private/var/folders/1_/m2vfg4n10n9_50cz0bmvnmx80000gn/T/trio-v2-public-content-drift-YfDhbO/workspace/.agents/skills/trio/dev/references/pr-feedback.md",
    "/private/var/folders/1_/m2vfg4n10n9_50cz0bmvnmx80000gn/T/trio-v2-public-content-drift-YfDhbO/workspace/.agents/skills/chiefops/references/delegated-execution.md",
    "/private/var/folders/1_/m2vfg4n10n9_50cz0bmvnmx80000gn/T/trio-v2-public-content-drift-YfDhbO/workspace/.agents/skills/trio/office/references/source-backed-work.md",
    "/private/var/folders/1_/m2vfg4n10n9_50cz0bmvnmx80000gn/T/trio-v2-public-content-drift-YfDhbO/workspace/.agents/skills/trio/office/references/artifact-and-delivery.md"
  ],
  "conflicts": []
}
{
  "schemaVersion": 2,
  "runtime": "trio",
  "mode": "dry-run",
  "descriptors": [
    {
      "targetId": "codex",
      "surface": "entry",
      "destination": "/private/var/folders/1_/m2vfg4n10n9_50cz0bmvnmx80000gn/T/trio-v2-public-content-drift-YfDhbO/workspace/AGENTS.md",
      "action": "update",
      "execution": "managed",
      "conflict": false
    },
    {
      "targetId": "codex",
      "surface": "trio",
      "destination": "/private/var/folders/1_/m2vfg4n10n9_50cz0bmvnmx80000gn/T/trio-v2-public-content-drift-YfDhbO/workspace/.agents/skills/trio/SKILL.md",
      "action": "update",
      "execution": "managed",
      "conflict": false
    },
    {
      "targetId": "codex",
      "surface": "dev",
      "destination": "/private/var/folders/1_/m2vfg4n10n9_50cz0bmvnmx80000gn/T/trio-v2-public-content-drift-YfDhbO/workspace/.agents/skills/trio/dev/SKILL.md",
      "action": "update",
      "execution": "managed",
      "conflict": false
    },
    {
      "targetId": "codex",
      "surface": "office",
      "destination": "/private/var/folders/1_/m2vfg4n10n9_50cz0bmvnmx80000gn/T/trio-v2-public-content-drift-YfDhbO/workspace/.agents/skills/trio/office/SKILL.md",
      "action": "update",
      "execution": "managed",
      "conflict": false
    },
    {
      "targetId": "codex",
      "surface": "safety",
      "destination": "/private/var/folders/1_/m2vfg4n10n9_50cz0bmvnmx80000gn/T/trio-v2-public-content-drift-YfDhbO/workspace/.agents/skills/trio/safety/SKILL.md",
      "action": "update",
      "execution": "managed",
      "conflict": false
    },
    {
      "targetId": "codex",
      "surface": "chiefops",
      "destination": "/private/var/folders/1_/m2vfg4n10n9_50cz0bmvnmx80000gn/T/trio-v2-public-content-drift-YfDhbO/workspace/.agents/skills/chiefops/SKILL.md",
      "action": "update",
      "execution": "managed",
      "conflict": false
    },
    {
      "targetId": "codex",
      "surface": "trio/references/execution.md",
      "destination": "/private/var/folders/1_/m2vfg4n10n9_50cz0bmvnmx80000gn/T/trio-v2-public-content-drift-YfDhbO/workspace/.agents/skills/trio/references/execution.md",
      "action": "update",
      "execution": "managed",
      "conflict": false
    },
    {
      "targetId": "codex",
      "surface": "dev/references/methods.md",
      "destination": "/private/var/folders/1_/m2vfg4n10n9_50cz0bmvnmx80000gn/T/trio-v2-public-content-drift-YfDhbO/workspace/.agents/skills/trio/dev/references/methods.md",
      "action": "update",
      "execution": "managed",
      "conflict": false
    },
    {
      "targetId": "codex",
      "surface": "dev/references/review.md",
      "destination": "/private/var/folders/1_/m2vfg4n10n9_50cz0bmvnmx80000gn/T/trio-v2-public-content-drift-YfDhbO/workspace/.agents/skills/trio/dev/references/review.md",
      "action": "update",
      "execution": "managed",
      "conflict": false
    },
    {
      "targetId": "codex",
      "surface": "dev/references/pr-feedback.md",
      "destination": "/private/var/folders/1_/m2vfg4n10n9_50cz0bmvnmx80000gn/T/trio-v2-public-content-drift-YfDhbO/workspace/.agents/skills/trio/dev/references/pr-feedback.md",
      "action": "update",
      "execution": "managed",
      "conflict": false
    },
    {
      "targetId": "codex",
      "surface": "chiefops/references/delegated-execution.md",
      "destination": "/private/var/folders/1_/m2vfg4n10n9_50cz0bmvnmx80000gn/T/trio-v2-public-content-drift-YfDhbO/workspace/.agents/skills/chiefops/references/delegated-execution.md",
      "action": "update",
      "execution": "managed",
      "conflict": false
    },
    {
      "targetId": "codex",
      "surface": "office/references/source-backed-work.md",
      "destination": "/private/var/folders/1_/m2vfg4n10n9_50cz0bmvnmx80000gn/T/trio-v2-public-content-drift-YfDhbO/workspace/.agents/skills/trio/office/references/source-backed-work.md",
      "action": "update",
      "execution": "managed",
      "conflict": false
    },
    {
      "targetId": "codex",
      "surface": "office/references/artifact-and-delivery.md",
      "destination": "/private/var/folders/1_/m2vfg4n10n9_50cz0bmvnmx80000gn/T/trio-v2-public-content-drift-YfDhbO/workspace/.agents/skills/trio/office/references/artifact-and-delivery.md",
      "action": "update",
      "execution": "managed",
      "conflict": false
    }
  ],
  "conflicts": []
}
{
  "schemaVersion": 2,
  "runtime": "trio",
  "mode": "dry-run",
  "descriptors": [
    {
      "targetId": "codex",
      "surface": "entry",
      "destination": "/private/var/folders/1_/m2vfg4n10n9_50cz0bmvnmx80000gn/T/trio-v2-public-content-drift-YfDhbO/workspace/AGENTS.md",
      "action": "preserve",
      "execution": "manual",
      "conflict": true
    },
    {
      "targetId": "codex",
      "surface": "trio",
      "destination": "/private/var/folders/1_/m2vfg4n10n9_50cz0bmvnmx80000gn/T/trio-v2-public-content-drift-YfDhbO/workspace/.agents/skills/trio/SKILL.md",
      "action": "update",
      "execution": "managed",
      "conflict": false
    },
    {
      "targetId": "codex",
      "surface": "dev",
      "destination": "/private/var/folders/1_/m2vfg4n10n9_50cz0bmvnmx80000gn/T/trio-v2-public-content-drift-YfDhbO/workspace/.agents/skills/trio/dev/SKILL.md",
      "action": "update",
      "execution": "managed",
      "conflict": false
    },
    {
      "targetId": "codex",
      "surface": "office",
      "destination": "/private/var/folders/1_/m2vfg4n10n9_50cz0bmvnmx80000gn/T/trio-v2-public-content-drift-YfDhbO/workspace/.agents/skills/trio/office/SKILL.md",
      "action": "update",
      "execution": "managed",
      "conflict": false
    },
    {
      "targetId": "codex",
      "surface": "safety",
      "destination": "/private/var/folders/1_/m2vfg4n10n9_50cz0bmvnmx80000gn/T/trio-v2-public-content-drift-YfDhbO/workspace/.agents/skills/trio/safety/SKILL.md",
      "action": "update",
      "execution": "managed",
      "conflict": false
    },
    {
      "targetId": "codex",
      "surface": "chiefops",
      "destination": "/private/var/folders/1_/m2vfg4n10n9_50cz0bmvnmx80000gn/T/trio-v2-public-content-drift-YfDhbO/workspace/.agents/skills/chiefops/SKILL.md",
      "action": "update",
      "execution": "managed",
      "conflict": false
    },
    {
      "targetId": "codex",
      "surface": "trio/references/execution.md",
      "destination": "/private/var/folders/1_/m2vfg4n10n9_50cz0bmvnmx80000gn/T/trio-v2-public-content-drift-YfDhbO/workspace/.agents/skills/trio/references/execution.md",
      "action": "update",
      "execution": "managed",
      "conflict": false
    },
    {
      "targetId": "codex",
      "surface": "dev/references/methods.md",
      "destination": "/private/var/folders/1_/m2vfg4n10n9_50cz0bmvnmx80000gn/T/trio-v2-public-content-drift-YfDhbO/workspace/.agents/skills/trio/dev/references/methods.md",
      "action": "update",
      "execution": "managed",
      "conflict": false
    },
    {
      "targetId": "codex",
      "surface": "dev/references/review.md",
      "destination": "/private/var/folders/1_/m2vfg4n10n9_50cz0bmvnmx80000gn/T/trio-v2-public-content-drift-YfDhbO/workspace/.agents/skills/trio/dev/references/review.md",
      "action": "update",
      "execution": "managed",
      "conflict": false
    },
    {
      "targetId": "codex",
      "surface": "dev/references/pr-feedback.md",
      "destination": "/private/var/folders/1_/m2vfg4n10n9_50cz0bmvnmx80000gn/T/trio-v2-public-content-drift-YfDhbO/workspace/.agents/skills/trio/dev/references/pr-feedback.md",
      "action": "update",
      "execution": "managed",
      "conflict": false
    },
    {
      "targetId": "codex",
      "surface": "chiefops/references/delegated-execution.md",
      "destination": "/private/var/folders/1_/m2vfg4n10n9_50cz0bmvnmx80000gn/T/trio-v2-public-content-drift-YfDhbO/workspace/.agents/skills/chiefops/references/delegated-execution.md",
      "action": "update",
      "execution": "managed",
      "conflict": false
    },
    {
      "targetId": "codex",
      "surface": "office/references/source-backed-work.md",
      "destination": "/private/var/folders/1_/m2vfg4n10n9_50cz0bmvnmx80000gn/T/trio-v2-public-content-drift-YfDhbO/workspace/.agents/skills/trio/office/references/source-backed-work.md",
      "action": "update",
      "execution": "managed",
      "conflict": false
    },
    {
      "targetId": "codex",
      "surface": "office/references/artifact-and-delivery.md",
      "destination": "/private/var/folders/1_/m2vfg4n10n9_50cz0bmvnmx80000gn/T/trio-v2-public-content-drift-YfDhbO/workspace/.agents/skills/trio/office/references/artifact-and-delivery.md",
      "action": "update",
      "execution": "managed",
      "conflict": false
    }
  ],
  "conflicts": [
    {
      "targetId": "codex",
      "surface": "entry",
      "destination": "/private/var/folders/1_/m2vfg4n10n9_50cz0bmvnmx80000gn/T/trio-v2-public-content-drift-YfDhbO/workspace/AGENTS.md",
      "reason": "destination-observation-unknown"
    }
  ]
}
✔ Trio public sync treats a content-digest mismatch as user-owned drift (2088.671208ms)
✔ Trio physical fixture gate rejects a symlinked managed parent before state or target writes (90.163083ms)
✔ Trio internal apply compensates a mid-apply failure without changing V1 state (582.557834ms)
✔ Trio internal apply preserves the original state when the state publish fails before rename (2209.10925ms)
✔ Trio rollback preserves an ambiguous post-publish target and restores prior receipts (278.44675ms)
✔ Trio rollback preserves an ambiguous post-publish state and restores target receipts (1951.229875ms)
✔ Trio apply rechecks a post-observation target swap before its first write (35.467208ms)
✔ Trio selector and fixture inputs fail closed without legacy or target writes (3.703ms)
✔ unknown Trio selectors reject help before emitting command usage (1.404375ms)
✔ production selector pollution rejects help before output (0.520209ms)
✔ Trio rollback preserves a same-content foreign replacement after publication (115.590459ms)
✔ Trio rollback preserves a replaced transaction-created directory (568.740791ms)
{
  "runtime": "trio",
  "mode": "fresh",
  "writes": [
    "/private/var/folders/1_/m2vfg4n10n9_50cz0bmvnmx80000gn/T/trio-v2-state-alias-nLUQxU/workspace/AGENTS.md",
    "/private/var/folders/1_/m2vfg4n10n9_50cz0bmvnmx80000gn/T/trio-v2-state-alias-nLUQxU/workspace/.agents/skills/trio/SKILL.md",
    "/private/var/folders/1_/m2vfg4n10n9_50cz0bmvnmx80000gn/T/trio-v2-state-alias-nLUQxU/workspace/.agents/skills/trio/dev/SKILL.md",
    "/private/var/folders/1_/m2vfg4n10n9_50cz0bmvnmx80000gn/T/trio-v2-state-alias-nLUQxU/workspace/.agents/skills/trio/office/SKILL.md",
    "/private/var/folders/1_/m2vfg4n10n9_50cz0bmvnmx80000gn/T/trio-v2-state-alias-nLUQxU/workspace/.agents/skills/trio/safety/SKILL.md",
    "/private/var/folders/1_/m2vfg4n10n9_50cz0bmvnmx80000gn/T/trio-v2-state-alias-nLUQxU/workspace/.agents/skills/chiefops/SKILL.md",
    "/private/var/folders/1_/m2vfg4n10n9_50cz0bmvnmx80000gn/T/trio-v2-state-alias-nLUQxU/workspace/.agents/skills/trio/references/execution.md",
    "/private/var/folders/1_/m2vfg4n10n9_50cz0bmvnmx80000gn/T/trio-v2-state-alias-nLUQxU/workspace/.agents/skills/trio/dev/references/methods.md",
    "/private/var/folders/1_/m2vfg4n10n9_50cz0bmvnmx80000gn/T/trio-v2-state-alias-nLUQxU/workspace/.agents/skills/trio/dev/references/review.md",
    "/private/var/folders/1_/m2vfg4n10n9_50cz0bmvnmx80000gn/T/trio-v2-state-alias-nLUQxU/workspace/.agents/skills/trio/dev/references/pr-feedback.md",
    "/private/var/folders/1_/m2vfg4n10n9_50cz0bmvnmx80000gn/T/trio-v2-state-alias-nLUQxU/workspace/.agents/skills/chiefops/references/delegated-execution.md",
    "/private/var/folders/1_/m2vfg4n10n9_50cz0bmvnmx80000gn/T/trio-v2-state-alias-nLUQxU/workspace/.agents/skills/trio/office/references/source-backed-work.md",
    "/private/var/folders/1_/m2vfg4n10n9_50cz0bmvnmx80000gn/T/trio-v2-state-alias-nLUQxU/workspace/.agents/skills/trio/office/references/artifact-and-delivery.md"
  ],
  "conflicts": []
}
✔ Trio physical fixture gate rejects descriptor-to-state aliases (1695.883041ms)
{
  "runtime": "trio",
  "mode": "upgrade",
  "writes": [
    "/private/var/folders/1_/m2vfg4n10n9_50cz0bmvnmx80000gn/T/trio-v2-command-upgrade-v1-standard-kPubkO/home/.codex/AGENTS.md",
    "/private/var/folders/1_/m2vfg4n10n9_50cz0bmvnmx80000gn/T/trio-v2-command-upgrade-v1-standard-kPubkO/home/.agents/skills/trio/SKILL.md",
    "/private/var/folders/1_/m2vfg4n10n9_50cz0bmvnmx80000gn/T/trio-v2-command-upgrade-v1-standard-kPubkO/home/.agents/skills/trio/dev/SKILL.md",
    "/private/var/folders/1_/m2vfg4n10n9_50cz0bmvnmx80000gn/T/trio-v2-command-upgrade-v1-standard-kPubkO/home/.agents/skills/trio/office/SKILL.md",
    "/private/var/folders/1_/m2vfg4n10n9_50cz0bmvnmx80000gn/T/trio-v2-command-upgrade-v1-standard-kPubkO/home/.agents/skills/trio/safety/SKILL.md",
    "/private/var/folders/1_/m2vfg4n10n9_50cz0bmvnmx80000gn/T/trio-v2-command-upgrade-v1-standard-kPubkO/home/.agents/skills/chiefops/SKILL.md",
    "/private/var/folders/1_/m2vfg4n10n9_50cz0bmvnmx80000gn/T/trio-v2-command-upgrade-v1-standard-kPubkO/home/.agents/skills/trio/references/execution.md",
    "/private/var/folders/1_/m2vfg4n10n9_50cz0bmvnmx80000gn/T/trio-v2-command-upgrade-v1-standard-kPubkO/home/.agents/skills/trio/dev/references/methods.md",
    "/private/var/folders/1_/m2vfg4n10n9_50cz0bmvnmx80000gn/T/trio-v2-command-upgrade-v1-standard-kPubkO/home/.agents/skills/trio/dev/references/review.md",
    "/private/var/folders/1_/m2vfg4n10n9_50cz0bmvnmx80000gn/T/trio-v2-command-upgrade-v1-standard-kPubkO/home/.agents/skills/trio/dev/references/pr-feedback.md",
    "/private/var/folders/1_/m2vfg4n10n9_50cz0bmvnmx80000gn/T/trio-v2-command-upgrade-v1-standard-kPubkO/home/.agents/skills/chiefops/references/delegated-execution.md",
    "/private/var/folders/1_/m2vfg4n10n9_50cz0bmvnmx80000gn/T/trio-v2-command-upgrade-v1-standard-kPubkO/home/.agents/skills/trio/office/references/source-backed-work.md",
    "/private/var/folders/1_/m2vfg4n10n9_50cz0bmvnmx80000gn/T/trio-v2-command-upgrade-v1-standard-kPubkO/home/.agents/skills/trio/office/references/artifact-and-delivery.md"
  ],
  "conflicts": [
    {
      "targetId": "cursor",
      "surface": "entry",
      "destination": "/private/var/folders/1_/m2vfg4n10n9_50cz0bmvnmx80000gn/T/trio-v2-command-upgrade-v1-standard-kPubkO/home/manual/cursor/entry-policy.md",
      "reason": "destination-observation-unknown"
    },
    {
      "targetId": "cursor",
      "surface": "trio",
      "destination": "/private/var/folders/1_/m2vfg4n10n9_50cz0bmvnmx80000gn/T/trio-v2-command-upgrade-v1-standard-kPubkO/home/manual/cursor/skills/trio/SKILL.md",
      "reason": "destination-observation-unknown"
    },
    {
      "targetId": "cursor",
      "surface": "dev",
      "destination": "/private/var/folders/1_/m2vfg4n10n9_50cz0bmvnmx80000gn/T/trio-v2-command-upgrade-v1-standard-kPubkO/home/manual/cursor/skills/trio/dev/SKILL.md",
      "reason": "destination-observation-unknown"
    },
    {
      "targetId": "cursor",
      "surface": "office",
      "destination": "/private/var/folders/1_/m2vfg4n10n9_50cz0bmvnmx80000gn/T/trio-v2-command-upgrade-v1-standard-kPubkO/home/manual/cursor/skills/trio/office/SKILL.md",
      "reason": "destination-observation-unknown"
    },
    {
      "targetId": "cursor",
      "surface": "safety",
      "destination": "/private/var/folders/1_/m2vfg4n10n9_50cz0bmvnmx80000gn/T/trio-v2-command-upgrade-v1-standard-kPubkO/home/manual/cursor/skills/trio/safety/SKILL.md",
      "reason": "destination-observation-unknown"
    },
    {
      "targetId": "cursor",
      "surface": "chiefops",
      "destination": "/private/var/folders/1_/m2vfg4n10n9_50cz0bmvnmx80000gn/T/trio-v2-command-upgrade-v1-standard-kPubkO/home/manual/cursor/skills/chiefops/SKILL.md",
      "reason": "destination-observation-unknown"
    },
    {
      "targetId": "cursor",
      "surface": "trio/references/execution.md",
      "destination": "/private/var/folders/1_/m2vfg4n10n9_50cz0bmvnmx80000gn/T/trio-v2-command-upgrade-v1-standard-kPubkO/home/manual/cursor/skills/trio/references/execution.md",
      "reason": "destination-observation-unknown"
    },
    {
      "targetId": "cursor",
      "surface": "dev/references/methods.md",
      "destination": "/private/var/folders/1_/m2vfg4n10n9_50cz0bmvnmx80000gn/T/trio-v2-command-upgrade-v1-standard-kPubkO/home/manual/cursor/skills/trio/dev/references/methods.md",
      "reason": "destination-observation-unknown"
    },
    {
      "targetId": "cursor",
      "surface": "dev/references/review.md",
      "destination": "/private/var/folders/1_/m2vfg4n10n9_50cz0bmvnmx80000gn/T/trio-v2-command-upgrade-v1-standard-kPubkO/home/manual/cursor/skills/trio/dev/references/review.md",
      "reason": "destination-observation-unknown"
    },
    {
      "targetId": "cursor",
      "surface": "dev/references/pr-feedback.md",
      "destination": "/private/var/folders/1_/m2vfg4n10n9_50cz0bmvnmx80000gn/T/trio-v2-command-upgrade-v1-standard-kPubkO/home/manual/cursor/skills/trio/dev/references/pr-feedback.md",
      "reason": "destination-observation-unknown"
    },
    {
      "targetId": "cursor",
      "surface": "chiefops/references/delegated-execution.md",
      "destination": "/private/var/folders/1_/m2vfg4n10n9_50cz0bmvnmx80000gn/T/trio-v2-command-upgrade-v1-standard-kPubkO/home/manual/cursor/skills/chiefops/references/delegated-execution.md",
      "reason": "destination-observation-unknown"
    },
    {
      "targetId": "cursor",
      "surface": "office/references/source-backed-work.md",
      "destination": "/private/var/folders/1_/m2vfg4n10n9_50cz0bmvnmx80000gn/T/trio-v2-command-upgrade-v1-standard-kPubkO/home/manual/cursor/skills/trio/office/references/source-backed-work.md",
      "reason": "destination-observation-unknown"
    },
    {
      "targetId": "cursor",
      "surface": "office/references/artifact-and-delivery.md",
      "destination": "/private/var/folders/1_/m2vfg4n10n9_50cz0bmvnmx80000gn/T/trio-v2-command-upgrade-v1-standard-kPubkO/home/manual/cursor/skills/trio/office/references/artifact-and-delivery.md",
      "reason": "destination-observation-unknown"
    }
  ]
}
✔ Trio upgrade leaves legacy stale and retired sentinels untouched (1859.406417ms)
✔ Trio upgrade rejects unmanaged evidence and unsafe recovery or hard-link inputs before writes (187.508ms)
✔ install fixtures have exact roots/files and fresh input is strict V2 (21.419583ms)
✔ standard V1 migration consumes real raw bytes from a temp copy and preserves provenance (91.317667ms)
✔ migration requires content-addressed raw manifest and explicit recovery references (45.196166ms)
✔ V1 migration wrapper requires exactly four own fields (36.097583ms)
✔ migration rejects inherited V1 structural and selected manifest fields (53.890375ms)
✔ unmanaged V1 upgrade preserves the existing destination and never updates it (82.097917ms)
{
  "runtime": "trio",
  "mode": "takeover-chiefops",
  "writes": [
    "/private/var/folders/1_/m2vfg4n10n9_50cz0bmvnmx80000gn/T/trio-v2-production-takeover-success-XSiZGT/home/.codex/AGENTS.md",
    "/private/var/folders/1_/m2vfg4n10n9_50cz0bmvnmx80000gn/T/trio-v2-production-takeover-success-XSiZGT/home/.agents/skills/trio/SKILL.md",
    "/private/var/folders/1_/m2vfg4n10n9_50cz0bmvnmx80000gn/T/trio-v2-production-takeover-success-XSiZGT/home/.agents/skills/trio/dev/SKILL.md",
    "/private/var/folders/1_/m2vfg4n10n9_50cz0bmvnmx80000gn/T/trio-v2-production-takeover-success-XSiZGT/home/.agents/skills/trio/office/SKILL.md",
    "/private/var/folders/1_/m2vfg4n10n9_50cz0bmvnmx80000gn/T/trio-v2-production-takeover-success-XSiZGT/home/.agents/skills/trio/safety/SKILL.md",
    "/private/var/folders/1_/m2vfg4n10n9_50cz0bmvnmx80000gn/T/trio-v2-production-takeover-success-XSiZGT/home/.agents/skills/chiefops/SKILL.md",
    "/private/var/folders/1_/m2vfg4n10n9_50cz0bmvnmx80000gn/T/trio-v2-production-takeover-success-XSiZGT/home/.agents/skills/trio/references/execution.md",
    "/private/var/folders/1_/m2vfg4n10n9_50cz0bmvnmx80000gn/T/trio-v2-production-takeover-success-XSiZGT/home/.agents/skills/trio/dev/references/methods.md",
    "/private/var/folders/1_/m2vfg4n10n9_50cz0bmvnmx80000gn/T/trio-v2-production-takeover-success-XSiZGT/home/.agents/skills/trio/dev/references/review.md",
    "/private/var/folders/1_/m2vfg4n10n9_50cz0bmvnmx80000gn/T/trio-v2-production-takeover-success-XSiZGT/home/.agents/skills/trio/dev/references/pr-feedback.md",
    "/private/var/folders/1_/m2vfg4n10n9_50cz0bmvnmx80000gn/T/trio-v2-production-takeover-success-XSiZGT/home/.agents/skills/chiefops/references/delegated-execution.md",
    "/private/var/folders/1_/m2vfg4n10n9_50cz0bmvnmx80000gn/T/trio-v2-production-takeover-success-XSiZGT/home/.agents/skills/trio/office/references/source-backed-work.md",
    "/private/var/folders/1_/m2vfg4n10n9_50cz0bmvnmx80000gn/T/trio-v2-production-takeover-success-XSiZGT/home/.agents/skills/trio/office/references/artifact-and-delivery.md"
  ],
  "conflicts": [
    {
      "targetId": "copilot",
      "surface": "entry",
      "destination": "/private/var/folders/1_/m2vfg4n10n9_50cz0bmvnmx80000gn/T/trio-v2-production-takeover-success-XSiZGT/home/manual/copilot/entry-policy.md",
      "reason": "destination-observation-unknown"
    },
    {
      "targetId": "copilot",
      "surface": "trio",
      "destination": "/private/var/folders/1_/m2vfg4n10n9_50cz0bmvnmx80000gn/T/trio-v2-production-takeover-success-XSiZGT/home/manual/copilot/skills/trio/SKILL.md",
      "reason": "destination-observation-unknown"
    },
    {
      "targetId": "copilot",
      "surface": "dev",
      "destination": "/private/var/folders/1_/m2vfg4n10n9_50cz0bmvnmx80000gn/T/trio-v2-production-takeover-success-XSiZGT/home/manual/copilot/skills/trio/dev/SKILL.md",
      "reason": "destination-observation-unknown"
    },
    {
      "targetId": "copilot",
      "surface": "office",
      "destination": "/private/var/folders/1_/m2vfg4n10n9_50cz0bmvnmx80000gn/T/trio-v2-production-takeover-success-XSiZGT/home/manual/copilot/skills/trio/office/SKILL.md",
      "reason": "destination-observation-unknown"
    },
    {
      "targetId": "copilot",
      "surface": "safety",
      "destination": "/private/var/folders/1_/m2vfg4n10n9_50cz0bmvnmx80000gn/T/trio-v2-production-takeover-success-XSiZGT/home/manual/copilot/skills/trio/safety/SKILL.md",
      "reason": "destination-observation-unknown"
    },
    {
      "targetId": "copilot",
      "surface": "chiefops",
      "destination": "/private/var/folders/1_/m2vfg4n10n9_50cz0bmvnmx80000gn/T/trio-v2-production-takeover-success-XSiZGT/home/manual/copilot/skills/chiefops/SKILL.md",
      "reason": "destination-observation-unknown"
    },
    {
      "targetId": "copilot",
      "surface": "trio/references/execution.md",
      "destination": "/private/var/folders/1_/m2vfg4n10n9_50cz0bmvnmx80000gn/T/trio-v2-production-takeover-success-XSiZGT/home/manual/copilot/skills/trio/references/execution.md",
      "reason": "destination-observation-unknown"
    },
    {
      "targetId": "copilot",
      "surface": "dev/references/methods.md",
      "destination": "/private/var/folders/1_/m2vfg4n10n9_50cz0bmvnmx80000gn/T/trio-v2-production-takeover-success-XSiZGT/home/manual/copilot/skills/trio/dev/references/methods.md",
      "reason": "destination-observation-unknown"
    },
    {
      "targetId": "copilot",
      "surface": "dev/references/review.md",
      "destination": "/private/var/folders/1_/m2vfg4n10n9_50cz0bmvnmx80000gn/T/trio-v2-production-takeover-success-XSiZGT/home/manual/copilot/skills/trio/dev/references/review.md",
      "reason": "destination-observation-unknown"
    },
    {
      "targetId": "copilot",
      "surface": "dev/references/pr-feedback.md",
      "destination": "/private/var/folders/1_/m2vfg4n10n9_50cz0bmvnmx80000gn/T/trio-v2-production-takeover-success-XSiZGT/home/manual/copilot/skills/trio/dev/references/pr-feedback.md",
      "reason": "destination-observation-unknown"
    },
    {
      "targetId": "copilot",
      "surface": "chiefops/references/delegated-execution.md",
      "destination": "/private/var/folders/1_/m2vfg4n10n9_50cz0bmvnmx80000gn/T/trio-v2-production-takeover-success-XSiZGT/home/manual/copilot/skills/chiefops/references/delegated-execution.md",
      "reason": "destination-observation-unknown"
    },
    {
      "targetId": "copilot",
      "surface": "office/references/source-backed-work.md",
      "destination": "/private/var/folders/1_/m2vfg4n10n9_50cz0bmvnmx80000gn/T/trio-v2-production-takeover-success-XSiZGT/home/manual/copilot/skills/trio/office/references/source-backed-work.md",
      "reason": "destination-observation-unknown"
    },
    {
      "targetId": "copilot",
      "surface": "office/references/artifact-and-delivery.md",
      "destination": "/private/var/folders/1_/m2vfg4n10n9_50cz0bmvnmx80000gn/T/trio-v2-production-takeover-success-XSiZGT/home/manual/copilot/skills/trio/office/references/artifact-and-delivery.md",
      "reason": "destination-observation-unknown"
    }
  ],
  "backup": {
    "ref": "trio-backup-v1:/private/var/folders/1_/m2vfg4n10n9_50cz0bmvnmx80000gn/T/trio-v2-production-takeover-success-XSiZGT/authority/.harness-backup/trio-takeover/20260920-164951-f33b2894-ba6c-4f54-b732-d47668fa05b7/manifest.json:36d6c59ae7c97d0482407ea23dc715bc45596a7103047b035a5dd322a8d81207",
    "root": "/private/var/folders/1_/m2vfg4n10n9_50cz0bmvnmx80000gn/T/trio-v2-production-takeover-success-XSiZGT/authority/.harness-backup/trio-takeover/20260920-164951-f33b2894-ba6c-4f54-b732-d47668fa05b7",
    "manifestPath": "/private/var/folders/1_/m2vfg4n10n9_50cz0bmvnmx80000gn/T/trio-v2-production-takeover-success-XSiZGT/authority/.harness-backup/trio-takeover/20260920-164951-f33b2894-ba6c-4f54-b732-d47668fa05b7/manifest.json",
    "bundlePath": "/private/var/folders/1_/m2vfg4n10n9_50cz0bmvnmx80000gn/T/trio-v2-production-takeover-success-XSiZGT/authority/.harness-backup/trio-takeover/20260920-164951-f33b2894-ba6c-4f54-b732-d47668fa05b7/bundle.bin"
  }
}
{
  "schemaVersion": 2,
  "runtime": "trio",
  "mode": "dry-run",
  "descriptors": [
    {
      "targetId": "codex",
      "surface": "entry",
      "destination": "/private/var/folders/1_/m2vfg4n10n9_50cz0bmvnmx80000gn/T/trio-v2-production-takeover-success-XSiZGT/home/.codex/AGENTS.md",
      "action": "update",
      "execution": "managed",
      "conflict": false
    },
    {
      "targetId": "codex",
      "surface": "trio",
      "destination": "/private/var/folders/1_/m2vfg4n10n9_50cz0bmvnmx80000gn/T/trio-v2-production-takeover-success-XSiZGT/home/.agents/skills/trio/SKILL.md",
      "action": "update",
      "execution": "managed",
      "conflict": false
    },
    {
      "targetId": "codex",
      "surface": "dev",
      "destination": "/private/var/folders/1_/m2vfg4n10n9_50cz0bmvnmx80000gn/T/trio-v2-production-takeover-success-XSiZGT/home/.agents/skills/trio/dev/SKILL.md",
      "action": "update",
      "execution": "managed",
      "conflict": false
    },
    {
      "targetId": "codex",
      "surface": "office",
      "destination": "/private/var/folders/1_/m2vfg4n10n9_50cz0bmvnmx80000gn/T/trio-v2-production-takeover-success-XSiZGT/home/.agents/skills/trio/office/SKILL.md",
      "action": "update",
      "execution": "managed",
      "conflict": false
    },
    {
      "targetId": "codex",
      "surface": "safety",
      "destination": "/private/var/folders/1_/m2vfg4n10n9_50cz0bmvnmx80000gn/T/trio-v2-production-takeover-success-XSiZGT/home/.agents/skills/trio/safety/SKILL.md",
      "action": "update",
      "execution": "managed",
      "conflict": false
    },
    {
      "targetId": "codex",
      "surface": "chiefops",
      "destination": "/private/var/folders/1_/m2vfg4n10n9_50cz0bmvnmx80000gn/T/trio-v2-production-takeover-success-XSiZGT/home/.agents/skills/chiefops/SKILL.md",
      "action": "update",
      "execution": "managed",
      "conflict": false
    },
    {
      "targetId": "codex",
      "surface": "trio/references/execution.md",
      "destination": "/private/var/folders/1_/m2vfg4n10n9_50cz0bmvnmx80000gn/T/trio-v2-production-takeover-success-XSiZGT/home/.agents/skills/trio/references/execution.md",
      "action": "update",
      "execution": "managed",
      "conflict": false
    },
    {
      "targetId": "codex",
      "surface": "dev/references/methods.md",
      "destination": "/private/var/folders/1_/m2vfg4n10n9_50cz0bmvnmx80000gn/T/trio-v2-production-takeover-success-XSiZGT/home/.agents/skills/trio/dev/references/methods.md",
      "action": "update",
      "execution": "managed",
      "conflict": false
    },
    {
      "targetId": "codex",
      "surface": "dev/references/review.md",
      "destination": "/private/var/folders/1_/m2vfg4n10n9_50cz0bmvnmx80000gn/T/trio-v2-production-takeover-success-XSiZGT/home/.agents/skills/trio/dev/references/review.md",
      "action": "update",
      "execution": "managed",
      "conflict": false
    },
    {
      "targetId": "codex",
      "surface": "dev/references/pr-feedback.md",
      "destination": "/private/var/folders/1_/m2vfg4n10n9_50cz0bmvnmx80000gn/T/trio-v2-production-takeover-success-XSiZGT/home/.agents/skills/trio/dev/references/pr-feedback.md",
      "action": "update",
      "execution": "managed",
      "conflict": false
    },
    {
      "targetId": "codex",
      "surface": "chiefops/references/delegated-execution.md",
      "destination": "/private/var/folders/1_/m2vfg4n10n9_50cz0bmvnmx80000gn/T/trio-v2-production-takeover-success-XSiZGT/home/.agents/skills/chiefops/references/delegated-execution.md",
      "action": "update",
      "execution": "managed",
      "conflict": false
    },
    {
      "targetId": "codex",
      "surface": "office/references/source-backed-work.md",
      "destination": "/private/var/folders/1_/m2vfg4n10n9_50cz0bmvnmx80000gn/T/trio-v2-production-takeover-success-XSiZGT/home/.agents/skills/trio/office/references/source-backed-work.md",
      "action": "update",
      "execution": "managed",
      "conflict": false
    },
    {
      "targetId": "codex",
      "surface": "office/references/artifact-and-delivery.md",
      "destination": "/private/var/folders/1_/m2vfg4n10n9_50cz0bmvnmx80000gn/T/trio-v2-production-takeover-success-XSiZGT/home/.agents/skills/trio/office/references/artifact-and-delivery.md",
      "action": "update",
      "execution": "managed",
      "conflict": false
    },
    {
      "targetId": "copilot",
      "surface": "entry",
      "destination": "/private/var/folders/1_/m2vfg4n10n9_50cz0bmvnmx80000gn/T/trio-v2-production-takeover-success-XSiZGT/home/manual/copilot/entry-policy.md",
      "action": "preserve",
      "execution": "manual",
      "conflict": true
    },
    {
      "targetId": "copilot",
      "surface": "trio",
      "destination": "/private/var/folders/1_/m2vfg4n10n9_50cz0bmvnmx80000gn/T/trio-v2-production-takeover-success-XSiZGT/home/manual/copilot/skills/trio/SKILL.md",
      "action": "preserve",
      "execution": "manual",
      "conflict": true
    },
    {
      "targetId": "copilot",
      "surface": "dev",
      "destination": "/private/var/folders/1_/m2vfg4n10n9_50cz0bmvnmx80000gn/T/trio-v2-production-takeover-success-XSiZGT/home/manual/copilot/skills/trio/dev/SKILL.md",
      "action": "preserve",
      "execution": "manual",
      "conflict": true
    },
    {
      "targetId": "copilot",
      "surface": "office",
      "destination": "/private/var/folders/1_/m2vfg4n10n9_50cz0bmvnmx80000gn/T/trio-v2-production-takeover-success-XSiZGT/home/manual/copilot/skills/trio/office/SKILL.md",
      "action": "preserve",
      "execution": "manual",
      "conflict": true
    },
    {
      "targetId": "copilot",
      "surface": "safety",
      "destination": "/private/var/folders/1_/m2vfg4n10n9_50cz0bmvnmx80000gn/T/trio-v2-production-takeover-success-XSiZGT/home/manual/copilot/skills/trio/safety/SKILL.md",
      "action": "preserve",
      "execution": "manual",
      "conflict": true
    },
    {
      "targetId": "copilot",
      "surface": "chiefops",
      "destination": "/private/var/folders/1_/m2vfg4n10n9_50cz0bmvnmx80000gn/T/trio-v2-production-takeover-success-XSiZGT/home/manual/copilot/skills/chiefops/SKILL.md",
      "action": "preserve",
      "execution": "manual",
      "conflict": true
    },
    {
      "targetId": "copilot",
      "surface": "trio/references/execution.md",
      "destination": "/private/var/folders/1_/m2vfg4n10n9_50cz0bmvnmx80000gn/T/trio-v2-production-takeover-success-XSiZGT/home/manual/copilot/skills/trio/references/execution.md",
      "action": "preserve",
      "execution": "manual",
      "conflict": true
    },
    {
      "targetId": "copilot",
      "surface": "dev/references/methods.md",
      "destination": "/private/var/folders/1_/m2vfg4n10n9_50cz0bmvnmx80000gn/T/trio-v2-production-takeover-success-XSiZGT/home/manual/copilot/skills/trio/dev/references/methods.md",
      "action": "preserve",
      "execution": "manual",
      "conflict": true
    },
    {
      "targetId": "copilot",
      "surface": "dev/references/review.md",
      "destination": "/private/var/folders/1_/m2vfg4n10n9_50cz0bmvnmx80000gn/T/trio-v2-production-takeover-success-XSiZGT/home/manual/copilot/skills/trio/dev/references/review.md",
      "action": "preserve",
      "execution": "manual",
      "conflict": true
    },
    {
      "targetId": "copilot",
      "surface": "dev/references/pr-feedback.md",
      "destination": "/private/var/folders/1_/m2vfg4n10n9_50cz0bmvnmx80000gn/T/trio-v2-production-takeover-success-XSiZGT/home/manual/copilot/skills/trio/dev/references/pr-feedback.md",
      "action": "preserve",
      "execution": "manual",
      "conflict": true
    },
    {
      "targetId": "copilot",
      "surface": "chiefops/references/delegated-execution.md",
      "destination": "/private/var/folders/1_/m2vfg4n10n9_50cz0bmvnmx80000gn/T/trio-v2-production-takeover-success-XSiZGT/home/manual/copilot/skills/chiefops/references/delegated-execution.md",
      "action": "preserve",
      "execution": "manual",
      "conflict": true
    },
    {
      "targetId": "copilot",
      "surface": "office/references/source-backed-work.md",
      "destination": "/private/var/folders/1_/m2vfg4n10n9_50cz0bmvnmx80000gn/T/trio-v2-production-takeover-success-XSiZGT/home/manual/copilot/skills/trio/office/references/source-backed-work.md",
      "action": "preserve",
      "execution": "manual",
      "conflict": true
    },
    {
      "targetId": "copilot",
      "surface": "office/references/artifact-and-delivery.md",
      "destination": "/private/var/folders/1_/m2vfg4n10n9_50cz0bmvnmx80000gn/T/trio-v2-production-takeover-success-XSiZGT/home/manual/copilot/skills/trio/office/references/artifact-and-delivery.md",
      "action": "preserve",
      "execution": "manual",
      "conflict": true
    }
  ],
  "conflicts": [
    {
      "targetId": "copilot",
      "surface": "entry",
      "destination": "/private/var/folders/1_/m2vfg4n10n9_50cz0bmvnmx80000gn/T/trio-v2-production-takeover-success-XSiZGT/home/manual/copilot/entry-policy.md",
      "reason": "destination-observation-unknown"
    },
    {
      "targetId": "copilot",
      "surface": "trio",
      "destination": "/private/var/folders/1_/m2vfg4n10n9_50cz0bmvnmx80000gn/T/trio-v2-production-takeover-success-XSiZGT/home/manual/copilot/skills/trio/SKILL.md",
      "reason": "destination-observation-unknown"
    },
    {
      "targetId": "copilot",
      "surface": "dev",
      "destination": "/private/var/folders/1_/m2vfg4n10n9_50cz0bmvnmx80000gn/T/trio-v2-production-takeover-success-XSiZGT/home/manual/copilot/skills/trio/dev/SKILL.md",
      "reason": "destination-observation-unknown"
    },
    {
      "targetId": "copilot",
      "surface": "office",
      "destination": "/private/var/folders/1_/m2vfg4n10n9_50cz0bmvnmx80000gn/T/trio-v2-production-takeover-success-XSiZGT/home/manual/copilot/skills/trio/office/SKILL.md",
      "reason": "destination-observation-unknown"
    },
    {
      "targetId": "copilot",
      "surface": "safety",
      "destination": "/private/var/folders/1_/m2vfg4n10n9_50cz0bmvnmx80000gn/T/trio-v2-production-takeover-success-XSiZGT/home/manual/copilot/skills/trio/safety/SKILL.md",
      "reason": "destination-observation-unknown"
    },
    {
      "targetId": "copilot",
      "surface": "chiefops",
      "destination": "/private/var/folders/1_/m2vfg4n10n9_50cz0bmvnmx80000gn/T/trio-v2-production-takeover-success-XSiZGT/home/manual/copilot/skills/chiefops/SKILL.md",
      "reason": "destination-observation-unknown"
    },
    {
      "targetId": "copilot",
      "surface": "trio/references/execution.md",
      "destination": "/private/var/folders/1_/m2vfg4n10n9_50cz0bmvnmx80000gn/T/trio-v2-production-takeover-success-XSiZGT/home/manual/copilot/skills/trio/references/execution.md",
      "reason": "destination-observation-unknown"
    },
    {
      "targetId": "copilot",
      "surface": "dev/references/methods.md",
      "destination": "/private/var/folders/1_/m2vfg4n10n9_50cz0bmvnmx80000gn/T/trio-v2-production-takeover-success-XSiZGT/home/manual/copilot/skills/trio/dev/references/methods.md",
      "reason": "destination-observation-unknown"
    },
    {
      "targetId": "copilot",
      "surface": "dev/references/review.md",
      "destination": "/private/var/folders/1_/m2vfg4n10n9_50cz0bmvnmx80000gn/T/trio-v2-production-takeover-success-XSiZGT/home/manual/copilot/skills/trio/dev/references/review.md",
      "reason": "destination-observation-unknown"
    },
    {
      "targetId": "copilot",
      "surface": "dev/references/pr-feedback.md",
      "destination": "/private/var/folders/1_/m2vfg4n10n9_50cz0bmvnmx80000gn/T/trio-v2-production-takeover-success-XSiZGT/home/manual/copilot/skills/trio/dev/references/pr-feedback.md",
      "reason": "destination-observation-unknown"
    },
    {
      "targetId": "copilot",
      "surface": "chiefops/references/delegated-execution.md",
      "destination": "/private/var/folders/1_/m2vfg4n10n9_50cz0bmvnmx80000gn/T/trio-v2-production-takeover-success-XSiZGT/home/manual/copilot/skills/chiefops/references/delegated-execution.md",
      "reason": "destination-observation-unknown"
    },
    {
      "targetId": "copilot",
      "surface": "office/references/source-backed-work.md",
      "destination": "/private/var/folders/1_/m2vfg4n10n9_50cz0bmvnmx80000gn/T/trio-v2-production-takeover-success-XSiZGT/home/manual/copilot/skills/trio/office/references/source-backed-work.md",
      "reason": "destination-observation-unknown"
    },
    {
      "targetId": "copilot",
      "surface": "office/references/artifact-and-delivery.md",
      "destination": "/private/var/folders/1_/m2vfg4n10n9_50cz0bmvnmx80000gn/T/trio-v2-production-takeover-success-XSiZGT/home/manual/copilot/skills/trio/office/references/artifact-and-delivery.md",
      "reason": "destination-observation-unknown"
    }
  ]
}
{
  "schemaVersion": 2,
  "runtime": "trio",
  "mode": "check",
  "descriptors": [
    {
      "targetId": "codex",
      "surface": "entry",
      "destination": "/private/var/folders/1_/m2vfg4n10n9_50cz0bmvnmx80000gn/T/trio-v2-production-takeover-success-XSiZGT/home/.codex/AGENTS.md",
      "action": "update",
      "execution": "managed",
      "conflict": false
    },
    {
      "targetId": "codex",
      "surface": "trio",
      "destination": "/private/var/folders/1_/m2vfg4n10n9_50cz0bmvnmx80000gn/T/trio-v2-production-takeover-success-XSiZGT/home/.agents/skills/trio/SKILL.md",
      "action": "update",
      "execution": "managed",
      "conflict": false
    },
    {
      "targetId": "codex",
      "surface": "dev",
      "destination": "/private/var/folders/1_/m2vfg4n10n9_50cz0bmvnmx80000gn/T/trio-v2-production-takeover-success-XSiZGT/home/.agents/skills/trio/dev/SKILL.md",
      "action": "update",
      "execution": "managed",
      "conflict": false
    },
    {
      "targetId": "codex",
      "surface": "office",
      "destination": "/private/var/folders/1_/m2vfg4n10n9_50cz0bmvnmx80000gn/T/trio-v2-production-takeover-success-XSiZGT/home/.agents/skills/trio/office/SKILL.md",
      "action": "update",
      "execution": "managed",
      "conflict": false
    },
    {
      "targetId": "codex",
      "surface": "safety",
      "destination": "/private/var/folders/1_/m2vfg4n10n9_50cz0bmvnmx80000gn/T/trio-v2-production-takeover-success-XSiZGT/home/.agents/skills/trio/safety/SKILL.md",
      "action": "update",
      "execution": "managed",
      "conflict": false
    },
    {
      "targetId": "codex",
      "surface": "chiefops",
      "destination": "/private/var/folders/1_/m2vfg4n10n9_50cz0bmvnmx80000gn/T/trio-v2-production-takeover-success-XSiZGT/home/.agents/skills/chiefops/SKILL.md",
      "action": "update",
      "execution": "managed",
      "conflict": false
    },
    {
      "targetId": "codex",
      "surface": "trio/references/execution.md",
      "destination": "/private/var/folders/1_/m2vfg4n10n9_50cz0bmvnmx80000gn/T/trio-v2-production-takeover-success-XSiZGT/home/.agents/skills/trio/references/execution.md",
      "action": "update",
      "execution": "managed",
      "conflict": false
    },
    {
      "targetId": "codex",
      "surface": "dev/references/methods.md",
      "destination": "/private/var/folders/1_/m2vfg4n10n9_50cz0bmvnmx80000gn/T/trio-v2-production-takeover-success-XSiZGT/home/.agents/skills/trio/dev/references/methods.md",
      "action": "update",
      "execution": "managed",
      "conflict": false
    },
    {
      "targetId": "codex",
      "surface": "dev/references/review.md",
      "destination": "/private/var/folders/1_/m2vfg4n10n9_50cz0bmvnmx80000gn/T/trio-v2-production-takeover-success-XSiZGT/home/.agents/skills/trio/dev/references/review.md",
      "action": "update",
      "execution": "managed",
      "conflict": false
    },
    {
      "targetId": "codex",
      "surface": "dev/references/pr-feedback.md",
      "destination": "/private/var/folders/1_/m2vfg4n10n9_50cz0bmvnmx80000gn/T/trio-v2-production-takeover-success-XSiZGT/home/.agents/skills/trio/dev/references/pr-feedback.md",
      "action": "update",
      "execution": "managed",
      "conflict": false
    },
    {
      "targetId": "codex",
      "surface": "chiefops/references/delegated-execution.md",
      "destination": "/private/var/folders/1_/m2vfg4n10n9_50cz0bmvnmx80000gn/T/trio-v2-production-takeover-success-XSiZGT/home/.agents/skills/chiefops/references/delegated-execution.md",
      "action": "update",
      "execution": "managed",
      "conflict": false
    },
    {
      "targetId": "codex",
      "surface": "office/references/source-backed-work.md",
      "destination": "/private/var/folders/1_/m2vfg4n10n9_50cz0bmvnmx80000gn/T/trio-v2-production-takeover-success-XSiZGT/home/.agents/skills/trio/office/references/source-backed-work.md",
      "action": "update",
      "execution": "managed",
      "conflict": false
    },
    {
      "targetId": "codex",
      "surface": "office/references/artifact-and-delivery.md",
      "destination": "/private/var/folders/1_/m2vfg4n10n9_50cz0bmvnmx80000gn/T/trio-v2-production-takeover-success-XSiZGT/home/.agents/skills/trio/office/references/artifact-and-delivery.md",
      "action": "update",
      "execution": "managed",
      "conflict": false
    },
    {
      "targetId": "copilot",
      "surface": "entry",
      "destination": "/private/var/folders/1_/m2vfg4n10n9_50cz0bmvnmx80000gn/T/trio-v2-production-takeover-success-XSiZGT/home/manual/copilot/entry-policy.md",
      "action": "preserve",
      "execution": "manual",
      "conflict": true
    },
    {
      "targetId": "copilot",
      "surface": "trio",
      "destination": "/private/var/folders/1_/m2vfg4n10n9_50cz0bmvnmx80000gn/T/trio-v2-production-takeover-success-XSiZGT/home/manual/copilot/skills/trio/SKILL.md",
      "action": "preserve",
      "execution": "manual",
      "conflict": true
    },
    {
      "targetId": "copilot",
      "surface": "dev",
      "destination": "/private/var/folders/1_/m2vfg4n10n9_50cz0bmvnmx80000gn/T/trio-v2-production-takeover-success-XSiZGT/home/manual/copilot/skills/trio/dev/SKILL.md",
      "action": "preserve",
      "execution": "manual",
      "conflict": true
    },
    {
      "targetId": "copilot",
      "surface": "office",
      "destination": "/private/var/folders/1_/m2vfg4n10n9_50cz0bmvnmx80000gn/T/trio-v2-production-takeover-success-XSiZGT/home/manual/copilot/skills/trio/office/SKILL.md",
      "action": "preserve",
      "execution": "manual",
      "conflict": true
    },
    {
      "targetId": "copilot",
      "surface": "safety",
      "destination": "/private/var/folders/1_/m2vfg4n10n9_50cz0bmvnmx80000gn/T/trio-v2-production-takeover-success-XSiZGT/home/manual/copilot/skills/trio/safety/SKILL.md",
      "action": "preserve",
      "execution": "manual",
      "conflict": true
    },
    {
      "targetId": "copilot",
      "surface": "chiefops",
      "destination": "/private/var/folders/1_/m2vfg4n10n9_50cz0bmvnmx80000gn/T/trio-v2-production-takeover-success-XSiZGT/home/manual/copilot/skills/chiefops/SKILL.md",
      "action": "preserve",
      "execution": "manual",
      "conflict": true
    },
    {
      "targetId": "copilot",
      "surface": "trio/references/execution.md",
      "destination": "/private/var/folders/1_/m2vfg4n10n9_50cz0bmvnmx80000gn/T/trio-v2-production-takeover-success-XSiZGT/home/manual/copilot/skills/trio/references/execution.md",
      "action": "preserve",
      "execution": "manual",
      "conflict": true
    },
    {
      "targetId": "copilot",
      "surface": "dev/references/methods.md",
      "destination": "/private/var/folders/1_/m2vfg4n10n9_50cz0bmvnmx80000gn/T/trio-v2-production-takeover-success-XSiZGT/home/manual/copilot/skills/trio/dev/references/methods.md",
      "action": "preserve",
      "execution": "manual",
      "conflict": true
    },
    {
      "targetId": "copilot",
      "surface": "dev/references/review.md",
      "destination": "/private/var/folders/1_/m2vfg4n10n9_50cz0bmvnmx80000gn/T/trio-v2-production-takeover-success-XSiZGT/home/manual/copilot/skills/trio/dev/references/review.md",
      "action": "preserve",
      "execution": "manual",
      "conflict": true
    },
    {
      "targetId": "copilot",
      "surface": "dev/references/pr-feedback.md",
      "destination": "/private/var/folders/1_/m2vfg4n10n9_50cz0bmvnmx80000gn/T/trio-v2-production-takeover-success-XSiZGT/home/manual/copilot/skills/trio/dev/references/pr-feedback.md",
      "action": "preserve",
      "execution": "manual",
      "conflict": true
    },
    {
      "targetId": "copilot",
      "surface": "chiefops/references/delegated-execution.md",
      "destination": "/private/var/folders/1_/m2vfg4n10n9_50cz0bmvnmx80000gn/T/trio-v2-production-takeover-success-XSiZGT/home/manual/copilot/skills/chiefops/references/delegated-execution.md",
      "action": "preserve",
      "execution": "manual",
      "conflict": true
    },
    {
      "targetId": "copilot",
      "surface": "office/references/source-backed-work.md",
      "destination": "/private/var/folders/1_/m2vfg4n10n9_50cz0bmvnmx80000gn/T/trio-v2-production-takeover-success-XSiZGT/home/manual/copilot/skills/trio/office/references/source-backed-work.md",
      "action": "preserve",
      "execution": "manual",
      "conflict": true
    },
    {
      "targetId": "copilot",
      "surface": "office/references/artifact-and-delivery.md",
      "destination": "/private/var/folders/1_/m2vfg4n10n9_50cz0bmvnmx80000gn/T/trio-v2-production-takeover-success-XSiZGT/home/manual/copilot/skills/trio/office/references/artifact-and-delivery.md",
      "action": "preserve",
      "execution": "manual",
      "conflict": true
    }
  ],
  "conflicts": [
    {
      "targetId": "copilot",
      "surface": "entry",
      "destination": "/private/var/folders/1_/m2vfg4n10n9_50cz0bmvnmx80000gn/T/trio-v2-production-takeover-success-XSiZGT/home/manual/copilot/entry-policy.md",
      "reason": "destination-observation-unknown"
    },
    {
      "targetId": "copilot",
      "surface": "trio",
      "destination": "/private/var/folders/1_/m2vfg4n10n9_50cz0bmvnmx80000gn/T/trio-v2-production-takeover-success-XSiZGT/home/manual/copilot/skills/trio/SKILL.md",
      "reason": "destination-observation-unknown"
    },
    {
      "targetId": "copilot",
      "surface": "dev",
      "destination": "/private/var/folders/1_/m2vfg4n10n9_50cz0bmvnmx80000gn/T/trio-v2-production-takeover-success-XSiZGT/home/manual/copilot/skills/trio/dev/SKILL.md",
      "reason": "destination-observation-unknown"
    },
    {
      "targetId": "copilot",
      "surface": "office",
      "destination": "/private/var/folders/1_/m2vfg4n10n9_50cz0bmvnmx80000gn/T/trio-v2-production-takeover-success-XSiZGT/home/manual/copilot/skills/trio/office/SKILL.md",
      "reason": "destination-observation-unknown"
    },
    {
      "targetId": "copilot",
      "surface": "safety",
      "destination": "/private/var/folders/1_/m2vfg4n10n9_50cz0bmvnmx80000gn/T/trio-v2-production-takeover-success-XSiZGT/home/manual/copilot/skills/trio/safety/SKILL.md",
      "reason": "destination-observation-unknown"
    },
    {
      "targetId": "copilot",
      "surface": "chiefops",
      "destination": "/private/var/folders/1_/m2vfg4n10n9_50cz0bmvnmx80000gn/T/trio-v2-production-takeover-success-XSiZGT/home/manual/copilot/skills/chiefops/SKILL.md",
      "reason": "destination-observation-unknown"
    },
    {
      "targetId": "copilot",
      "surface": "trio/references/execution.md",
      "destination": "/private/var/folders/1_/m2vfg4n10n9_50cz0bmvnmx80000gn/T/trio-v2-production-takeover-success-XSiZGT/home/manual/copilot/skills/trio/references/execution.md",
      "reason": "destination-observation-unknown"
    },
    {
      "targetId": "copilot",
      "surface": "dev/references/methods.md",
      "destination": "/private/var/folders/1_/m2vfg4n10n9_50cz0bmvnmx80000gn/T/trio-v2-production-takeover-success-XSiZGT/home/manual/copilot/skills/trio/dev/references/methods.md",
      "reason": "destination-observation-unknown"
    },
    {
      "targetId": "copilot",
      "surface": "dev/references/review.md",
      "destination": "/private/var/folders/1_/m2vfg4n10n9_50cz0bmvnmx80000gn/T/trio-v2-production-takeover-success-XSiZGT/home/manual/copilot/skills/trio/dev/references/review.md",
      "reason": "destination-observation-unknown"
    },
    {
      "targetId": "copilot",
      "surface": "dev/references/pr-feedback.md",
      "destination": "/private/var/folders/1_/m2vfg4n10n9_50cz0bmvnmx80000gn/T/trio-v2-production-takeover-success-XSiZGT/home/manual/copilot/skills/trio/dev/references/pr-feedback.md",
      "reason": "destination-observation-unknown"
    },
    {
      "targetId": "copilot",
      "surface": "chiefops/references/delegated-execution.md",
      "destination": "/private/var/folders/1_/m2vfg4n10n9_50cz0bmvnmx80000gn/T/trio-v2-production-takeover-success-XSiZGT/home/manual/copilot/skills/chiefops/references/delegated-execution.md",
      "reason": "destination-observation-unknown"
    },
    {
      "targetId": "copilot",
      "surface": "office/references/source-backed-work.md",
      "destination": "/private/var/folders/1_/m2vfg4n10n9_50cz0bmvnmx80000gn/T/trio-v2-production-takeover-success-XSiZGT/home/manual/copilot/skills/trio/office/references/source-backed-work.md",
      "reason": "destination-observation-unknown"
    },
    {
      "targetId": "copilot",
      "surface": "office/references/artifact-and-delivery.md",
      "destination": "/private/var/folders/1_/m2vfg4n10n9_50cz0bmvnmx80000gn/T/trio-v2-production-takeover-success-XSiZGT/home/manual/copilot/skills/trio/office/references/artifact-and-delivery.md",
      "reason": "destination-observation-unknown"
    }
  ]
}
{
  "schemaVersion": 2,
  "runtime": "trio",
  "readable": true,
  "descriptorCount": 26,
  "conflicts": [
    {
      "targetId": "copilot",
      "surface": "entry",
      "destination": "/private/var/folders/1_/m2vfg4n10n9_50cz0bmvnmx80000gn/T/trio-v2-production-takeover-success-XSiZGT/home/manual/copilot/entry-policy.md",
      "reason": "destination-observation-unknown"
    },
    {
      "targetId": "copilot",
      "surface": "trio",
      "destination": "/private/var/folders/1_/m2vfg4n10n9_50cz0bmvnmx80000gn/T/trio-v2-production-takeover-success-XSiZGT/home/manual/copilot/skills/trio/SKILL.md",
      "reason": "destination-observation-unknown"
    },
    {
      "targetId": "copilot",
      "surface": "dev",
      "destination": "/private/var/folders/1_/m2vfg4n10n9_50cz0bmvnmx80000gn/T/trio-v2-production-takeover-success-XSiZGT/home/manual/copilot/skills/trio/dev/SKILL.md",
      "reason": "destination-observation-unknown"
    },
    {
      "targetId": "copilot",
      "surface": "office",
      "destination": "/private/var/folders/1_/m2vfg4n10n9_50cz0bmvnmx80000gn/T/trio-v2-production-takeover-success-XSiZGT/home/manual/copilot/skills/trio/office/SKILL.md",
      "reason": "destination-observation-unknown"
    },
    {
      "targetId": "copilot",
      "surface": "safety",
      "destination": "/private/var/folders/1_/m2vfg4n10n9_50cz0bmvnmx80000gn/T/trio-v2-production-takeover-success-XSiZGT/home/manual/copilot/skills/trio/safety/SKILL.md",
      "reason": "destination-observation-unknown"
    },
    {
      "targetId": "copilot",
      "surface": "chiefops",
      "destination": "/private/var/folders/1_/m2vfg4n10n9_50cz0bmvnmx80000gn/T/trio-v2-production-takeover-success-XSiZGT/home/manual/copilot/skills/chiefops/SKILL.md",
      "reason": "destination-observation-unknown"
    },
    {
      "targetId": "copilot",
      "surface": "trio/references/execution.md",
      "destination": "/private/var/folders/1_/m2vfg4n10n9_50cz0bmvnmx80000gn/T/trio-v2-production-takeover-success-XSiZGT/home/manual/copilot/skills/trio/references/execution.md",
      "reason": "destination-observation-unknown"
    },
    {
      "targetId": "copilot",
      "surface": "dev/references/methods.md",
      "destination": "/private/var/folders/1_/m2vfg4n10n9_50cz0bmvnmx80000gn/T/trio-v2-production-takeover-success-XSiZGT/home/manual/copilot/skills/trio/dev/references/methods.md",
      "reason": "destination-observation-unknown"
    },
    {
      "targetId": "copilot",
      "surface": "dev/references/review.md",
      "destination": "/private/var/folders/1_/m2vfg4n10n9_50cz0bmvnmx80000gn/T/trio-v2-production-takeover-success-XSiZGT/home/manual/copilot/skills/trio/dev/references/review.md",
      "reason": "destination-observation-unknown"
    },
    {
      "targetId": "copilot",
      "surface": "dev/references/pr-feedback.md",
      "destination": "/private/var/folders/1_/m2vfg4n10n9_50cz0bmvnmx80000gn/T/trio-v2-production-takeover-success-XSiZGT/home/manual/copilot/skills/trio/dev/references/pr-feedback.md",
      "reason": "destination-observation-unknown"
    },
    {
      "targetId": "copilot",
      "surface": "chiefops/references/delegated-execution.md",
      "destination": "/private/var/folders/1_/m2vfg4n10n9_50cz0bmvnmx80000gn/T/trio-v2-production-takeover-success-XSiZGT/home/manual/copilot/skills/chiefops/references/delegated-execution.md",
      "reason": "destination-observation-unknown"
    },
    {
      "targetId": "copilot",
      "surface": "office/references/source-backed-work.md",
      "destination": "/private/var/folders/1_/m2vfg4n10n9_50cz0bmvnmx80000gn/T/trio-v2-production-takeover-success-XSiZGT/home/manual/copilot/skills/trio/office/references/source-backed-work.md",
      "reason": "destination-observation-unknown"
    },
    {
      "targetId": "copilot",
      "surface": "office/references/artifact-and-delivery.md",
      "destination": "/private/var/folders/1_/m2vfg4n10n9_50cz0bmvnmx80000gn/T/trio-v2-production-takeover-success-XSiZGT/home/manual/copilot/skills/trio/office/references/artifact-and-delivery.md",
      "reason": "destination-observation-unknown"
    }
  ],
  "mode": "check-only"
}
✔ production install --takeover-chiefops adopts one unowned global ChiefOps with a verified complete-inventory backup (1581.842833ms)
{
  "runtime": "trio",
  "mode": "fresh",
  "writes": [
    "/private/var/folders/1_/m2vfg4n10n9_50cz0bmvnmx80000gn/T/trio-v2-production-takeover-reject-workspace-scope-aZxmaB/authority/AGENTS.md",
    "/private/var/folders/1_/m2vfg4n10n9_50cz0bmvnmx80000gn/T/trio-v2-production-takeover-reject-workspace-scope-aZxmaB/authority/.agents/skills/trio/SKILL.md",
    "/private/var/folders/1_/m2vfg4n10n9_50cz0bmvnmx80000gn/T/trio-v2-production-takeover-reject-workspace-scope-aZxmaB/authority/.agents/skills/trio/dev/SKILL.md",
    "/private/var/folders/1_/m2vfg4n10n9_50cz0bmvnmx80000gn/T/trio-v2-production-takeover-reject-workspace-scope-aZxmaB/authority/.agents/skills/trio/office/SKILL.md",
    "/private/var/folders/1_/m2vfg4n10n9_50cz0bmvnmx80000gn/T/trio-v2-production-takeover-reject-workspace-scope-aZxmaB/authority/.agents/skills/trio/safety/SKILL.md",
    "/private/var/folders/1_/m2vfg4n10n9_50cz0bmvnmx80000gn/T/trio-v2-production-takeover-reject-workspace-scope-aZxmaB/authority/.agents/skills/chiefops/SKILL.md",
    "/private/var/folders/1_/m2vfg4n10n9_50cz0bmvnmx80000gn/T/trio-v2-production-takeover-reject-workspace-scope-aZxmaB/authority/.agents/skills/trio/references/execution.md",
    "/private/var/folders/1_/m2vfg4n10n9_50cz0bmvnmx80000gn/T/trio-v2-production-takeover-reject-workspace-scope-aZxmaB/authority/.agents/skills/trio/dev/references/methods.md",
    "/private/var/folders/1_/m2vfg4n10n9_50cz0bmvnmx80000gn/T/trio-v2-production-takeover-reject-workspace-scope-aZxmaB/authority/.agents/skills/trio/dev/references/review.md",
    "/private/var/folders/1_/m2vfg4n10n9_50cz0bmvnmx80000gn/T/trio-v2-production-takeover-reject-workspace-scope-aZxmaB/authority/.agents/skills/trio/dev/references/pr-feedback.md",
    "/private/var/folders/1_/m2vfg4n10n9_50cz0bmvnmx80000gn/T/trio-v2-production-takeover-reject-workspace-scope-aZxmaB/authority/.agents/skills/chiefops/references/delegated-execution.md",
    "/private/var/folders/1_/m2vfg4n10n9_50cz0bmvnmx80000gn/T/trio-v2-production-takeover-reject-workspace-scope-aZxmaB/authority/.agents/skills/trio/office/references/source-backed-work.md",
    "/private/var/folders/1_/m2vfg4n10n9_50cz0bmvnmx80000gn/T/trio-v2-production-takeover-reject-workspace-scope-aZxmaB/authority/.agents/skills/trio/office/references/artifact-and-delivery.md"
  ],
  "conflicts": []
}
✔ production install --takeover-chiefops rejects ineligible or unsafe states before any write (1901.42775ms)
✔ production install --takeover-chiefops fails closed when the complete-inventory backup cannot be published (962.306666ms)
✔ production install --takeover-chiefops rejects a same-content state replacement bound after the backup (497.412833ms)
✔ production install --takeover-chiefops compensates an Nth-write same-content inode replacement of the ChiefOps target (1362.160875ms)
✔ production install --takeover-chiefops fails closed on a post-lstat read replacement of the state preimage (650.182041ms)
{
  "runtime": "trio",
  "mode": "takeover-chiefops",
  "writes": [
    "/private/var/folders/1_/m2vfg4n10n9_50cz0bmvnmx80000gn/T/trio-v2-production-takeover-drift-M47K5G/home/.codex/AGENTS.md",
    "/private/var/folders/1_/m2vfg4n10n9_50cz0bmvnmx80000gn/T/trio-v2-production-takeover-drift-M47K5G/home/.agents/skills/trio/SKILL.md",
    "/private/var/folders/1_/m2vfg4n10n9_50cz0bmvnmx80000gn/T/trio-v2-production-takeover-drift-M47K5G/home/.agents/skills/trio/dev/SKILL.md",
    "/private/var/folders/1_/m2vfg4n10n9_50cz0bmvnmx80000gn/T/trio-v2-production-takeover-drift-M47K5G/home/.agents/skills/trio/office/SKILL.md",
    "/private/var/folders/1_/m2vfg4n10n9_50cz0bmvnmx80000gn/T/trio-v2-production-takeover-drift-M47K5G/home/.agents/skills/trio/safety/SKILL.md",
    "/private/var/folders/1_/m2vfg4n10n9_50cz0bmvnmx80000gn/T/trio-v2-production-takeover-drift-M47K5G/home/.agents/skills/chiefops/SKILL.md",
    "/private/var/folders/1_/m2vfg4n10n9_50cz0bmvnmx80000gn/T/trio-v2-production-takeover-drift-M47K5G/home/.agents/skills/trio/references/execution.md",
    "/private/var/folders/1_/m2vfg4n10n9_50cz0bmvnmx80000gn/T/trio-v2-production-takeover-drift-M47K5G/home/.agents/skills/trio/dev/references/methods.md",
    "/private/var/folders/1_/m2vfg4n10n9_50cz0bmvnmx80000gn/T/trio-v2-production-takeover-drift-M47K5G/home/.agents/skills/trio/dev/references/review.md",
    "/private/var/folders/1_/m2vfg4n10n9_50cz0bmvnmx80000gn/T/trio-v2-production-takeover-drift-M47K5G/home/.agents/skills/trio/dev/references/pr-feedback.md",
    "/private/var/folders/1_/m2vfg4n10n9_50cz0bmvnmx80000gn/T/trio-v2-production-takeover-drift-M47K5G/home/.agents/skills/chiefops/references/delegated-execution.md",
    "/private/var/folders/1_/m2vfg4n10n9_50cz0bmvnmx80000gn/T/trio-v2-production-takeover-drift-M47K5G/home/.agents/skills/trio/office/references/source-backed-work.md",
    "/private/var/folders/1_/m2vfg4n10n9_50cz0bmvnmx80000gn/T/trio-v2-production-takeover-drift-M47K5G/home/.agents/skills/trio/office/references/artifact-and-delivery.md"
  ],
  "conflicts": [
    {
      "targetId": "copilot",
      "surface": "entry",
      "destination": "/private/var/folders/1_/m2vfg4n10n9_50cz0bmvnmx80000gn/T/trio-v2-production-takeover-drift-M47K5G/home/manual/copilot/entry-policy.md",
      "reason": "destination-observation-unknown"
    },
    {
      "targetId": "copilot",
      "surface": "trio",
      "destination": "/private/var/folders/1_/m2vfg4n10n9_50cz0bmvnmx80000gn/T/trio-v2-production-takeover-drift-M47K5G/home/manual/copilot/skills/trio/SKILL.md",
      "reason": "destination-observation-unknown"
    },
    {
      "targetId": "copilot",
      "surface": "dev",
      "destination": "/private/var/folders/1_/m2vfg4n10n9_50cz0bmvnmx80000gn/T/trio-v2-production-takeover-drift-M47K5G/home/manual/copilot/skills/trio/dev/SKILL.md",
      "reason": "destination-observation-unknown"
    },
    {
      "targetId": "copilot",
      "surface": "office",
      "destination": "/private/var/folders/1_/m2vfg4n10n9_50cz0bmvnmx80000gn/T/trio-v2-production-takeover-drift-M47K5G/home/manual/copilot/skills/trio/office/SKILL.md",
      "reason": "destination-observation-unknown"
    },
    {
      "targetId": "copilot",
      "surface": "safety",
      "destination": "/private/var/folders/1_/m2vfg4n10n9_50cz0bmvnmx80000gn/T/trio-v2-production-takeover-drift-M47K5G/home/manual/copilot/skills/trio/safety/SKILL.md",
      "reason": "destination-observation-unknown"
    },
    {
      "targetId": "copilot",
      "surface": "chiefops",
      "destination": "/private/var/folders/1_/m2vfg4n10n9_50cz0bmvnmx80000gn/T/trio-v2-production-takeover-drift-M47K5G/home/manual/copilot/skills/chiefops/SKILL.md",
      "reason": "destination-observation-unknown"
    },
    {
      "targetId": "copilot",
      "surface": "trio/references/execution.md",
      "destination": "/private/var/folders/1_/m2vfg4n10n9_50cz0bmvnmx80000gn/T/trio-v2-production-takeover-drift-M47K5G/home/manual/copilot/skills/trio/references/execution.md",
      "reason": "destination-observation-unknown"
    },
    {
      "targetId": "copilot",
      "surface": "dev/references/methods.md",
      "destination": "/private/var/folders/1_/m2vfg4n10n9_50cz0bmvnmx80000gn/T/trio-v2-production-takeover-drift-M47K5G/home/manual/copilot/skills/trio/dev/references/methods.md",
      "reason": "destination-observation-unknown"
    },
    {
      "targetId": "copilot",
      "surface": "dev/references/review.md",
      "destination": "/private/var/folders/1_/m2vfg4n10n9_50cz0bmvnmx80000gn/T/trio-v2-production-takeover-drift-M47K5G/home/manual/copilot/skills/trio/dev/references/review.md",
      "reason": "destination-observation-unknown"
    },
    {
      "targetId": "copilot",
      "surface": "dev/references/pr-feedback.md",
      "destination": "/private/var/folders/1_/m2vfg4n10n9_50cz0bmvnmx80000gn/T/trio-v2-production-takeover-drift-M47K5G/home/manual/copilot/skills/trio/dev/references/pr-feedback.md",
      "reason": "destination-observation-unknown"
    },
    {
      "targetId": "copilot",
      "surface": "chiefops/references/delegated-execution.md",
      "destination": "/private/var/folders/1_/m2vfg4n10n9_50cz0bmvnmx80000gn/T/trio-v2-production-takeover-drift-M47K5G/home/manual/copilot/skills/chiefops/references/delegated-execution.md",
      "reason": "destination-observation-unknown"
    },
    {
      "targetId": "copilot",
      "surface": "office/references/source-backed-work.md",
      "destination": "/private/var/folders/1_/m2vfg4n10n9_50cz0bmvnmx80000gn/T/trio-v2-production-takeover-drift-M47K5G/home/manual/copilot/skills/trio/office/references/source-backed-work.md",
      "reason": "destination-observation-unknown"
    },
    {
      "targetId": "copilot",
      "surface": "office/references/artifact-and-delivery.md",
      "destination": "/private/var/folders/1_/m2vfg4n10n9_50cz0bmvnmx80000gn/T/trio-v2-production-takeover-drift-M47K5G/home/manual/copilot/skills/trio/office/references/artifact-and-delivery.md",
      "reason": "destination-observation-unknown"
    }
  ],
  "backup": {
    "ref": "trio-backup-v1:/private/var/folders/1_/m2vfg4n10n9_50cz0bmvnmx80000gn/T/trio-v2-production-takeover-drift-M47K5G/authority/.harness-backup/trio-takeover/20260920-164958-ba872a25-deef-468b-a1cf-8a1fd1b86de1/manifest.json:4419f01ed9e8ad8fbcac2e4c85b070a57ff7b1bae4773a150fc1500435cd091f",
    "root": "/private/var/folders/1_/m2vfg4n10n9_50cz0bmvnmx80000gn/T/trio-v2-production-takeover-drift-M47K5G/authority/.harness-backup/trio-takeover/20260920-164958-ba872a25-deef-468b-a1cf-8a1fd1b86de1",
    "manifestPath": "/private/var/folders/1_/m2vfg4n10n9_50cz0bmvnmx80000gn/T/trio-v2-production-takeover-drift-M47K5G/authority/.harness-backup/trio-takeover/20260920-164958-ba872a25-deef-468b-a1cf-8a1fd1b86de1/manifest.json",
    "bundlePath": "/private/var/folders/1_/m2vfg4n10n9_50cz0bmvnmx80000gn/T/trio-v2-production-takeover-drift-M47K5G/authority/.harness-backup/trio-takeover/20260920-164958-ba872a25-deef-468b-a1cf-8a1fd1b86de1/bundle.bin"
  }
}
{
  "schemaVersion": 2,
  "runtime": "trio",
  "mode": "check",
  "descriptors": [
    {
      "targetId": "codex",
      "surface": "entry",
      "destination": "/private/var/folders/1_/m2vfg4n10n9_50cz0bmvnmx80000gn/T/trio-v2-production-takeover-drift-M47K5G/home/.codex/AGENTS.md",
      "action": "update",
      "execution": "managed",
      "conflict": false
    },
    {
      "targetId": "codex",
      "surface": "trio",
      "destination": "/private/var/folders/1_/m2vfg4n10n9_50cz0bmvnmx80000gn/T/trio-v2-production-takeover-drift-M47K5G/home/.agents/skills/trio/SKILL.md",
      "action": "update",
      "execution": "managed",
      "conflict": false
    },
    {
      "targetId": "codex",
      "surface": "dev",
      "destination": "/private/var/folders/1_/m2vfg4n10n9_50cz0bmvnmx80000gn/T/trio-v2-production-takeover-drift-M47K5G/home/.agents/skills/trio/dev/SKILL.md",
      "action": "update",
      "execution": "managed",
      "conflict": false
    },
    {
      "targetId": "codex",
      "surface": "office",
      "destination": "/private/var/folders/1_/m2vfg4n10n9_50cz0bmvnmx80000gn/T/trio-v2-production-takeover-drift-M47K5G/home/.agents/skills/trio/office/SKILL.md",
      "action": "update",
      "execution": "managed",
      "conflict": false
    },
    {
      "targetId": "codex",
      "surface": "safety",
      "destination": "/private/var/folders/1_/m2vfg4n10n9_50cz0bmvnmx80000gn/T/trio-v2-production-takeover-drift-M47K5G/home/.agents/skills/trio/safety/SKILL.md",
      "action": "update",
      "execution": "managed",
      "conflict": false
    },
    {
      "targetId": "codex",
      "surface": "chiefops",
      "destination": "/private/var/folders/1_/m2vfg4n10n9_50cz0bmvnmx80000gn/T/trio-v2-production-takeover-drift-M47K5G/home/.agents/skills/chiefops/SKILL.md",
      "action": "preserve",
      "execution": "manual",
      "conflict": true
    },
    {
      "targetId": "codex",
      "surface": "trio/references/execution.md",
      "destination": "/private/var/folders/1_/m2vfg4n10n9_50cz0bmvnmx80000gn/T/trio-v2-production-takeover-drift-M47K5G/home/.agents/skills/trio/references/execution.md",
      "action": "update",
      "execution": "managed",
      "conflict": false
    },
    {
      "targetId": "codex",
      "surface": "dev/references/methods.md",
      "destination": "/private/var/folders/1_/m2vfg4n10n9_50cz0bmvnmx80000gn/T/trio-v2-production-takeover-drift-M47K5G/home/.agents/skills/trio/dev/references/methods.md",
      "action": "update",
      "execution": "managed",
      "conflict": false
    },
    {
      "targetId": "codex",
      "surface": "dev/references/review.md",
      "destination": "/private/var/folders/1_/m2vfg4n10n9_50cz0bmvnmx80000gn/T/trio-v2-production-takeover-drift-M47K5G/home/.agents/skills/trio/dev/references/review.md",
      "action": "update",
      "execution": "managed",
      "conflict": false
    },
    {
      "targetId": "codex",
      "surface": "dev/references/pr-feedback.md",
      "destination": "/private/var/folders/1_/m2vfg4n10n9_50cz0bmvnmx80000gn/T/trio-v2-production-takeover-drift-M47K5G/home/.agents/skills/trio/dev/references/pr-feedback.md",
      "action": "update",
      "execution": "managed",
      "conflict": false
    },
    {
      "targetId": "codex",
      "surface": "chiefops/references/delegated-execution.md",
      "destination": "/private/var/folders/1_/m2vfg4n10n9_50cz0bmvnmx80000gn/T/trio-v2-production-takeover-drift-M47K5G/home/.agents/skills/chiefops/references/delegated-execution.md",
      "action": "update",
      "execution": "managed",
      "conflict": false
    },
    {
      "targetId": "codex",
      "surface": "office/references/source-backed-work.md",
      "destination": "/private/var/folders/1_/m2vfg4n10n9_50cz0bmvnmx80000gn/T/trio-v2-production-takeover-drift-M47K5G/home/.agents/skills/trio/office/references/source-backed-work.md",
      "action": "update",
      "execution": "managed",
      "conflict": false
    },
    {
      "targetId": "codex",
      "surface": "office/references/artifact-and-delivery.md",
      "destination": "/private/var/folders/1_/m2vfg4n10n9_50cz0bmvnmx80000gn/T/trio-v2-production-takeover-drift-M47K5G/home/.agents/skills/trio/office/references/artifact-and-delivery.md",
      "action": "update",
      "execution": "managed",
      "conflict": false
    },
    {
      "targetId": "copilot",
      "surface": "entry",
      "destination": "/private/var/folders/1_/m2vfg4n10n9_50cz0bmvnmx80000gn/T/trio-v2-production-takeover-drift-M47K5G/home/manual/copilot/entry-policy.md",
      "action": "preserve",
      "execution": "manual",
      "conflict": true
    },
    {
      "targetId": "copilot",
      "surface": "trio",
      "destination": "/private/var/folders/1_/m2vfg4n10n9_50cz0bmvnmx80000gn/T/trio-v2-production-takeover-drift-M47K5G/home/manual/copilot/skills/trio/SKILL.md",
      "action": "preserve",
      "execution": "manual",
      "conflict": true
    },
    {
      "targetId": "copilot",
      "surface": "dev",
      "destination": "/private/var/folders/1_/m2vfg4n10n9_50cz0bmvnmx80000gn/T/trio-v2-production-takeover-drift-M47K5G/home/manual/copilot/skills/trio/dev/SKILL.md",
      "action": "preserve",
      "execution": "manual",
      "conflict": true
    },
    {
      "targetId": "copilot",
      "surface": "office",
      "destination": "/private/var/folders/1_/m2vfg4n10n9_50cz0bmvnmx80000gn/T/trio-v2-production-takeover-drift-M47K5G/home/manual/copilot/skills/trio/office/SKILL.md",
      "action": "preserve",
      "execution": "manual",
      "conflict": true
    },
    {
      "targetId": "copilot",
      "surface": "safety",
      "destination": "/private/var/folders/1_/m2vfg4n10n9_50cz0bmvnmx80000gn/T/trio-v2-production-takeover-drift-M47K5G/home/manual/copilot/skills/trio/safety/SKILL.md",
      "action": "preserve",
      "execution": "manual",
      "conflict": true
    },
    {
      "targetId": "copilot",
      "surface": "chiefops",
      "destination": "/private/var/folders/1_/m2vfg4n10n9_50cz0bmvnmx80000gn/T/trio-v2-production-takeover-drift-M47K5G/home/manual/copilot/skills/chiefops/SKILL.md",
      "action": "preserve",
      "execution": "manual",
      "conflict": true
    },
    {
      "targetId": "copilot",
      "surface": "trio/references/execution.md",
      "destination": "/private/var/folders/1_/m2vfg4n10n9_50cz0bmvnmx80000gn/T/trio-v2-production-takeover-drift-M47K5G/home/manual/copilot/skills/trio/references/execution.md",
      "action": "preserve",
      "execution": "manual",
      "conflict": true
    },
    {
      "targetId": "copilot",
      "surface": "dev/references/methods.md",
      "destination": "/private/var/folders/1_/m2vfg4n10n9_50cz0bmvnmx80000gn/T/trio-v2-production-takeover-drift-M47K5G/home/manual/copilot/skills/trio/dev/references/methods.md",
      "action": "preserve",
      "execution": "manual",
      "conflict": true
    },
    {
      "targetId": "copilot",
      "surface": "dev/references/review.md",
      "destination": "/private/var/folders/1_/m2vfg4n10n9_50cz0bmvnmx80000gn/T/trio-v2-production-takeover-drift-M47K5G/home/manual/copilot/skills/trio/dev/references/review.md",
      "action": "preserve",
      "execution": "manual",
      "conflict": true
    },
    {
      "targetId": "copilot",
      "surface": "dev/references/pr-feedback.md",
      "destination": "/private/var/folders/1_/m2vfg4n10n9_50cz0bmvnmx80000gn/T/trio-v2-production-takeover-drift-M47K5G/home/manual/copilot/skills/trio/dev/references/pr-feedback.md",
      "action": "preserve",
      "execution": "manual",
      "conflict": true
    },
    {
      "targetId": "copilot",
      "surface": "chiefops/references/delegated-execution.md",
      "destination": "/private/var/folders/1_/m2vfg4n10n9_50cz0bmvnmx80000gn/T/trio-v2-production-takeover-drift-M47K5G/home/manual/copilot/skills/chiefops/references/delegated-execution.md",
      "action": "preserve",
      "execution": "manual",
      "conflict": true
    },
    {
      "targetId": "copilot",
      "surface": "office/references/source-backed-work.md",
      "destination": "/private/var/folders/1_/m2vfg4n10n9_50cz0bmvnmx80000gn/T/trio-v2-production-takeover-drift-M47K5G/home/manual/copilot/skills/trio/office/references/source-backed-work.md",
      "action": "preserve",
      "execution": "manual",
      "conflict": true
    },
    {
      "targetId": "copilot",
      "surface": "office/references/artifact-and-delivery.md",
      "destination": "/private/var/folders/1_/m2vfg4n10n9_50cz0bmvnmx80000gn/T/trio-v2-production-takeover-drift-M47K5G/home/manual/copilot/skills/trio/office/references/artifact-and-delivery.md",
      "action": "preserve",
      "execution": "manual",
      "conflict": true
    }
  ],
  "conflicts": [
    {
      "targetId": "codex",
      "surface": "chiefops",
      "destination": "/private/var/folders/1_/m2vfg4n10n9_50cz0bmvnmx80000gn/T/trio-v2-production-takeover-drift-M47K5G/home/.agents/skills/chiefops/SKILL.md",
      "reason": "destination-observation-unknown"
    },
    {
      "targetId": "copilot",
      "surface": "entry",
      "destination": "/private/var/folders/1_/m2vfg4n10n9_50cz0bmvnmx80000gn/T/trio-v2-production-takeover-drift-M47K5G/home/manual/copilot/entry-policy.md",
      "reason": "destination-observation-unknown"
    },
    {
      "targetId": "copilot",
      "surface": "trio",
      "destination": "/private/var/folders/1_/m2vfg4n10n9_50cz0bmvnmx80000gn/T/trio-v2-production-takeover-drift-M47K5G/home/manual/copilot/skills/trio/SKILL.md",
      "reason": "destination-observation-unknown"
    },
    {
      "targetId": "copilot",
      "surface": "dev",
      "destination": "/private/var/folders/1_/m2vfg4n10n9_50cz0bmvnmx80000gn/T/trio-v2-production-takeover-drift-M47K5G/home/manual/copilot/skills/trio/dev/SKILL.md",
      "reason": "destination-observation-unknown"
    },
    {
      "targetId": "copilot",
      "surface": "office",
      "destination": "/private/var/folders/1_/m2vfg4n10n9_50cz0bmvnmx80000gn/T/trio-v2-production-takeover-drift-M47K5G/home/manual/copilot/skills/trio/office/SKILL.md",
      "reason": "destination-observation-unknown"
    },
    {
      "targetId": "copilot",
      "surface": "safety",
      "destination": "/private/var/folders/1_/m2vfg4n10n9_50cz0bmvnmx80000gn/T/trio-v2-production-takeover-drift-M47K5G/home/manual/copilot/skills/trio/safety/SKILL.md",
      "reason": "destination-observation-unknown"
    },
    {
      "targetId": "copilot",
      "surface": "chiefops",
      "destination": "/private/var/folders/1_/m2vfg4n10n9_50cz0bmvnmx80000gn/T/trio-v2-production-takeover-drift-M47K5G/home/manual/copilot/skills/chiefops/SKILL.md",
      "reason": "destination-observation-unknown"
    },
    {
      "targetId": "copilot",
      "surface": "trio/references/execution.md",
      "destination": "/private/var/folders/1_/m2vfg4n10n9_50cz0bmvnmx80000gn/T/trio-v2-production-takeover-drift-M47K5G/home/manual/copilot/skills/trio/references/execution.md",
      "reason": "destination-observation-unknown"
    },
    {
      "targetId": "copilot",
      "surface": "dev/references/methods.md",
      "destination": "/private/var/folders/1_/m2vfg4n10n9_50cz0bmvnmx80000gn/T/trio-v2-production-takeover-drift-M47K5G/home/manual/copilot/skills/trio/dev/references/methods.md",
      "reason": "destination-observation-unknown"
    },
    {
      "targetId": "copilot",
      "surface": "dev/references/review.md",
      "destination": "/private/var/folders/1_/m2vfg4n10n9_50cz0bmvnmx80000gn/T/trio-v2-production-takeover-drift-M47K5G/home/manual/copilot/skills/trio/dev/references/review.md",
      "reason": "destination-observation-unknown"
    },
    {
      "targetId": "copilot",
      "surface": "dev/references/pr-feedback.md",
      "destination": "/private/var/folders/1_/m2vfg4n10n9_50cz0bmvnmx80000gn/T/trio-v2-production-takeover-drift-M47K5G/home/manual/copilot/skills/trio/dev/references/pr-feedback.md",
      "reason": "destination-observation-unknown"
    },
    {
      "targetId": "copilot",
      "surface": "chiefops/references/delegated-execution.md",
      "destination": "/private/var/folders/1_/m2vfg4n10n9_50cz0bmvnmx80000gn/T/trio-v2-production-takeover-drift-M47K5G/home/manual/copilot/skills/chiefops/references/delegated-execution.md",
      "reason": "destination-observation-unknown"
    },
    {
      "targetId": "copilot",
      "surface": "office/references/source-backed-work.md",
      "destination": "/private/var/folders/1_/m2vfg4n10n9_50cz0bmvnmx80000gn/T/trio-v2-production-takeover-drift-M47K5G/home/manual/copilot/skills/trio/office/references/source-backed-work.md",
      "reason": "destination-observation-unknown"
    },
    {
      "targetId": "copilot",
      "surface": "office/references/artifact-and-delivery.md",
      "destination": "/private/var/folders/1_/m2vfg4n10n9_50cz0bmvnmx80000gn/T/trio-v2-production-takeover-drift-M47K5G/home/manual/copilot/skills/trio/office/references/artifact-and-delivery.md",
      "reason": "destination-observation-unknown"
    }
  ]
}
✔ production install --takeover-chiefops preserves provenance and later ChiefOps user drift fails closed (1529.078084ms)
✔ production install --takeover-chiefops fails closed on a symlinked backup ancestor (269.023334ms)
✔ production install --takeover-chiefops fails at the parser gate on a manual Codex placement with zero writes (49.868125ms)
✔ Trio fixture install rejects --takeover-chiefops before any write (1.151292ms)
✔ Trio install help advertises the existing-V2 ChiefOps takeover flag (0.2115ms)
✔ Trio sync help no longer advertises unavailable takeover or conflict flags (0.189708ms)
{
  "runtime": "trio",
  "mode": "reinstall",
  "writes": [
    "/private/var/folders/1_/m2vfg4n10n9_50cz0bmvnmx80000gn/T/trio-v2-production-old-six-reference-upgrade-PQT1ae/home/.codex/AGENTS.md",
    "/private/var/folders/1_/m2vfg4n10n9_50cz0bmvnmx80000gn/T/trio-v2-production-old-six-reference-upgrade-PQT1ae/home/.agents/skills/trio/SKILL.md",
    "/private/var/folders/1_/m2vfg4n10n9_50cz0bmvnmx80000gn/T/trio-v2-production-old-six-reference-upgrade-PQT1ae/home/.agents/skills/trio/dev/SKILL.md",
    "/private/var/folders/1_/m2vfg4n10n9_50cz0bmvnmx80000gn/T/trio-v2-production-old-six-reference-upgrade-PQT1ae/home/.agents/skills/trio/office/SKILL.md",
    "/private/var/folders/1_/m2vfg4n10n9_50cz0bmvnmx80000gn/T/trio-v2-production-old-six-reference-upgrade-PQT1ae/home/.agents/skills/trio/safety/SKILL.md",
    "/private/var/folders/1_/m2vfg4n10n9_50cz0bmvnmx80000gn/T/trio-v2-production-old-six-reference-upgrade-PQT1ae/home/.agents/skills/chiefops/SKILL.md",
    "/private/var/folders/1_/m2vfg4n10n9_50cz0bmvnmx80000gn/T/trio-v2-production-old-six-reference-upgrade-PQT1ae/home/.agents/skills/trio/references/execution.md",
    "/private/var/folders/1_/m2vfg4n10n9_50cz0bmvnmx80000gn/T/trio-v2-production-old-six-reference-upgrade-PQT1ae/home/.agents/skills/trio/dev/references/methods.md",
    "/private/var/folders/1_/m2vfg4n10n9_50cz0bmvnmx80000gn/T/trio-v2-production-old-six-reference-upgrade-PQT1ae/home/.agents/skills/trio/dev/references/review.md",
    "/private/var/folders/1_/m2vfg4n10n9_50cz0bmvnmx80000gn/T/trio-v2-production-old-six-reference-upgrade-PQT1ae/home/.agents/skills/trio/dev/references/pr-feedback.md",
    "/private/var/folders/1_/m2vfg4n10n9_50cz0bmvnmx80000gn/T/trio-v2-production-old-six-reference-upgrade-PQT1ae/home/.agents/skills/chiefops/references/delegated-execution.md",
    "/private/var/folders/1_/m2vfg4n10n9_50cz0bmvnmx80000gn/T/trio-v2-production-old-six-reference-upgrade-PQT1ae/home/.agents/skills/trio/office/references/source-backed-work.md",
    "/private/var/folders/1_/m2vfg4n10n9_50cz0bmvnmx80000gn/T/trio-v2-production-old-six-reference-upgrade-PQT1ae/home/.agents/skills/trio/office/references/artifact-and-delivery.md"
  ],
  "conflicts": [
    {
      "targetId": "copilot",
      "surface": "entry",
      "destination": "/private/var/folders/1_/m2vfg4n10n9_50cz0bmvnmx80000gn/T/trio-v2-production-old-six-reference-upgrade-PQT1ae/home/manual/copilot/entry-policy.md",
      "reason": "destination-observation-unknown"
    },
    {
      "targetId": "copilot",
      "surface": "trio",
      "destination": "/private/var/folders/1_/m2vfg4n10n9_50cz0bmvnmx80000gn/T/trio-v2-production-old-six-reference-upgrade-PQT1ae/home/manual/copilot/skills/trio/SKILL.md",
      "reason": "destination-observation-unknown"
    },
    {
      "targetId": "copilot",
      "surface": "dev",
      "destination": "/private/var/folders/1_/m2vfg4n10n9_50cz0bmvnmx80000gn/T/trio-v2-production-old-six-reference-upgrade-PQT1ae/home/manual/copilot/skills/trio/dev/SKILL.md",
      "reason": "destination-observation-unknown"
    },
    {
      "targetId": "copilot",
      "surface": "office",
      "destination": "/private/var/folders/1_/m2vfg4n10n9_50cz0bmvnmx80000gn/T/trio-v2-production-old-six-reference-upgrade-PQT1ae/home/manual/copilot/skills/trio/office/SKILL.md",
      "reason": "destination-observation-unknown"
    },
    {
      "targetId": "copilot",
      "surface": "safety",
      "destination": "/private/var/folders/1_/m2vfg4n10n9_50cz0bmvnmx80000gn/T/trio-v2-production-old-six-reference-upgrade-PQT1ae/home/manual/copilot/skills/trio/safety/SKILL.md",
      "reason": "destination-observation-unknown"
    },
    {
      "targetId": "copilot",
      "surface": "chiefops",
      "destination": "/private/var/folders/1_/m2vfg4n10n9_50cz0bmvnmx80000gn/T/trio-v2-production-old-six-reference-upgrade-PQT1ae/home/manual/copilot/skills/chiefops/SKILL.md",
      "reason": "destination-observation-unknown"
    },
    {
      "targetId": "copilot",
      "surface": "trio/references/execution.md",
      "destination": "/private/var/folders/1_/m2vfg4n10n9_50cz0bmvnmx80000gn/T/trio-v2-production-old-six-reference-upgrade-PQT1ae/home/manual/copilot/skills/trio/references/execution.md",
      "reason": "destination-observation-unknown"
    },
    {
      "targetId": "copilot",
      "surface": "dev/references/methods.md",
      "destination": "/private/var/folders/1_/m2vfg4n10n9_50cz0bmvnmx80000gn/T/trio-v2-production-old-six-reference-upgrade-PQT1ae/home/manual/copilot/skills/trio/dev/references/methods.md",
      "reason": "destination-observation-unknown"
    },
    {
      "targetId": "copilot",
      "surface": "dev/references/review.md",
      "destination": "/private/var/folders/1_/m2vfg4n10n9_50cz0bmvnmx80000gn/T/trio-v2-production-old-six-reference-upgrade-PQT1ae/home/manual/copilot/skills/trio/dev/references/review.md",
      "reason": "destination-observation-unknown"
    },
    {
      "targetId": "copilot",
      "surface": "dev/references/pr-feedback.md",
      "destination": "/private/var/folders/1_/m2vfg4n10n9_50cz0bmvnmx80000gn/T/trio-v2-production-old-six-reference-upgrade-PQT1ae/home/manual/copilot/skills/trio/dev/references/pr-feedback.md",
      "reason": "destination-observation-unknown"
    },
    {
      "targetId": "copilot",
      "surface": "chiefops/references/delegated-execution.md",
      "destination": "/private/var/folders/1_/m2vfg4n10n9_50cz0bmvnmx80000gn/T/trio-v2-production-old-six-reference-upgrade-PQT1ae/home/manual/copilot/skills/chiefops/references/delegated-execution.md",
      "reason": "destination-observation-unknown"
    },
    {
      "targetId": "copilot",
      "surface": "office/references/source-backed-work.md",
      "destination": "/private/var/folders/1_/m2vfg4n10n9_50cz0bmvnmx80000gn/T/trio-v2-production-old-six-reference-upgrade-PQT1ae/home/manual/copilot/skills/trio/office/references/source-backed-work.md",
      "reason": "destination-observation-unknown"
    },
    {
      "targetId": "copilot",
      "surface": "office/references/artifact-and-delivery.md",
      "destination": "/private/var/folders/1_/m2vfg4n10n9_50cz0bmvnmx80000gn/T/trio-v2-production-old-six-reference-upgrade-PQT1ae/home/manual/copilot/skills/trio/office/references/artifact-and-delivery.md",
      "reason": "destination-observation-unknown"
    }
  ]
}
✔ old six-surface V2 installs create absent references and settle their ownership (893.163708ms)
{
  "runtime": "trio",
  "mode": "takeover-chiefops",
  "writes": [
    "/private/var/folders/1_/m2vfg4n10n9_50cz0bmvnmx80000gn/T/trio-v2-production-mixed-reference-takeover-KoYwOF/home/.codex/AGENTS.md",
    "/private/var/folders/1_/m2vfg4n10n9_50cz0bmvnmx80000gn/T/trio-v2-production-mixed-reference-takeover-KoYwOF/home/.agents/skills/trio/SKILL.md",
    "/private/var/folders/1_/m2vfg4n10n9_50cz0bmvnmx80000gn/T/trio-v2-production-mixed-reference-takeover-KoYwOF/home/.agents/skills/trio/dev/SKILL.md",
    "/private/var/folders/1_/m2vfg4n10n9_50cz0bmvnmx80000gn/T/trio-v2-production-mixed-reference-takeover-KoYwOF/home/.agents/skills/trio/office/SKILL.md",
    "/private/var/folders/1_/m2vfg4n10n9_50cz0bmvnmx80000gn/T/trio-v2-production-mixed-reference-takeover-KoYwOF/home/.agents/skills/trio/safety/SKILL.md",
    "/private/var/folders/1_/m2vfg4n10n9_50cz0bmvnmx80000gn/T/trio-v2-production-mixed-reference-takeover-KoYwOF/home/.agents/skills/chiefops/SKILL.md",
    "/private/var/folders/1_/m2vfg4n10n9_50cz0bmvnmx80000gn/T/trio-v2-production-mixed-reference-takeover-KoYwOF/home/.agents/skills/trio/references/execution.md",
    "/private/var/folders/1_/m2vfg4n10n9_50cz0bmvnmx80000gn/T/trio-v2-production-mixed-reference-takeover-KoYwOF/home/.agents/skills/trio/dev/references/methods.md",
    "/private/var/folders/1_/m2vfg4n10n9_50cz0bmvnmx80000gn/T/trio-v2-production-mixed-reference-takeover-KoYwOF/home/.agents/skills/trio/dev/references/review.md",
    "/private/var/folders/1_/m2vfg4n10n9_50cz0bmvnmx80000gn/T/trio-v2-production-mixed-reference-takeover-KoYwOF/home/.agents/skills/trio/dev/references/pr-feedback.md",
    "/private/var/folders/1_/m2vfg4n10n9_50cz0bmvnmx80000gn/T/trio-v2-production-mixed-reference-takeover-KoYwOF/home/.agents/skills/chiefops/references/delegated-execution.md",
    "/private/var/folders/1_/m2vfg4n10n9_50cz0bmvnmx80000gn/T/trio-v2-production-mixed-reference-takeover-KoYwOF/home/.agents/skills/trio/office/references/source-backed-work.md",
    "/private/var/folders/1_/m2vfg4n10n9_50cz0bmvnmx80000gn/T/trio-v2-production-mixed-reference-takeover-KoYwOF/home/.agents/skills/trio/office/references/artifact-and-delivery.md"
  ],
  "conflicts": [
    {
      "targetId": "copilot",
      "surface": "entry",
      "destination": "/private/var/folders/1_/m2vfg4n10n9_50cz0bmvnmx80000gn/T/trio-v2-production-mixed-reference-takeover-KoYwOF/home/manual/copilot/entry-policy.md",
      "reason": "destination-observation-unknown"
    },
    {
      "targetId": "copilot",
      "surface": "trio",
      "destination": "/private/var/folders/1_/m2vfg4n10n9_50cz0bmvnmx80000gn/T/trio-v2-production-mixed-reference-takeover-KoYwOF/home/manual/copilot/skills/trio/SKILL.md",
      "reason": "destination-observation-unknown"
    },
    {
      "targetId": "copilot",
      "surface": "dev",
      "destination": "/private/var/folders/1_/m2vfg4n10n9_50cz0bmvnmx80000gn/T/trio-v2-production-mixed-reference-takeover-KoYwOF/home/manual/copilot/skills/trio/dev/SKILL.md",
      "reason": "destination-observation-unknown"
    },
    {
      "targetId": "copilot",
      "surface": "office",
      "destination": "/private/var/folders/1_/m2vfg4n10n9_50cz0bmvnmx80000gn/T/trio-v2-production-mixed-reference-takeover-KoYwOF/home/manual/copilot/skills/trio/office/SKILL.md",
      "reason": "destination-observation-unknown"
    },
    {
      "targetId": "copilot",
      "surface": "safety",
      "destination": "/private/var/folders/1_/m2vfg4n10n9_50cz0bmvnmx80000gn/T/trio-v2-production-mixed-reference-takeover-KoYwOF/home/manual/copilot/skills/trio/safety/SKILL.md",
      "reason": "destination-observation-unknown"
    },
    {
      "targetId": "copilot",
      "surface": "chiefops",
      "destination": "/private/var/folders/1_/m2vfg4n10n9_50cz0bmvnmx80000gn/T/trio-v2-production-mixed-reference-takeover-KoYwOF/home/manual/copilot/skills/chiefops/SKILL.md",
      "reason": "destination-observation-unknown"
    },
    {
      "targetId": "copilot",
      "surface": "trio/references/execution.md",
      "destination": "/private/var/folders/1_/m2vfg4n10n9_50cz0bmvnmx80000gn/T/trio-v2-production-mixed-reference-takeover-KoYwOF/home/manual/copilot/skills/trio/references/execution.md",
      "reason": "destination-observation-unknown"
    },
    {
      "targetId": "copilot",
      "surface": "dev/references/methods.md",
      "destination": "/private/var/folders/1_/m2vfg4n10n9_50cz0bmvnmx80000gn/T/trio-v2-production-mixed-reference-takeover-KoYwOF/home/manual/copilot/skills/trio/dev/references/methods.md",
      "reason": "destination-observation-unknown"
    },
    {
      "targetId": "copilot",
      "surface": "dev/references/review.md",
      "destination": "/private/var/folders/1_/m2vfg4n10n9_50cz0bmvnmx80000gn/T/trio-v2-production-mixed-reference-takeover-KoYwOF/home/manual/copilot/skills/trio/dev/references/review.md",
      "reason": "destination-observation-unknown"
    },
    {
      "targetId": "copilot",
      "surface": "dev/references/pr-feedback.md",
      "destination": "/private/var/folders/1_/m2vfg4n10n9_50cz0bmvnmx80000gn/T/trio-v2-production-mixed-reference-takeover-KoYwOF/home/manual/copilot/skills/trio/dev/references/pr-feedback.md",
      "reason": "destination-observation-unknown"
    },
    {
      "targetId": "copilot",
      "surface": "chiefops/references/delegated-execution.md",
      "destination": "/private/var/folders/1_/m2vfg4n10n9_50cz0bmvnmx80000gn/T/trio-v2-production-mixed-reference-takeover-KoYwOF/home/manual/copilot/skills/chiefops/references/delegated-execution.md",
      "reason": "destination-observation-unknown"
    },
    {
      "targetId": "copilot",
      "surface": "office/references/source-backed-work.md",
      "destination": "/private/var/folders/1_/m2vfg4n10n9_50cz0bmvnmx80000gn/T/trio-v2-production-mixed-reference-takeover-KoYwOF/home/manual/copilot/skills/trio/office/references/source-backed-work.md",
      "reason": "destination-observation-unknown"
    },
    {
      "targetId": "copilot",
      "surface": "office/references/artifact-and-delivery.md",
      "destination": "/private/var/folders/1_/m2vfg4n10n9_50cz0bmvnmx80000gn/T/trio-v2-production-mixed-reference-takeover-KoYwOF/home/manual/copilot/skills/trio/office/references/artifact-and-delivery.md",
      "reason": "destination-observation-unknown"
    }
  ],
  "backup": {
    "ref": "trio-backup-v1:/private/var/folders/1_/m2vfg4n10n9_50cz0bmvnmx80000gn/T/trio-v2-production-mixed-reference-takeover-KoYwOF/authority/.harness-backup/trio-takeover/20260920-165001-a847be7d-4066-4d16-a6e4-89f64f445203/manifest.json:248110a9753c0d1eb8721a7b81a15545bf4aa48ee8d3f3b7b952b526149cafce",
    "root": "/private/var/folders/1_/m2vfg4n10n9_50cz0bmvnmx80000gn/T/trio-v2-production-mixed-reference-takeover-KoYwOF/authority/.harness-backup/trio-takeover/20260920-165001-a847be7d-4066-4d16-a6e4-89f64f445203",
    "manifestPath": "/private/var/folders/1_/m2vfg4n10n9_50cz0bmvnmx80000gn/T/trio-v2-production-mixed-reference-takeover-KoYwOF/authority/.harness-backup/trio-takeover/20260920-165001-a847be7d-4066-4d16-a6e4-89f64f445203/manifest.json",
    "bundlePath": "/private/var/folders/1_/m2vfg4n10n9_50cz0bmvnmx80000gn/T/trio-v2-production-mixed-reference-takeover-KoYwOF/authority/.harness-backup/trio-takeover/20260920-165001-a847be7d-4066-4d16-a6e4-89f64f445203/bundle.bin"
  }
}
✔ ChiefOps takeover backs up owned support and absence together in shared reference directories (1122.929583ms)
✔ ChiefOps takeover refuses an extra unmanaged reference without a backup or target writes (90.391375ms)
✔ support takeover rollback restores owned reference bytes and removes newly created references (1319.033709ms)
✔ bound absent support refuses a post-backup foreign create and restores earlier publications (764.814459ms)
✔ support symlink and owned support content drift fail closed before takeover writes (198.107333ms)
✔ bound absent support preserves a replacement of its transaction-created parent (716.738334ms)
✔ generic reserved lifecycle names cannot bypass chief acceptance and closed Trios reject writes (640.789042ms)
✔ expected bindings are target-bound before their Trio hashes are verified (706.941458ms)
✔ chief stop is durable evidence and archive preserves the exact Trio bytes (644.346792ms)
✔ archive rejects invalid UTF-8 before destination claim and permits a clean retry after repair (635.538458ms)
✔ archive cleans a post-rename directory-sync failure before a same-timestamp retry (1339.51725ms)
✔ archive cleanup preserves a foreign final file that appears before publication (1366.663125ms)
✔ archive uses a create-only final publication primitive (1476.247ms)
✔ archive cleanup refuses a stable final replacement (2055.34475ms)
✔ archive cleanly rolls back only a fully validated later publication set (3223.773375ms)
✔ archive identifies a final publication after an ambiguous hard-link error (1632.503ms)
✔ archive has no weaker publication fallback when hard links are unsupported (2602.421333ms)
✔ archive cleans identified temporary leases after write and sync failures (2805.374709ms)
✔ archive cleans both aliases after a post-link temporary settlement failure (2275.912917ms)
✔ archive refuses empty and populated destination replacements after claim (2796.202291ms)
✔ archive rejects same-inode content drift before cleanup mutation (872.350042ms)
✔ archive composes one and multiple pre-source-removal lease close failures (3358.993416ms)
✔ archive leaves directory and temporary leases untouched when identity capture fails (3270.329125ms)
✔ archive rolls back after a real temporary unlink reports an error (2219.841667ms)
✔ archive settles real final-unlink and rmdir errors during cleanup (3433.58625ms)
✔ archive retains the mutation and observation causes of a final cleanup double fault (1827.785ms)
✔ archive retains the mutation and observation causes of a normal temporary settlement double fault (2138.716708ms)
✔ archive retains the mutation and observation causes of a destination rmdir double fault (1447.036042ms)
✔ archive stops cleanup after destination replacement between owned unlinks (1500.988708ms)
✔ archive leaves ambiguous mkdir and temporary-open residue untouched (1716.1075ms)
✔ close and archive fail closed for corrupt, drifted, extra-file, and destination-symlink state (1887.301ms)
✔ archive requires chief and refuses empty or populated destination collisions without clobbering (1489.594333ms)
✔ all Trio write commands require an explicit task and preserve the read-only commands (688.649708ms)
✔ CLI accepts chief evidence before closing and archiving an independent lifecycle (698.760375ms)
✔ parallel API and CLI progress writes retain every successful event (725.868375ms)
✔ explicit gpt-6-astra/low survives Chief and execution routing (5.561667ms)
✔ explicit gpt-6-astra/medium survives Chief and execution routing (1.205208ms)
✔ explicit gpt-6-astra/high survives Chief and execution routing (0.335833ms)
✔ explicit gpt-6-astra/xhigh survives Chief and execution routing (1.598125ms)
✔ explicit gpt-6-astra/max survives Chief and execution routing (0.850084ms)
✔ explicit main/gpt-6-astra/low survives Chief and execution routing (0.588375ms)
✔ explicit main/gpt-6-astra/medium survives Chief and execution routing (0.481708ms)
✔ explicit main/gpt-6-astra/high survives Chief and execution routing (0.548125ms)
✔ explicit main/gpt-6-astra/xhigh survives Chief and execution routing (0.26025ms)
✔ explicit main/gpt-6-astra/max survives Chief and execution routing (0.268834ms)
✔ explicit p646e20/gpt-6-astra/low survives Chief and execution routing (0.187333ms)
✔ explicit p646e20/gpt-6-astra/medium survives Chief and execution routing (0.257208ms)
✔ explicit p646e20/gpt-6-astra/high survives Chief and execution routing (0.319959ms)
✔ explicit p646e20/gpt-6-astra/xhigh survives Chief and execution routing (0.496542ms)
✔ explicit p646e20/gpt-6-astra/max survives Chief and execution routing (0.417417ms)
✔ explicit gpt-5.6-sol/low survives Chief and execution routing (0.431125ms)
✔ explicit gpt-5.6-sol/medium survives Chief and execution routing (0.221292ms)
✔ explicit gpt-5.6-sol/high survives Chief and execution routing (0.441083ms)
✔ explicit gpt-5.6-sol/xhigh survives Chief and execution routing (0.343333ms)
✔ explicit gpt-5.6-sol/max survives Chief and execution routing (0.347667ms)
✔ explicit main/gpt-5.6-sol/low survives Chief and execution routing (0.325583ms)
✔ explicit main/gpt-5.6-sol/medium survives Chief and execution routing (0.412833ms)
✔ explicit main/gpt-5.6-sol/high survives Chief and execution routing (0.753ms)
✔ explicit main/gpt-5.6-sol/xhigh survives Chief and execution routing (0.206916ms)
✔ explicit main/gpt-5.6-sol/max survives Chief and execution routing (0.179875ms)
✔ explicit p646e20/gpt-5.6-sol/low survives Chief and execution routing (0.253583ms)
✔ explicit p646e20/gpt-5.6-sol/medium survives Chief and execution routing (0.199875ms)
✔ explicit p646e20/gpt-5.6-sol/high survives Chief and execution routing (0.136542ms)
✔ explicit p646e20/gpt-5.6-sol/xhigh survives Chief and execution routing (0.143125ms)
✔ explicit p646e20/gpt-5.6-sol/max survives Chief and execution routing (0.118958ms)
✔ explicit gpt-5.6-terra/low survives Chief and execution routing (0.539083ms)
✔ explicit gpt-5.6-terra/medium survives Chief and execution routing (0.132917ms)
✔ explicit gpt-5.6-terra/high survives Chief and execution routing (0.6035ms)
✔ explicit gpt-5.6-terra/xhigh survives Chief and execution routing (0.421625ms)
✔ explicit gpt-5.6-terra/max survives Chief and execution routing (0.256917ms)
✔ explicit main/gpt-5.6-terra/low survives Chief and execution routing (0.424458ms)
✔ explicit main/gpt-5.6-terra/medium survives Chief and execution routing (0.352792ms)
✔ explicit main/gpt-5.6-terra/high survives Chief and execution routing (0.349458ms)
✔ explicit main/gpt-5.6-terra/xhigh survives Chief and execution routing (0.316125ms)
✔ explicit main/gpt-5.6-terra/max survives Chief and execution routing (0.402125ms)
✔ explicit p646e20/gpt-5.6-terra/low survives Chief and execution routing (0.273542ms)
✔ explicit p646e20/gpt-5.6-terra/medium survives Chief and execution routing (0.278333ms)
✔ explicit p646e20/gpt-5.6-terra/high survives Chief and execution routing (0.284125ms)
✔ explicit p646e20/gpt-5.6-terra/xhigh survives Chief and execution routing (0.230208ms)
✔ explicit p646e20/gpt-5.6-terra/max survives Chief and execution routing (0.144541ms)
✔ explicit gpt-5.6-luna/low survives Chief and execution routing (0.130791ms)
✔ explicit gpt-5.6-luna/medium survives Chief and execution routing (0.131ms)
✔ explicit gpt-5.6-luna/high survives Chief and execution routing (0.204042ms)
✔ explicit gpt-5.6-luna/xhigh survives Chief and execution routing (0.195042ms)
✔ explicit gpt-5.6-luna/max survives Chief and execution routing (0.280334ms)
✔ explicit main/gpt-5.6-luna/low survives Chief and execution routing (0.281667ms)
✔ explicit main/gpt-5.6-luna/medium survives Chief and execution routing (0.988375ms)
✔ explicit main/gpt-5.6-luna/high survives Chief and execution routing (0.166ms)
✔ explicit main/gpt-5.6-luna/xhigh survives Chief and execution routing (0.388917ms)
✔ explicit main/gpt-5.6-luna/max survives Chief and execution routing (0.397709ms)
✔ explicit p646e20/gpt-5.6-luna/low survives Chief and execution routing (0.490166ms)
✔ explicit p646e20/gpt-5.6-luna/medium survives Chief and execution routing (0.344625ms)
✔ explicit p646e20/gpt-5.6-luna/high survives Chief and execution routing (0.284459ms)
✔ explicit p646e20/gpt-5.6-luna/xhigh survives Chief and execution routing (1.1825ms)
✔ explicit p646e20/gpt-5.6-luna/max survives Chief and execution routing (0.307375ms)
✔ bounded research and comparison stay quick; durability and multiple phases track (0.244917ms)
✔ legacy resolution leaves packet contents and digest unchanged (2.444667ms)
✔ Astra rejects API ultra, none and minimal even with claimed evidence (1.164209ms)
✔ Chief ultra requires exact authenticated Host support and never supplies actual evidence (0.602875ms)
✔ same model child effort uses all five ordered levels, including Host aliases (1.097375ms)
✔ cross-model child ranks require a bounded explicit allowance (0.504833ms)
✔ native child paths reject scope and permission widening before dispatch (1.340208ms)
✔ strict visible requests never silently route native, and missing native model controls block (0.257708ms)
✔ packet effort cannot be overridden by an outer ultra probe (0.231125ms)
✔ explicit aliases agree or reject and an unspecified model retains the legacy execution default (0.4805ms)
✔ explicit execution models get recommended effort while omitted Chief effort always retains max (0.266542ms)
✔ retired strict routing never promotes claimed Host actual evidence (0.750416ms)
✔ Host wrapper preserves outer aliases on packetless routing and rejects conflicting alias pairs (0.190416ms)
✔ Host wrapper checks outer aliases against the frozen packet without mutating it (1.898875ms)
✔ frozen legacy Chief gpt-5.6-sol retains max when effort is absent (2.121125ms)
✔ frozen legacy Chief gpt-5.6-terra retains max when effort is absent (0.683541ms)
✔ office capability skill is discoverable (9.406ms)
✔ office supporting references preserve their on-demand contracts (2.686875ms)
✔ legacy office-work-quality owner is physically retired (1.159708ms)
✔ office contract protects verification scope and provenance without freezing prose (4.022208ms)
✔ office frontmatter rejects duplicate keys (6.81625ms)
✔ office verifier accepts exact artifacts and records render evidence (14278.811208ms)
✔ office spreadsheet has one typed contingency input and auditable total (7.536458ms)
✔ office verifier rejects an output parent symlink without changing the copied fixture (140.888917ms)
✔ office verifier accepts a symlinked executable tool (10478.714833ms)
✔ office verifier rejects an existing output symlink without changing its target (224.693666ms)
✔ office verifier keeps every render PNG under the output parent render directory (11310.843083ms)
✔ office verifier allows a safe output-parent symlink outside the fixture (11235.44575ms)
✔ office verifier rejects missing and corrupt copied artifacts without mutating them (2674.733459ms)
✔ office verifier rejects malformed arguments and unsafe fixture boundaries (1465.189834ms)
✔ every declared office check is reported exactly once (1.986791ms)
✔ a formula error or failed render is an observed fact, not a judgement (0.53625ms)
✔ an undeclared office check id is rejected instead of silently recorded (0.233708ms)
✔ artifact facts report file state without a verdict (0.878167ms)
✔ office adapter output carries observed facts and no opinion (0.321125ms)
✔ office adapter output satisfies the verify bundle evidence contract (1.153792ms)
✔ deterministic artifact checks pass but semantic quality fails (0.75425ms)
✔ semantic quality passes but deterministic artifact validation fails (0.81825ms)
✔ collection records what an inspector observed and never throws for a check (0.816584ms)
✔ collection reads artifact facts and survives a failing reader (0.218666ms)
✔ collection rejects an undeclared or duplicated inspection set (1.3495ms)
✔ the office adapter reuses the declared check ids and adds no model vocabulary (8.575708ms)
✔ deterministic serialization is stable for identical office observations (0.453125ms)
✔ mutable path conflicts use segment boundaries and reject unsafe paths (4.779167ms)
✔ child path envelopes are subsets only through explicit authority-relative scope (0.308542ms)
✔ native child routing requires strict envelope narrowing and forbids Ultra (5.01475ms)
✔ all mutable lane statuses remain reserved and invalid lane records fail closed (5.29275ms)
✔ candidate path reservations require an authenticated matching Chief release (2.369375ms)
✔ assignment packet rejects a ninth top-level field and keeps delegation inside capability (0.44825ms)
✔ child delegation policy values are validated inside the capability object (0.172166ms)
✔ scope-first adjudication allows an in-scope target with authenticated sandbox and approval (0.725083ms)
✔ in-scope targets stay blocked at the sandbox stage when actual Host evidence is unknown (0.402583ms)
✔ authorized in-scope work stays blocked when authenticated sandbox roots do not cover the target (0.579042ms)
✔ out-of-scope targets are blocked before Full Access, user approval, auto-review, or a writable sandbox can expand scope (0.660125ms)
✔ generated materialized targets stay blocked even when allow-listed, sandbox-writable, and approved (0.31ms)
✔ requested permission intent and authenticated actual Host evidence stay distinct and digest-bound (0.63675ms)
✔ actual Host permission stays unknown without authenticated evidence or with a mismatched packet digest (0.800542ms)
✔ approval is the final gate and can deny only within scope and sandbox, never expand them (0.864417ms)
✔ malformed assignment scope and incomplete adjudication inputs fail closed (1.291083ms)
✔ partial assignment packets are rejected before scope or approval can allow them (0.582334ms)
✔ projection keeps six primary surfaces and appends Office references in order (6.858542ms)
✔ V2 config and projection expose pure public seams (5.531583ms)
✔ projection wrapper requires exactly four own fields (13.185958ms)
✔ projection preserves evidence paths while using caller placements for Host layout (2.056542ms)
✔ generic targets use target-scoped manual destinations and never update (1.229333ms)
✔ generic empty paths return an explicit manual pending conflict (0.245583ms)
✔ managed Codex scope cardinality is exact and two-sided (2.815208ms)
✔ placement identity and scope must bind retained absolute evidence (0.636041ms)
✔ managed Codex workspace placement requires its exact layout root (0.221375ms)
✔ managed Codex user-global placement requires its exact layout root (0.341125ms)
✔ managed Codex rejects unmatched retained evidence instead of treating it as a join root (0.154417ms)
✔ managed Codex both scope rejects workspace and user-global relabeling (0.836916ms)
✔ projection requires the approved target contract values before descriptors (0.637125ms)
✔ projection rejects inherited, extra, and canonical-duplicate observations (2.805417ms)
✔ projection rejects a computed destination inherited from Object.prototype (1.2555ms)
✔ projection rejects global lexical destination collisions before actions (0.83ms)
✔ V2 path validation supports explicit POSIX and Windows lexical flavors (1.497625ms)
✔ V2 validation rejects top-level, target, ownership, and prototype mutations (0.750708ms)
✔ static target contract and entry policy expose the approved V2 surfaces (8.364459ms)
✔ materialized Trio entry and capability outputs match their authoritative source bytes (10.429833ms)
✔ entry contract rejects removed authority, permission, topology and completion safeguards (2.781417ms)
✔ state bridge dual-reads strict V2 without creating a projection manifest (57.525917ms)
✔ materialized Codex outputs stay blocked by the scope gate even when allow-listed, sandbox-writable, and approved (5.81975ms)
✔ ChiefOps source carries the six operative permission-ordering clauses (1.197458ms)
✔ ChiefOps and human usage carry approval-policy, recovery-ladder, and non-destructive workspace clauses (1.7885ms)
✔ ChiefOps and human usage bind semantic reservation to task plus frozen slice identity (1.3565ms)
✔ projection carries bounded static support without adding logical skills (1.21525ms)
✔ support descriptors enforce ownership and conflict rules exactly like primary surfaces (21.504875ms)
✔ readTrioTask reads an explicitly selected complete Trio without writing (31.19825ms)
✔ resolveTrioTask selects the unique active Trio when no task id is supplied (27.063084ms)
✔ readTrioTask fails closed when multiple active tasks exist (37.814833ms)
✔ readTrioTask rejects traversal and absolute task identifiers (8.126583ms)
✔ readTrioTask rejects missing and corrupt Trio files (28.124708ms)
✔ legacy reader accepts an explicit nonterminal task plan without requiring a new Trio (25.33025ms)
✔ readTrioTask rejects symlinked planning directories, task directories, and Trio files (131.840833ms)
✔ readTrioTask preserves corrupt active roots as errors instead of treating them as no active task (15.514542ms)
✔ verifyTrioBinding reports bytes drift after a complete Trio changes (25.504875ms)
✔ S01 complete five-field Trio produces a recorded deterministic summary (13.061292ms)
✔ S02 legacy Trio remains readable with all summary fields missing (27.563542ms)
✔ S03 partial and empty sections stay independently missing (17.998ms)
✔ S04 duplicate Goal and section headings become ambiguous without choosing the last (23.045416ms)
✔ S05 ignores fenced pseudo fields while preserving the reader status (114.936875ms)
✔ S06 preserves ### content and stops at the next level-one or level-two heading (61.620084ms)
✔ S07 normalizes LF and CRLF text while binding each source to its actual bytes (48.14625ms)
✔ S08 truncates at 2000 Unicode code points without splitting an emoji (164.493208ms)
✔ S09 recognizes fenced variants and leaves an unclosed fence opaque (19.721833ms)
✔ S10 records shell-like, URL, traversal, and authorization text without acting on it (28.027625ms)
✔ S11 returns identical results twice without mutating the snapshot or authority bytes (27.100084ms)
✔ S12 rejects malformed summary inputs instead of returning an empty success (15.863875ms)
{"recoveryFixtureTreeBefore":["planning","planning/active","planning/active/recovery-task","planning/active/recovery-task/findings.md","planning/active/recovery-task/progress.md","planning/active/recovery-task/task_plan.md"],"recoveryFixtureTreeAfter":["planning","planning/active","planning/active/recovery-task","planning/active/recovery-task/findings.md","planning/active/recovery-task/progress.md","planning/active/recovery-task/task_plan.md"]}
✔ Trio-only recovery keeps explicit, unique-active, status, and next decisions stable with exactly three authority files (89.422416ms)
✔ exact Trio reads and read-only CLI commands reject invalid UTF-8 authority bytes (38.661792ms)
✔ legacy explicit nonterminal task remains readable during Trio-only recovery (11.817709ms)
✔ routeTask keeps a simple one-stage task on the quick route without Trio creation (1.207583ms)
✔ routeTask promotes multi-phase durable work to the tracked route (0.219791ms)
✔ resolveModelEffort fails closed without a declared work role and never infers actual values (0.862209ms)
✔ resolveModelEffort requires a declared work role and keeps the authenticated actual evidence gate (1.28075ms)
✔ buildAssignmentPacket emits exactly the eight approved fields from a verified Trio binding (42.390167ms)
✔ calculateNextAction exposes a tracked Trio initialization plan without performing a write (0.226041ms)
✔ calculateNextAction keeps quick dry-run work inline and Trio-free (0.231875ms)
✔ calculateNextAction fails closed unless it is explicitly dry-run (0.198084ms)
✔ execution work roles always request the Flash model with calibrated effort (0.208834ms)
✔ execution complexity classifiers map bounded, multi-file, and long-running work to high, xhigh, and max (0.373834ms)
✔ chief roles respect explicit modern models and supported effort (0.2305ms)
✔ unknown work roles and unknown or ambiguous complexity fail closed instead of escalating (0.323459ms)
✔ explicit execution model and effort override legacy defaults without changing role or complexity (0.296583ms)
✔ structured human overrides classify only Chief slices and carry provenance (0.162959ms)
✔ Chief planning and Flash execution slices never leak model or effort into each other (0.1005ms)
✔ economic policy results keep actual evidence unknown without authenticated Host evidence (0.081084ms)
✔ worker_self_goal packets require a complete bounded goal contract with an exact closed shape (20.020875ms)
✔ goal packets retain their exact bounded shape through the packet round trip (32.096041ms)
✔ assignment packets fail closed without a declared work role or execution complexity (24.69125ms)
✔ legacy packets keep their defaults while explicit Luna selection is admitted (0.68275ms)
✔ entry policy keeps direct completion distinct from delegated acceptance and retires strict visibility (3.41975ms)
✔ safety capability exposes exactly the seven approved read-only outputs (9.198417ms)
✔ safety skill is a section-scoped pure Markdown contract (3.154458ms)
✔ safety fixtures form an exact, statically auditable decision matrix (3.095791ms)
✔ safety inventory validator rejects local extra Markdown and JSON names (2.73125ms)
✔ safety fixture filenames bind exact IDs and targets (2.592291ms)
✔ ask destructive fixture cannot borrow external write semantics (1.852916ms)
✔ deny outside-authority fixture cannot borrow external write semantics (1.008834ms)
✔ safety fixture validator rejects duplicate IDs, missing fields, unknown decisions, and contradictions (1.202ms)
✔ safety semantic mutations cannot broaden permission or remove recovery safeguards (1.683ms)
✔ deny and ask fixtures never claim execution or terminal approval (0.758625ms)
✔ recursive terminal-state guard rejects exact states but permits ordinary evidence words (1.164541ms)
✔ precedence resolver follows the ordered clauses in the Safety skill (0.955416ms)
✔ destructive asks require evidence and never upgrade to allow (1.027916ms)
✔ safety recommendation scope honors prior authorization without overriding Host policy (0.770833ms)
✔ the priority shadow questions are declared and read frozen bundle targets (2.976334ms)
✔ a request carries the whole frozen bundle the question belongs to (0.167292ms)
✔ a shadow gate agrees and disagrees against the existing behaviour (16.39525ms)
✔ a shadow run where the gate disagrees completes normally (6.939833ms)
✔ a gate failure never blocks the existing path (4.121834ms)
✔ an infrastructure failure is recorded and never escalates (12.948125ms)
✔ agreement is null when the two cannot be compared (0.281375ms)
✔ shadow answers are read from composites and answers, not re-derived (0.191625ms)
✔ the summary counts disagreements without judging a gate (87.428917ms)
✔ shadow records never carry chain-of-thought (12.86525ms)
✔ the shadow module stays provider-neutral and versioned (2.786916ms)
✔ every gate defaults to shadow when no activation decision exists (0.322917ms)
✔ a gate cannot be activated without a measured benefit, rollback and authorization (0.315042ms)
✔ an unknown gate id is rejected instead of defaulting to shadow (0.117042ms)
✔ the shipped activation decision keeps every gate in shadow (0.206458ms)
✔ checkpoint states map to the behaviour the existing path is taking (0.07025ms)
✔ attaching shadow recording leaves the rendered checkpoint byte-identical (21.64775ms)
✔ a checkpoint-level gate disagreement is recorded and still completes (14.351791ms)
✔ a checkpoint gate failure never blocks the checkpoint (29.727792ms)
✔ attaching to a checkpoint with no observations records nothing and changes nothing (5.8685ms)
✔ atomicWriteText preserves old bytes on interruption and cleans same-directory temporary files (135.441292ms)
✔ atomicWriteText conditionally creates only an absent target and retains a foreign link-time create (1221.211ms)
✔ atomicWriteText rejects a same-content foreign inode replacement before publication (722.723583ms)
✔ atomicWriteText rejects a stable real parent replacement before final identity check without outside mutation (732.9455ms)
✔ atomicWriteText attaches an exact publication receipt after parent directory fsync failure (629.656541ms)
✔ atomicWriteText registers a create-only receipt before a post-link observation can fail (536.349709ms)
✔ atomicWriteText reports a proven ambiguous hard-link publication (449.9835ms)
✔ atomicWriteText reports a proven ambiguous rename publication (1199.108625ms)
✔ atomicWriteText retains its primary error and receipt when temporary cleanup also fails (1024.62575ms)
✔ withTrioPublicationLock keeps a primary operation failure and a release failure observable (1094.032708ms)
✔ atomicWriteText rejects inherited, incomplete, or extra identity evidence without mutation (50.617417ms)
✔ a residual authority publication lock times out without target mutation or automatic cleanup (2248.618959ms)
✔ initializeTrioTask creates exactly the three authority files and rejects partial or unsafe state (286.0735ms)
✔ initializeTrioTask persists replacement-token syntax in the goal literally (269.69625ms)
✔ appendProgressEvent validates event fields, preserves other Trio bytes, and appends chronological records (663.913375ms)
✔ concurrent progress updates preserve every successful event and strictly order generated timestamps (800.254958ms)
✔ appendProgressEvent rejects a reversed historical chronology without changing progress bytes (353.319084ms)
✔ a replaced transient task lock is retained when its original owner releases it (31.552292ms)
✔ concurrent initialization leaves one exact Trio and no authority-root staging residue (353.714833ms)
✔ mode vocabulary is frozen and total over the existing work-role enums (2.223334ms)
✔ intensity subsets preserve each mode and reject an out-of-subset value (2.128333ms)
✔ topologyClassOf derives a class from fields that already exist (0.5ms)
✔ ExecutionRequirement normalizes a requirement and rejects a malformed one (0.816958ms)
✔ resolveExecutionImplementation selects by declared registry order and never downgrades a capability (0.899958ms)
✔ lifecycle semantics carry no model name (0.411667ms)
ℹ tests 470
ℹ suites 0
ℹ pass 470
ℹ fail 0
ℹ cancelled 0
ℹ skipped 0
ℹ todo 0
ℹ duration_ms 57460.29175
{"milestone":"final","inventory":["harness/installer/commands/trio.mjs","harness/trio/compatibility/legacy-reader.mjs","harness/trio/config.mjs","harness/trio/core/authority.mjs","harness/trio/core/decision.mjs","harness/trio/core/evidence.mjs","harness/trio/core/read.mjs","harness/trio/core/routing.mjs","harness/trio/core/shadow.mjs","harness/trio/core/store.mjs","harness/trio/hosts/codex.mjs","harness/trio/hosts/generic.mjs","harness/trio/projection.mjs"]}
