
> superpowering-with-files@2.0.1 verify:trio
> node --test tests/trio/authority-parity.test.mjs tests/trio/command-read.test.mjs tests/trio/decision.test.mjs tests/trio/decision-accuracy.test.mjs tests/trio/dev-capability.test.mjs tests/trio/dev-evidence.test.mjs tests/trio/host-routing.test.mjs tests/trio/install-upgrade.test.mjs tests/trio/lifecycle.test.mjs tests/trio/office-capability.test.mjs tests/trio/office-evidence.test.mjs tests/trio/permission-routing.test.mjs tests/trio/projection.test.mjs tests/trio/read.test.mjs tests/trio/recovery.test.mjs tests/trio/routing.test.mjs tests/trio/model-routing.test.mjs tests/trio/safety-capability.test.mjs tests/trio/shadow-gate.test.mjs tests/trio/store.test.mjs tests/trio/vocabulary.test.mjs && node tests/trio/import-boundaries.test.mjs --milestone final

✔ Trio Core authority resolves the nearest ancestor harness marker from a nested cwd (53.949834ms)
✔ Core authority preserves explicit, override, environment, and git-boundary behavior (220.394792ms)
✔ retired runtime authority modules are absent and installer consumers import Trio Core directly (21.897042ms)
✔ trioCommand status resolves a unique active task without --task and preserves file bytes (45.393541ms)
✔ trioCommand status --summary returns the exact recorded summary for an explicit task (27.1465ms)
✔ trioCommand status --summary honors an explicit task when multiple active tasks exist (16.165541ms)
✔ trioCommand rejects summary without an explicit task or with an attached value before any read/write (9.615167ms)
✔ trioCommand CLI status --summary emits one JSON record with no stdout pollution (430.262916ms)
✔ trioCommand summary keeps exact-reader failures and empty content fail-closed (92.2405ms)
✔ trioCommand summary refreshes source text and hash after findings drift (18.607875ms)
✔ trioCommand summary preserves terminal status without lifecycle side effects (30.471125ms)
✔ trio next fails closed without a declared work role and makes no model decision (29.463083ms)
✔ trioCommand calculates next --dry-run without writing or creating a Trio (18.30925ms)
✔ trioCommand routes quick no-Trio work inline without reading or creating Trio files (3.902125ms)
✔ trioCommand returns create-trio only for definite tracked no-Trio cases (4.076208ms)
✔ trioCommand fails closed for multiple or corrupt tasks and invalid explicit task IDs (24.9185ms)
✔ verify all runs the final Trio inventory before legacy backstops (0.911667ms)
✔ trio next --dry-run exposes role and complexity decisions without writing (15.947167ms)
✔ trio next rejects execution overrides and unknown role or complexity input (13.493791ms)
✔ trio next records structured Chief override provenance and stays read-only (36.976667ms)
✔ trio write commands render JSON-serializable reports to a captured stdout writer (247.070334ms)
✔ ground truth covers every fixture case with a declared vocabulary value (25.487916ms)
✔ the transition field now expresses every truth value in the vocabulary (11.931875ms)
✔ a recorded infrastructure failure is consumed: the gate recommends retry, not done (2.266917ms)
✔ the committed accuracy report is reproducible and keeps the two gate columns distinct (3.461417ms)
✔ decision vocabulary is frozen and labels every question with its evidence class (2.9115ms)
✔ validateDecisionRequest accepts a canonical request and rejects unknown bundles, questions and kinds (7.251916ms)
✔ validateDecisionResponse requires provenance and rejects out-of-scale or mistyped answers (1.662375ms)
✔ resolvePlanReady requires every plan question and treats a blocking unknown as not ready (0.301459ms)
✔ resolveActionGate only escalates to policy and never authorises (0.199542ms)
✔ resolveNextState covers every outcome and never escalates intelligence on infrastructure failure (0.36575ms)
✔ resolveReleaseState never returns allowed from readiness alone (0.316833ms)
✔ resolveComposites and transitionRecommendationOf dispatch per bundle (0.273625ms)
✔ evaluateDecision answers from operator input or deterministic evidence and reports what is unevaluable (1.375792ms)
✔ decision trace round-trips locally and never accepts chain-of-thought (14.452875ms)
✔ classifyFailure separates infrastructure from cognitive failure and never escalates on infrastructure (0.729625ms)
✔ shadow fixtures cover every evaluation row and replay deterministically (29.5635ms)
✔ five shared skill identities survive extraction and local support resolves (54.174375ms)
✔ dev routes risk-relevant proof and preserves existing evidence (2.711292ms)
✔ dev recovery and delivery terms preserve scope and evidence boundaries (4.977708ms)
✔ semantic proof safeguards cannot be removed while wording can change (3.122417ms)
✔ routing distinguishes direct completion from delegated acceptance (1.423875ms)
✔ completion requires authorized verification and repair while preserving real stops (1.265ms)
✔ entry template delegates detail and retains only routing and authority boundaries (0.742834ms)
✔ ChiefOps selected delegation preserves frozen scope and Host lifecycle safeguards (1.49575ms)
✔ ChiefOps selective intake keeps quick work direct and Linear optional (1.61025ms)
✔ ChiefOps day and night handoff preserves readiness and head-bound proof (1.143125ms)
✔ ChiefOps closure separates local archive, Linear auto-archive, and Codex archive (1.319125ms)
✔ accepted PR feedback refinements retain all current-head and terminal gates (1.511542ms)
✔ PWF recovery is event driven and retains exactly three durable files (1.836958ms)
✔ overengineering review accepts evidence without fabricated line savings (0.394458ms)
✔ PWF templates initialize three files and resume without overwriting state or requiring a companion (742.025584ms)
✔ ChiefOps night queue intake is an explicit, evidence-gated human decision (1.175333ms)
✔ a command result maps to exactly one observed status (3.916333ms)
✔ a timed-out or signalled command is unknown rather than a failed check (0.352958ms)
✔ every declared dev check is reported exactly once (0.435ms)
✔ an undeclared check id is rejected instead of silently recorded (0.577167ms)
✔ adapter output carries observed facts and no opinion (0.267ms)
✔ git state is reported as facts without a verdict (0.146375ms)
✔ adapter output satisfies the verify bundle evidence contract (1.310167ms)
✔ collection records what a runner observed and never throws for a check (0.444375ms)
✔ collection reads git state and survives a failing git reader (0.897541ms)
✔ collection rejects an undeclared or duplicated command set (5.200416ms)
✔ the adapter stays provider-neutral and adds no model vocabulary (16.049375ms)
✔ deterministic serialization is stable for identical observations (0.1715ms)
✔ resolveHostOperation selects a native subagent with exact route evidence (5.360875ms)
✔ default non-spawn operations remain manual regardless of visible identity claims (7.996625ms)
✔ default execution keeps lifecycle identity evidence manual when only visible capability exists (0.931459ms)
✔ generic host adapter fails closed to a bounded manual pending descriptor (0.527875ms)
✔ Host routing selects a native subagent and then falls back to manual pending (0.492167ms)
✔ default execution selects a safe native subagent even when a visible worker is available (0.680833ms)
✔ native descriptors snapshot the validated packet before binding its digest (8.373041ms)
✔ packet aliases retain their native delegation policy (9.965125ms)
✔ packet aliases retain their legacy strict topology (2.009458ms)
✔ spawn routes do not inherit an old visible worker identity, status, or actual model evidence (14.4655ms)
✔ native subagents cannot be selected for non-spawn operations without a native child identity (10.4395ms)
✔ manual capability evidence preserves observed native support when safety is unbound (0.810125ms)
✔ Codex host adapter normalizes explicit observations without executing an operation (1.47575ms)
✔ Host capability support is operation-scoped across supported, unsupported, and unknown states (3.80825ms)
✔ Host routing ignores unauthenticated and request-side actual model claims (1.199375ms)
✔ Host worker candidate status remains manual without a visible route (0.8365ms)
✔ Host operation descriptors support spawn, continue, status, interrupt, and collect without visible routes (0.665459ms)
✔ strict primary execution retires even when a visible worker is available (5.737167ms)
✔ strict primary execution never falls back to a native subagent (1.011667ms)
✔ strict primary execution fails closed when no visible worker capability is observed (0.507416ms)
✔ R2/R3 valid strict input retires all five Host operations without visible or native fallback (1.462083ms)
✔ R4 default operations with only an authenticated visible capability never produce a visible route (1.367083ms)
✔ R12 preserves historical visible_worker vocabulary and parses released legacy lane evidence (11.121042ms)
✔ non-strict primary execution keeps the native-first to manual chain (2.020709ms)
✔ assignment packets carry topology intent inside capability without a new top-level field (1.052083ms)
✔ capability.childDelegation = prohibited denies any native child route even with a valid child envelope (0.311583ms)
✔ strict visible-worker-required packet retires before childDelegation policy evaluation (0.799625ms)
✔ explicit child delegation policies do not revive retired strict packets (0.39825ms)
✔ legacy non-strict packets without childDelegation preserve native subagent compatibility (0.184541ms)
✔ unknown childDelegation values fail closed before native child acceptance (0.217125ms)
✔ unknown capability.executionMode values fail closed before native child acceptance (0.665666ms)
✔ unknown primary execution mode values fail closed (0.420791ms)
✔ R11 foundational errors precede strict retirement while topology policy stays retired-first (6.7525ms)
✔ static capability configuration alone grants no dynamic child permission (5.189583ms)
✔ Host routing validates packet and outer model policy before retiring strict topology (2.175833ms)
✔ packet capability validation runs before every Host route decision (0.718667ms)
✔ host operations fail closed without a declared work role or execution complexity (0.5515ms)
✔ packet digest authentication cannot expose actual worker facts without a visible route (1.085042ms)
✔ child requests must carry a bound model and effort no wider than the parent (4.575833ms)
✔ a strict unavailable Host returns manual_pending with the intact packet and digest (0.489ms)
✔ adapter vocabulary reserves claude_code and pi as unimplemented (0.3755ms)
✔ Codex adapter maps provider-neutral permission intent without claiming Host application (4.465125ms)
✔ Codex adapter keeps an out-of-scope request blocked before any manual gate (1.355459ms)
✔ Codex adapter surfaces bound actual permission only with authenticated digest evidence and never applies it (1.246333ms)
✔ Codex adapter treats a missing requested approval policy as unbound even with fully authenticated actual evidence (0.389042ms)
✔ Codex adapter keeps partial authenticated evidence manual_pending when writable roots are absent (0.523042ms)
✔ Codex adapter keeps partial authenticated evidence manual_pending when reviewer state is absent (1.164959ms)
✔ Codex adapter keeps generated .agents targets blocked when generatedTargets is an empty list (4.493958ms)
✔ Codex adapter keeps the user-global .codex/AGENTS.md projection generated and blocked (2.073166ms)
✔ Host awaiting_approval remains recognized while visible lifecycle continuation stays manual (4.962458ms)
✔ same semantic lane in awaiting_approval blocks a new spawn even with a different output root (3.855375ms)
✔ blocked and unaccepted candidate_done lanes keep the semantic lane reserved until an authenticated Chief release (8.434625ms)
✔ only an explicitly distinct frozen slice identity admits an independent dispatch lane (4.592375ms)
✔ a revised packet digest for the same task and frozen slice cannot open a reserved semantic lane (4.774542ms)
✔ reserved lanes without task or current-slice identity fail closed on non-overlapping spawns (13.45475ms)
✔ task and frozen slice identity alone reserve a lane even without a packet digest (11.185416ms)
✔ every unreleased active status reserves the same task and frozen slice semantic lane (8.150792ms)
✔ a packet-less legacy spawn facing a fully identified active lane is pending, not independent (16.340083ms)
✔ an unresolved worktree clientThreadId blocks a fallback spawn until that exact setup resolves (11.664041ms)
✔ Host create-attempt accounting allows one bounded correction then manual_pending (1.557458ms)
✔ Codex adapter keeps the requested approval policy separate from authenticated actual Host evidence (2.14925ms)
✔ production selectors require an explicit fixture bridge before any legacy dependency (79.207875ms)
{
  "runtime": "trio",
  "mode": "fresh",
  "writes": [
    "/private/var/folders/1_/m2vfg4n10n9_50cz0bmvnmx80000gn/T/trio-v2-production-fresh-F3nrCI/authority/AGENTS.md",
    "/private/var/folders/1_/m2vfg4n10n9_50cz0bmvnmx80000gn/T/trio-v2-production-fresh-F3nrCI/authority/.agents/skills/trio/SKILL.md",
    "/private/var/folders/1_/m2vfg4n10n9_50cz0bmvnmx80000gn/T/trio-v2-production-fresh-F3nrCI/authority/.agents/skills/trio/dev/SKILL.md",
    "/private/var/folders/1_/m2vfg4n10n9_50cz0bmvnmx80000gn/T/trio-v2-production-fresh-F3nrCI/authority/.agents/skills/trio/office/SKILL.md",
    "/private/var/folders/1_/m2vfg4n10n9_50cz0bmvnmx80000gn/T/trio-v2-production-fresh-F3nrCI/authority/.agents/skills/trio/safety/SKILL.md",
    "/private/var/folders/1_/m2vfg4n10n9_50cz0bmvnmx80000gn/T/trio-v2-production-fresh-F3nrCI/authority/.agents/skills/chiefops/SKILL.md",
    "/private/var/folders/1_/m2vfg4n10n9_50cz0bmvnmx80000gn/T/trio-v2-production-fresh-F3nrCI/authority/.agents/skills/trio/references/execution.md",
    "/private/var/folders/1_/m2vfg4n10n9_50cz0bmvnmx80000gn/T/trio-v2-production-fresh-F3nrCI/authority/.agents/skills/trio/dev/references/methods.md",
    "/private/var/folders/1_/m2vfg4n10n9_50cz0bmvnmx80000gn/T/trio-v2-production-fresh-F3nrCI/authority/.agents/skills/trio/dev/references/review.md",
    "/private/var/folders/1_/m2vfg4n10n9_50cz0bmvnmx80000gn/T/trio-v2-production-fresh-F3nrCI/authority/.agents/skills/trio/dev/references/pr-feedback.md",
    "/private/var/folders/1_/m2vfg4n10n9_50cz0bmvnmx80000gn/T/trio-v2-production-fresh-F3nrCI/authority/.agents/skills/chiefops/references/delegated-execution.md",
    "/private/var/folders/1_/m2vfg4n10n9_50cz0bmvnmx80000gn/T/trio-v2-production-fresh-F3nrCI/authority/.agents/skills/trio/office/references/source-backed-work.md",
    "/private/var/folders/1_/m2vfg4n10n9_50cz0bmvnmx80000gn/T/trio-v2-production-fresh-F3nrCI/authority/.agents/skills/trio/office/references/artifact-and-delivery.md"
  ],
  "conflicts": []
}
{
  "schemaVersion": 2,
  "runtime": "trio",
  "mode": "dry-run",
  "descriptors": [
    {
      "targetId": "codex",
      "surface": "entry",
      "destination": "/private/var/folders/1_/m2vfg4n10n9_50cz0bmvnmx80000gn/T/trio-v2-production-fresh-F3nrCI/authority/AGENTS.md",
      "action": "update",
      "execution": "managed",
      "conflict": false
    },
    {
      "targetId": "codex",
      "surface": "trio",
      "destination": "/private/var/folders/1_/m2vfg4n10n9_50cz0bmvnmx80000gn/T/trio-v2-production-fresh-F3nrCI/authority/.agents/skills/trio/SKILL.md",
      "action": "update",
      "execution": "managed",
      "conflict": false
    },
    {
      "targetId": "codex",
      "surface": "dev",
      "destination": "/private/var/folders/1_/m2vfg4n10n9_50cz0bmvnmx80000gn/T/trio-v2-production-fresh-F3nrCI/authority/.agents/skills/trio/dev/SKILL.md",
      "action": "update",
      "execution": "managed",
      "conflict": false
    },
    {
      "targetId": "codex",
      "surface": "office",
      "destination": "/private/var/folders/1_/m2vfg4n10n9_50cz0bmvnmx80000gn/T/trio-v2-production-fresh-F3nrCI/authority/.agents/skills/trio/office/SKILL.md",
      "action": "update",
      "execution": "managed",
      "conflict": false
    },
    {
      "targetId": "codex",
      "surface": "safety",
      "destination": "/private/var/folders/1_/m2vfg4n10n9_50cz0bmvnmx80000gn/T/trio-v2-production-fresh-F3nrCI/authority/.agents/skills/trio/safety/SKILL.md",
      "action": "update",
      "execution": "managed",
      "conflict": false
    },
    {
      "targetId": "codex",
      "surface": "chiefops",
      "destination": "/private/var/folders/1_/m2vfg4n10n9_50cz0bmvnmx80000gn/T/trio-v2-production-fresh-F3nrCI/authority/.agents/skills/chiefops/SKILL.md",
      "action": "update",
      "execution": "managed",
      "conflict": false
    },
    {
      "targetId": "codex",
      "surface": "trio/references/execution.md",
      "destination": "/private/var/folders/1_/m2vfg4n10n9_50cz0bmvnmx80000gn/T/trio-v2-production-fresh-F3nrCI/authority/.agents/skills/trio/references/execution.md",
      "action": "update",
      "execution": "managed",
      "conflict": false
    },
    {
      "targetId": "codex",
      "surface": "dev/references/methods.md",
      "destination": "/private/var/folders/1_/m2vfg4n10n9_50cz0bmvnmx80000gn/T/trio-v2-production-fresh-F3nrCI/authority/.agents/skills/trio/dev/references/methods.md",
      "action": "update",
      "execution": "managed",
      "conflict": false
    },
    {
      "targetId": "codex",
      "surface": "dev/references/review.md",
      "destination": "/private/var/folders/1_/m2vfg4n10n9_50cz0bmvnmx80000gn/T/trio-v2-production-fresh-F3nrCI/authority/.agents/skills/trio/dev/references/review.md",
      "action": "update",
      "execution": "managed",
      "conflict": false
    },
    {
      "targetId": "codex",
      "surface": "dev/references/pr-feedback.md",
      "destination": "/private/var/folders/1_/m2vfg4n10n9_50cz0bmvnmx80000gn/T/trio-v2-production-fresh-F3nrCI/authority/.agents/skills/trio/dev/references/pr-feedback.md",
      "action": "update",
      "execution": "managed",
      "conflict": false
    },
    {
      "targetId": "codex",
      "surface": "chiefops/references/delegated-execution.md",
      "destination": "/private/var/folders/1_/m2vfg4n10n9_50cz0bmvnmx80000gn/T/trio-v2-production-fresh-F3nrCI/authority/.agents/skills/chiefops/references/delegated-execution.md",
      "action": "update",
      "execution": "managed",
      "conflict": false
    },
    {
      "targetId": "codex",
      "surface": "office/references/source-backed-work.md",
      "destination": "/private/var/folders/1_/m2vfg4n10n9_50cz0bmvnmx80000gn/T/trio-v2-production-fresh-F3nrCI/authority/.agents/skills/trio/office/references/source-backed-work.md",
      "action": "update",
      "execution": "managed",
      "conflict": false
    },
    {
      "targetId": "codex",
      "surface": "office/references/artifact-and-delivery.md",
      "destination": "/private/var/folders/1_/m2vfg4n10n9_50cz0bmvnmx80000gn/T/trio-v2-production-fresh-F3nrCI/authority/.agents/skills/trio/office/references/artifact-and-delivery.md",
      "action": "update",
      "execution": "managed",
      "conflict": false
    }
  ],
  "conflicts": []
}
{
  "schemaVersion": 2,
  "runtime": "trio",
  "mode": "check",
  "descriptors": [
    {
      "targetId": "codex",
      "surface": "entry",
      "destination": "/private/var/folders/1_/m2vfg4n10n9_50cz0bmvnmx80000gn/T/trio-v2-production-fresh-F3nrCI/authority/AGENTS.md",
      "action": "update",
      "execution": "managed",
      "conflict": false
    },
    {
      "targetId": "codex",
      "surface": "trio",
      "destination": "/private/var/folders/1_/m2vfg4n10n9_50cz0bmvnmx80000gn/T/trio-v2-production-fresh-F3nrCI/authority/.agents/skills/trio/SKILL.md",
      "action": "update",
      "execution": "managed",
      "conflict": false
    },
    {
      "targetId": "codex",
      "surface": "dev",
      "destination": "/private/var/folders/1_/m2vfg4n10n9_50cz0bmvnmx80000gn/T/trio-v2-production-fresh-F3nrCI/authority/.agents/skills/trio/dev/SKILL.md",
      "action": "update",
      "execution": "managed",
      "conflict": false
    },
    {
      "targetId": "codex",
      "surface": "office",
      "destination": "/private/var/folders/1_/m2vfg4n10n9_50cz0bmvnmx80000gn/T/trio-v2-production-fresh-F3nrCI/authority/.agents/skills/trio/office/SKILL.md",
      "action": "update",
      "execution": "managed",
      "conflict": false
    },
    {
      "targetId": "codex",
      "surface": "safety",
      "destination": "/private/var/folders/1_/m2vfg4n10n9_50cz0bmvnmx80000gn/T/trio-v2-production-fresh-F3nrCI/authority/.agents/skills/trio/safety/SKILL.md",
      "action": "update",
      "execution": "managed",
      "conflict": false
    },
    {
      "targetId": "codex",
      "surface": "chiefops",
      "destination": "/private/var/folders/1_/m2vfg4n10n9_50cz0bmvnmx80000gn/T/trio-v2-production-fresh-F3nrCI/authority/.agents/skills/chiefops/SKILL.md",
      "action": "update",
      "execution": "managed",
      "conflict": false
    },
    {
      "targetId": "codex",
      "surface": "trio/references/execution.md",
      "destination": "/private/var/folders/1_/m2vfg4n10n9_50cz0bmvnmx80000gn/T/trio-v2-production-fresh-F3nrCI/authority/.agents/skills/trio/references/execution.md",
      "action": "update",
      "execution": "managed",
      "conflict": false
    },
    {
      "targetId": "codex",
      "surface": "dev/references/methods.md",
      "destination": "/private/var/folders/1_/m2vfg4n10n9_50cz0bmvnmx80000gn/T/trio-v2-production-fresh-F3nrCI/authority/.agents/skills/trio/dev/references/methods.md",
      "action": "update",
      "execution": "managed",
      "conflict": false
    },
    {
      "targetId": "codex",
      "surface": "dev/references/review.md",
      "destination": "/private/var/folders/1_/m2vfg4n10n9_50cz0bmvnmx80000gn/T/trio-v2-production-fresh-F3nrCI/authority/.agents/skills/trio/dev/references/review.md",
      "action": "update",
      "execution": "managed",
      "conflict": false
    },
    {
      "targetId": "codex",
      "surface": "dev/references/pr-feedback.md",
      "destination": "/private/var/folders/1_/m2vfg4n10n9_50cz0bmvnmx80000gn/T/trio-v2-production-fresh-F3nrCI/authority/.agents/skills/trio/dev/references/pr-feedback.md",
      "action": "update",
      "execution": "managed",
      "conflict": false
    },
    {
      "targetId": "codex",
      "surface": "chiefops/references/delegated-execution.md",
      "destination": "/private/var/folders/1_/m2vfg4n10n9_50cz0bmvnmx80000gn/T/trio-v2-production-fresh-F3nrCI/authority/.agents/skills/chiefops/references/delegated-execution.md",
      "action": "update",
      "execution": "managed",
      "conflict": false
    },
    {
      "targetId": "codex",
      "surface": "office/references/source-backed-work.md",
      "destination": "/private/var/folders/1_/m2vfg4n10n9_50cz0bmvnmx80000gn/T/trio-v2-production-fresh-F3nrCI/authority/.agents/skills/trio/office/references/source-backed-work.md",
      "action": "update",
      "execution": "managed",
      "conflict": false
    },
    {
      "targetId": "codex",
      "surface": "office/references/artifact-and-delivery.md",
      "destination": "/private/var/folders/1_/m2vfg4n10n9_50cz0bmvnmx80000gn/T/trio-v2-production-fresh-F3nrCI/authority/.agents/skills/trio/office/references/artifact-and-delivery.md",
      "action": "update",
      "execution": "managed",
      "conflict": false
    }
  ],
  "conflicts": []
}
{
  "schemaVersion": 2,
  "runtime": "trio",
  "mode": "apply",
  "descriptors": [
    {
      "targetId": "codex",
      "surface": "entry",
      "destination": "/private/var/folders/1_/m2vfg4n10n9_50cz0bmvnmx80000gn/T/trio-v2-production-fresh-F3nrCI/authority/AGENTS.md",
      "action": "update",
      "execution": "managed",
      "conflict": false
    },
    {
      "targetId": "codex",
      "surface": "trio",
      "destination": "/private/var/folders/1_/m2vfg4n10n9_50cz0bmvnmx80000gn/T/trio-v2-production-fresh-F3nrCI/authority/.agents/skills/trio/SKILL.md",
      "action": "update",
      "execution": "managed",
      "conflict": false
    },
    {
      "targetId": "codex",
      "surface": "dev",
      "destination": "/private/var/folders/1_/m2vfg4n10n9_50cz0bmvnmx80000gn/T/trio-v2-production-fresh-F3nrCI/authority/.agents/skills/trio/dev/SKILL.md",
      "action": "update",
      "execution": "managed",
      "conflict": false
    },
    {
      "targetId": "codex",
      "surface": "office",
      "destination": "/private/var/folders/1_/m2vfg4n10n9_50cz0bmvnmx80000gn/T/trio-v2-production-fresh-F3nrCI/authority/.agents/skills/trio/office/SKILL.md",
      "action": "update",
      "execution": "managed",
      "conflict": false
    },
    {
      "targetId": "codex",
      "surface": "safety",
      "destination": "/private/var/folders/1_/m2vfg4n10n9_50cz0bmvnmx80000gn/T/trio-v2-production-fresh-F3nrCI/authority/.agents/skills/trio/safety/SKILL.md",
      "action": "update",
      "execution": "managed",
      "conflict": false
    },
    {
      "targetId": "codex",
      "surface": "chiefops",
      "destination": "/private/var/folders/1_/m2vfg4n10n9_50cz0bmvnmx80000gn/T/trio-v2-production-fresh-F3nrCI/authority/.agents/skills/chiefops/SKILL.md",
      "action": "update",
      "execution": "managed",
      "conflict": false
    },
    {
      "targetId": "codex",
      "surface": "trio/references/execution.md",
      "destination": "/private/var/folders/1_/m2vfg4n10n9_50cz0bmvnmx80000gn/T/trio-v2-production-fresh-F3nrCI/authority/.agents/skills/trio/references/execution.md",
      "action": "update",
      "execution": "managed",
      "conflict": false
    },
    {
      "targetId": "codex",
      "surface": "dev/references/methods.md",
      "destination": "/private/var/folders/1_/m2vfg4n10n9_50cz0bmvnmx80000gn/T/trio-v2-production-fresh-F3nrCI/authority/.agents/skills/trio/dev/references/methods.md",
      "action": "update",
      "execution": "managed",
      "conflict": false
    },
    {
      "targetId": "codex",
      "surface": "dev/references/review.md",
      "destination": "/private/var/folders/1_/m2vfg4n10n9_50cz0bmvnmx80000gn/T/trio-v2-production-fresh-F3nrCI/authority/.agents/skills/trio/dev/references/review.md",
      "action": "update",
      "execution": "managed",
      "conflict": false
    },
    {
      "targetId": "codex",
      "surface": "dev/references/pr-feedback.md",
      "destination": "/private/var/folders/1_/m2vfg4n10n9_50cz0bmvnmx80000gn/T/trio-v2-production-fresh-F3nrCI/authority/.agents/skills/trio/dev/references/pr-feedback.md",
      "action": "update",
      "execution": "managed",
      "conflict": false
    },
    {
      "targetId": "codex",
      "surface": "chiefops/references/delegated-execution.md",
      "destination": "/private/var/folders/1_/m2vfg4n10n9_50cz0bmvnmx80000gn/T/trio-v2-production-fresh-F3nrCI/authority/.agents/skills/chiefops/references/delegated-execution.md",
      "action": "update",
      "execution": "managed",
      "conflict": false
    },
    {
      "targetId": "codex",
      "surface": "office/references/source-backed-work.md",
      "destination": "/private/var/folders/1_/m2vfg4n10n9_50cz0bmvnmx80000gn/T/trio-v2-production-fresh-F3nrCI/authority/.agents/skills/trio/office/references/source-backed-work.md",
      "action": "update",
      "execution": "managed",
      "conflict": false
    },
    {
      "targetId": "codex",
      "surface": "office/references/artifact-and-delivery.md",
      "destination": "/private/var/folders/1_/m2vfg4n10n9_50cz0bmvnmx80000gn/T/trio-v2-production-fresh-F3nrCI/authority/.agents/skills/trio/office/references/artifact-and-delivery.md",
      "action": "update",
      "execution": "managed",
      "conflict": false
    }
  ],
  "conflicts": []
}
{
  "schemaVersion": 2,
  "runtime": "trio",
  "readable": true,
  "descriptorCount": 13,
  "conflicts": [],
  "mode": "check-only"
}
{
  "schemaVersion": 2,
  "runtime": "trio",
  "opened": true,
  "rendered": false,
  "descriptorCount": 13,
  "conflicts": []
}
✔ production no-state defaults to Trio and uses one scope-aware environment for lifecycle commands (1694.521125ms)
✔ Trio projection passes externally captured target and parent conditions to every publication (446.069041ms)
{
  "runtime": "trio",
  "mode": "fresh",
  "writes": [
    "/private/var/folders/1_/m2vfg4n10n9_50cz0bmvnmx80000gn/T/trio-v2-production-concurrent-install-p6UgJ2/authority/AGENTS.md",
    "/private/var/folders/1_/m2vfg4n10n9_50cz0bmvnmx80000gn/T/trio-v2-production-concurrent-install-p6UgJ2/authority/.agents/skills/trio/SKILL.md",
    "/private/var/folders/1_/m2vfg4n10n9_50cz0bmvnmx80000gn/T/trio-v2-production-concurrent-install-p6UgJ2/authority/.agents/skills/trio/dev/SKILL.md",
    "/private/var/folders/1_/m2vfg4n10n9_50cz0bmvnmx80000gn/T/trio-v2-production-concurrent-install-p6UgJ2/authority/.agents/skills/trio/office/SKILL.md",
    "/private/var/folders/1_/m2vfg4n10n9_50cz0bmvnmx80000gn/T/trio-v2-production-concurrent-install-p6UgJ2/authority/.agents/skills/trio/safety/SKILL.md",
    "/private/var/folders/1_/m2vfg4n10n9_50cz0bmvnmx80000gn/T/trio-v2-production-concurrent-install-p6UgJ2/authority/.agents/skills/chiefops/SKILL.md",
    "/private/var/folders/1_/m2vfg4n10n9_50cz0bmvnmx80000gn/T/trio-v2-production-concurrent-install-p6UgJ2/authority/.agents/skills/trio/references/execution.md",
    "/private/var/folders/1_/m2vfg4n10n9_50cz0bmvnmx80000gn/T/trio-v2-production-concurrent-install-p6UgJ2/authority/.agents/skills/trio/dev/references/methods.md",
    "/private/var/folders/1_/m2vfg4n10n9_50cz0bmvnmx80000gn/T/trio-v2-production-concurrent-install-p6UgJ2/authority/.agents/skills/trio/dev/references/review.md",
    "/private/var/folders/1_/m2vfg4n10n9_50cz0bmvnmx80000gn/T/trio-v2-production-concurrent-install-p6UgJ2/authority/.agents/skills/trio/dev/references/pr-feedback.md",
    "/private/var/folders/1_/m2vfg4n10n9_50cz0bmvnmx80000gn/T/trio-v2-production-concurrent-install-p6UgJ2/authority/.agents/skills/chiefops/references/delegated-execution.md",
    "/private/var/folders/1_/m2vfg4n10n9_50cz0bmvnmx80000gn/T/trio-v2-production-concurrent-install-p6UgJ2/authority/.agents/skills/trio/office/references/source-backed-work.md",
    "/private/var/folders/1_/m2vfg4n10n9_50cz0bmvnmx80000gn/T/trio-v2-production-concurrent-install-p6UgJ2/authority/.agents/skills/trio/office/references/artifact-and-delivery.md"
  ],
  "conflicts": []
}
{
  "runtime": "trio",
  "mode": "reinstall",
  "writes": [
    "/private/var/folders/1_/m2vfg4n10n9_50cz0bmvnmx80000gn/T/trio-v2-production-concurrent-install-p6UgJ2/authority/AGENTS.md",
    "/private/var/folders/1_/m2vfg4n10n9_50cz0bmvnmx80000gn/T/trio-v2-production-concurrent-install-p6UgJ2/authority/.agents/skills/trio/SKILL.md",
    "/private/var/folders/1_/m2vfg4n10n9_50cz0bmvnmx80000gn/T/trio-v2-production-concurrent-install-p6UgJ2/authority/.agents/skills/trio/dev/SKILL.md",
    "/private/var/folders/1_/m2vfg4n10n9_50cz0bmvnmx80000gn/T/trio-v2-production-concurrent-install-p6UgJ2/authority/.agents/skills/trio/office/SKILL.md",
    "/private/var/folders/1_/m2vfg4n10n9_50cz0bmvnmx80000gn/T/trio-v2-production-concurrent-install-p6UgJ2/authority/.agents/skills/trio/safety/SKILL.md",
    "/private/var/folders/1_/m2vfg4n10n9_50cz0bmvnmx80000gn/T/trio-v2-production-concurrent-install-p6UgJ2/authority/.agents/skills/chiefops/SKILL.md",
    "/private/var/folders/1_/m2vfg4n10n9_50cz0bmvnmx80000gn/T/trio-v2-production-concurrent-install-p6UgJ2/authority/.agents/skills/trio/references/execution.md",
    "/private/var/folders/1_/m2vfg4n10n9_50cz0bmvnmx80000gn/T/trio-v2-production-concurrent-install-p6UgJ2/authority/.agents/skills/trio/dev/references/methods.md",
    "/private/var/folders/1_/m2vfg4n10n9_50cz0bmvnmx80000gn/T/trio-v2-production-concurrent-install-p6UgJ2/authority/.agents/skills/trio/dev/references/review.md",
    "/private/var/folders/1_/m2vfg4n10n9_50cz0bmvnmx80000gn/T/trio-v2-production-concurrent-install-p6UgJ2/authority/.agents/skills/trio/dev/references/pr-feedback.md",
    "/private/var/folders/1_/m2vfg4n10n9_50cz0bmvnmx80000gn/T/trio-v2-production-concurrent-install-p6UgJ2/authority/.agents/skills/chiefops/references/delegated-execution.md",
    "/private/var/folders/1_/m2vfg4n10n9_50cz0bmvnmx80000gn/T/trio-v2-production-concurrent-install-p6UgJ2/authority/.agents/skills/trio/office/references/source-backed-work.md",
    "/private/var/folders/1_/m2vfg4n10n9_50cz0bmvnmx80000gn/T/trio-v2-production-concurrent-install-p6UgJ2/authority/.agents/skills/trio/office/references/artifact-and-delivery.md"
  ],
  "conflicts": []
}
✔ concurrent production installs serialize and re-probe state inside the authority publication lock (896.394125ms)
✔ a residual publication lock makes actual production install time out before any state or target mutation (2131.747667ms)
✔ a persisted V1 fixture requires explicit upgrade and never falls through to fresh Trio overwrite (24.791625ms)
{
  "runtime": "trio",
  "mode": "fresh",
  "writes": [
    "/private/var/folders/1_/m2vfg4n10n9_50cz0bmvnmx80000gn/T/trio-v2-production-v2-reinstall-7oIvRC/authority/AGENTS.md",
    "/private/var/folders/1_/m2vfg4n10n9_50cz0bmvnmx80000gn/T/trio-v2-production-v2-reinstall-7oIvRC/authority/.agents/skills/trio/SKILL.md",
    "/private/var/folders/1_/m2vfg4n10n9_50cz0bmvnmx80000gn/T/trio-v2-production-v2-reinstall-7oIvRC/authority/.agents/skills/trio/dev/SKILL.md",
    "/private/var/folders/1_/m2vfg4n10n9_50cz0bmvnmx80000gn/T/trio-v2-production-v2-reinstall-7oIvRC/authority/.agents/skills/trio/office/SKILL.md",
    "/private/var/folders/1_/m2vfg4n10n9_50cz0bmvnmx80000gn/T/trio-v2-production-v2-reinstall-7oIvRC/authority/.agents/skills/trio/safety/SKILL.md",
    "/private/var/folders/1_/m2vfg4n10n9_50cz0bmvnmx80000gn/T/trio-v2-production-v2-reinstall-7oIvRC/authority/.agents/skills/chiefops/SKILL.md",
    "/private/var/folders/1_/m2vfg4n10n9_50cz0bmvnmx80000gn/T/trio-v2-production-v2-reinstall-7oIvRC/authority/.agents/skills/trio/references/execution.md",
    "/private/var/folders/1_/m2vfg4n10n9_50cz0bmvnmx80000gn/T/trio-v2-production-v2-reinstall-7oIvRC/authority/.agents/skills/trio/dev/references/methods.md",
    "/private/var/folders/1_/m2vfg4n10n9_50cz0bmvnmx80000gn/T/trio-v2-production-v2-reinstall-7oIvRC/authority/.agents/skills/trio/dev/references/review.md",
    "/private/var/folders/1_/m2vfg4n10n9_50cz0bmvnmx80000gn/T/trio-v2-production-v2-reinstall-7oIvRC/authority/.agents/skills/trio/dev/references/pr-feedback.md",
    "/private/var/folders/1_/m2vfg4n10n9_50cz0bmvnmx80000gn/T/trio-v2-production-v2-reinstall-7oIvRC/authority/.agents/skills/chiefops/references/delegated-execution.md",
    "/private/var/folders/1_/m2vfg4n10n9_50cz0bmvnmx80000gn/T/trio-v2-production-v2-reinstall-7oIvRC/authority/.agents/skills/trio/office/references/source-backed-work.md",
    "/private/var/folders/1_/m2vfg4n10n9_50cz0bmvnmx80000gn/T/trio-v2-production-v2-reinstall-7oIvRC/authority/.agents/skills/trio/office/references/artifact-and-delivery.md"
  ],
  "conflicts": []
}
{
  "runtime": "trio",
  "mode": "reinstall",
  "writes": [
    "/private/var/folders/1_/m2vfg4n10n9_50cz0bmvnmx80000gn/T/trio-v2-production-v2-reinstall-7oIvRC/authority/AGENTS.md",
    "/private/var/folders/1_/m2vfg4n10n9_50cz0bmvnmx80000gn/T/trio-v2-production-v2-reinstall-7oIvRC/authority/.agents/skills/trio/SKILL.md",
    "/private/var/folders/1_/m2vfg4n10n9_50cz0bmvnmx80000gn/T/trio-v2-production-v2-reinstall-7oIvRC/authority/.agents/skills/trio/dev/SKILL.md",
    "/private/var/folders/1_/m2vfg4n10n9_50cz0bmvnmx80000gn/T/trio-v2-production-v2-reinstall-7oIvRC/authority/.agents/skills/trio/office/SKILL.md",
    "/private/var/folders/1_/m2vfg4n10n9_50cz0bmvnmx80000gn/T/trio-v2-production-v2-reinstall-7oIvRC/authority/.agents/skills/trio/safety/SKILL.md",
    "/private/var/folders/1_/m2vfg4n10n9_50cz0bmvnmx80000gn/T/trio-v2-production-v2-reinstall-7oIvRC/authority/.agents/skills/chiefops/SKILL.md",
    "/private/var/folders/1_/m2vfg4n10n9_50cz0bmvnmx80000gn/T/trio-v2-production-v2-reinstall-7oIvRC/authority/.agents/skills/trio/references/execution.md",
    "/private/var/folders/1_/m2vfg4n10n9_50cz0bmvnmx80000gn/T/trio-v2-production-v2-reinstall-7oIvRC/authority/.agents/skills/trio/dev/references/methods.md",
    "/private/var/folders/1_/m2vfg4n10n9_50cz0bmvnmx80000gn/T/trio-v2-production-v2-reinstall-7oIvRC/authority/.agents/skills/trio/dev/references/review.md",
    "/private/var/folders/1_/m2vfg4n10n9_50cz0bmvnmx80000gn/T/trio-v2-production-v2-reinstall-7oIvRC/authority/.agents/skills/trio/dev/references/pr-feedback.md",
    "/private/var/folders/1_/m2vfg4n10n9_50cz0bmvnmx80000gn/T/trio-v2-production-v2-reinstall-7oIvRC/authority/.agents/skills/chiefops/references/delegated-execution.md",
    "/private/var/folders/1_/m2vfg4n10n9_50cz0bmvnmx80000gn/T/trio-v2-production-v2-reinstall-7oIvRC/authority/.agents/skills/trio/office/references/source-backed-work.md",
    "/private/var/folders/1_/m2vfg4n10n9_50cz0bmvnmx80000gn/T/trio-v2-production-v2-reinstall-7oIvRC/authority/.agents/skills/trio/office/references/artifact-and-delivery.md"
  ],
  "conflicts": []
}
✔ production V2 reinstall preserves recovery and ownership while refusing user-owned drift (921.249083ms)
✔ production projection settles zero, single-scope, and both-scope managed surface cardinalities (1544.835ms)
{
  "runtime": "trio",
  "mode": "fresh",
  "writes": [
    "/private/var/folders/1_/m2vfg4n10n9_50cz0bmvnmx80000gn/T/trio-v2-production-diagnostic-missing-wCEUoI/authority/AGENTS.md",
    "/private/var/folders/1_/m2vfg4n10n9_50cz0bmvnmx80000gn/T/trio-v2-production-diagnostic-missing-wCEUoI/authority/.agents/skills/trio/SKILL.md",
    "/private/var/folders/1_/m2vfg4n10n9_50cz0bmvnmx80000gn/T/trio-v2-production-diagnostic-missing-wCEUoI/authority/.agents/skills/trio/dev/SKILL.md",
    "/private/var/folders/1_/m2vfg4n10n9_50cz0bmvnmx80000gn/T/trio-v2-production-diagnostic-missing-wCEUoI/authority/.agents/skills/trio/office/SKILL.md",
    "/private/var/folders/1_/m2vfg4n10n9_50cz0bmvnmx80000gn/T/trio-v2-production-diagnostic-missing-wCEUoI/authority/.agents/skills/trio/safety/SKILL.md",
    "/private/var/folders/1_/m2vfg4n10n9_50cz0bmvnmx80000gn/T/trio-v2-production-diagnostic-missing-wCEUoI/authority/.agents/skills/chiefops/SKILL.md",
    "/private/var/folders/1_/m2vfg4n10n9_50cz0bmvnmx80000gn/T/trio-v2-production-diagnostic-missing-wCEUoI/authority/.agents/skills/trio/references/execution.md",
    "/private/var/folders/1_/m2vfg4n10n9_50cz0bmvnmx80000gn/T/trio-v2-production-diagnostic-missing-wCEUoI/authority/.agents/skills/trio/dev/references/methods.md",
    "/private/var/folders/1_/m2vfg4n10n9_50cz0bmvnmx80000gn/T/trio-v2-production-diagnostic-missing-wCEUoI/authority/.agents/skills/trio/dev/references/review.md",
    "/private/var/folders/1_/m2vfg4n10n9_50cz0bmvnmx80000gn/T/trio-v2-production-diagnostic-missing-wCEUoI/authority/.agents/skills/trio/dev/references/pr-feedback.md",
    "/private/var/folders/1_/m2vfg4n10n9_50cz0bmvnmx80000gn/T/trio-v2-production-diagnostic-missing-wCEUoI/authority/.agents/skills/chiefops/references/delegated-execution.md",
    "/private/var/folders/1_/m2vfg4n10n9_50cz0bmvnmx80000gn/T/trio-v2-production-diagnostic-missing-wCEUoI/authority/.agents/skills/trio/office/references/source-backed-work.md",
    "/private/var/folders/1_/m2vfg4n10n9_50cz0bmvnmx80000gn/T/trio-v2-production-diagnostic-missing-wCEUoI/authority/.agents/skills/trio/office/references/artifact-and-delivery.md"
  ],
  "conflicts": []
}
✔ production doctor and verify fail closed on a missing managed projection (429.775541ms)
{
  "runtime": "trio",
  "mode": "fresh",
  "writes": [
    "/private/var/folders/1_/m2vfg4n10n9_50cz0bmvnmx80000gn/T/trio-v2-production-diagnostic-content-drift-H4Hkfe/authority/AGENTS.md",
    "/private/var/folders/1_/m2vfg4n10n9_50cz0bmvnmx80000gn/T/trio-v2-production-diagnostic-content-drift-H4Hkfe/authority/.agents/skills/trio/SKILL.md",
    "/private/var/folders/1_/m2vfg4n10n9_50cz0bmvnmx80000gn/T/trio-v2-production-diagnostic-content-drift-H4Hkfe/authority/.agents/skills/trio/dev/SKILL.md",
    "/private/var/folders/1_/m2vfg4n10n9_50cz0bmvnmx80000gn/T/trio-v2-production-diagnostic-content-drift-H4Hkfe/authority/.agents/skills/trio/office/SKILL.md",
    "/private/var/folders/1_/m2vfg4n10n9_50cz0bmvnmx80000gn/T/trio-v2-production-diagnostic-content-drift-H4Hkfe/authority/.agents/skills/trio/safety/SKILL.md",
    "/private/var/folders/1_/m2vfg4n10n9_50cz0bmvnmx80000gn/T/trio-v2-production-diagnostic-content-drift-H4Hkfe/authority/.agents/skills/chiefops/SKILL.md",
    "/private/var/folders/1_/m2vfg4n10n9_50cz0bmvnmx80000gn/T/trio-v2-production-diagnostic-content-drift-H4Hkfe/authority/.agents/skills/trio/references/execution.md",
    "/private/var/folders/1_/m2vfg4n10n9_50cz0bmvnmx80000gn/T/trio-v2-production-diagnostic-content-drift-H4Hkfe/authority/.agents/skills/trio/dev/references/methods.md",
    "/private/var/folders/1_/m2vfg4n10n9_50cz0bmvnmx80000gn/T/trio-v2-production-diagnostic-content-drift-H4Hkfe/authority/.agents/skills/trio/dev/references/review.md",
    "/private/var/folders/1_/m2vfg4n10n9_50cz0bmvnmx80000gn/T/trio-v2-production-diagnostic-content-drift-H4Hkfe/authority/.agents/skills/trio/dev/references/pr-feedback.md",
    "/private/var/folders/1_/m2vfg4n10n9_50cz0bmvnmx80000gn/T/trio-v2-production-diagnostic-content-drift-H4Hkfe/authority/.agents/skills/chiefops/references/delegated-execution.md",
    "/private/var/folders/1_/m2vfg4n10n9_50cz0bmvnmx80000gn/T/trio-v2-production-diagnostic-content-drift-H4Hkfe/authority/.agents/skills/trio/office/references/source-backed-work.md",
    "/private/var/folders/1_/m2vfg4n10n9_50cz0bmvnmx80000gn/T/trio-v2-production-diagnostic-content-drift-H4Hkfe/authority/.agents/skills/trio/office/references/artifact-and-delivery.md"
  ],
  "conflicts": []
}
✔ production doctor and verify fail closed on user content drift (449.988125ms)
{
  "runtime": "trio",
  "mode": "fresh",
  "writes": [
    "/private/var/folders/1_/m2vfg4n10n9_50cz0bmvnmx80000gn/T/trio-v2-production-diagnostic-ownership-drift-r2j9oL/authority/AGENTS.md",
    "/private/var/folders/1_/m2vfg4n10n9_50cz0bmvnmx80000gn/T/trio-v2-production-diagnostic-ownership-drift-r2j9oL/authority/.agents/skills/trio/SKILL.md",
    "/private/var/folders/1_/m2vfg4n10n9_50cz0bmvnmx80000gn/T/trio-v2-production-diagnostic-ownership-drift-r2j9oL/authority/.agents/skills/trio/dev/SKILL.md",
    "/private/var/folders/1_/m2vfg4n10n9_50cz0bmvnmx80000gn/T/trio-v2-production-diagnostic-ownership-drift-r2j9oL/authority/.agents/skills/trio/office/SKILL.md",
    "/private/var/folders/1_/m2vfg4n10n9_50cz0bmvnmx80000gn/T/trio-v2-production-diagnostic-ownership-drift-r2j9oL/authority/.agents/skills/trio/safety/SKILL.md",
    "/private/var/folders/1_/m2vfg4n10n9_50cz0bmvnmx80000gn/T/trio-v2-production-diagnostic-ownership-drift-r2j9oL/authority/.agents/skills/chiefops/SKILL.md",
    "/private/var/folders/1_/m2vfg4n10n9_50cz0bmvnmx80000gn/T/trio-v2-production-diagnostic-ownership-drift-r2j9oL/authority/.agents/skills/trio/references/execution.md",
    "/private/var/folders/1_/m2vfg4n10n9_50cz0bmvnmx80000gn/T/trio-v2-production-diagnostic-ownership-drift-r2j9oL/authority/.agents/skills/trio/dev/references/methods.md",
    "/private/var/folders/1_/m2vfg4n10n9_50cz0bmvnmx80000gn/T/trio-v2-production-diagnostic-ownership-drift-r2j9oL/authority/.agents/skills/trio/dev/references/review.md",
    "/private/var/folders/1_/m2vfg4n10n9_50cz0bmvnmx80000gn/T/trio-v2-production-diagnostic-ownership-drift-r2j9oL/authority/.agents/skills/trio/dev/references/pr-feedback.md",
    "/private/var/folders/1_/m2vfg4n10n9_50cz0bmvnmx80000gn/T/trio-v2-production-diagnostic-ownership-drift-r2j9oL/authority/.agents/skills/chiefops/references/delegated-execution.md",
    "/private/var/folders/1_/m2vfg4n10n9_50cz0bmvnmx80000gn/T/trio-v2-production-diagnostic-ownership-drift-r2j9oL/authority/.agents/skills/trio/office/references/source-backed-work.md",
    "/private/var/folders/1_/m2vfg4n10n9_50cz0bmvnmx80000gn/T/trio-v2-production-diagnostic-ownership-drift-r2j9oL/authority/.agents/skills/trio/office/references/artifact-and-delivery.md"
  ],
  "conflicts": []
}
✔ production doctor and verify fail closed on ownership evidence drift (470.606708ms)
{
  "runtime": "trio",
  "mode": "fresh",
  "writes": [
    "/private/var/folders/1_/m2vfg4n10n9_50cz0bmvnmx80000gn/T/trio-v2-production-diagnostic-physical-gate-jRTdkA/authority/AGENTS.md",
    "/private/var/folders/1_/m2vfg4n10n9_50cz0bmvnmx80000gn/T/trio-v2-production-diagnostic-physical-gate-jRTdkA/authority/.agents/skills/trio/SKILL.md",
    "/private/var/folders/1_/m2vfg4n10n9_50cz0bmvnmx80000gn/T/trio-v2-production-diagnostic-physical-gate-jRTdkA/authority/.agents/skills/trio/dev/SKILL.md",
    "/private/var/folders/1_/m2vfg4n10n9_50cz0bmvnmx80000gn/T/trio-v2-production-diagnostic-physical-gate-jRTdkA/authority/.agents/skills/trio/office/SKILL.md",
    "/private/var/folders/1_/m2vfg4n10n9_50cz0bmvnmx80000gn/T/trio-v2-production-diagnostic-physical-gate-jRTdkA/authority/.agents/skills/trio/safety/SKILL.md",
    "/private/var/folders/1_/m2vfg4n10n9_50cz0bmvnmx80000gn/T/trio-v2-production-diagnostic-physical-gate-jRTdkA/authority/.agents/skills/chiefops/SKILL.md",
    "/private/var/folders/1_/m2vfg4n10n9_50cz0bmvnmx80000gn/T/trio-v2-production-diagnostic-physical-gate-jRTdkA/authority/.agents/skills/trio/references/execution.md",
    "/private/var/folders/1_/m2vfg4n10n9_50cz0bmvnmx80000gn/T/trio-v2-production-diagnostic-physical-gate-jRTdkA/authority/.agents/skills/trio/dev/references/methods.md",
    "/private/var/folders/1_/m2vfg4n10n9_50cz0bmvnmx80000gn/T/trio-v2-production-diagnostic-physical-gate-jRTdkA/authority/.agents/skills/trio/dev/references/review.md",
    "/private/var/folders/1_/m2vfg4n10n9_50cz0bmvnmx80000gn/T/trio-v2-production-diagnostic-physical-gate-jRTdkA/authority/.agents/skills/trio/dev/references/pr-feedback.md",
    "/private/var/folders/1_/m2vfg4n10n9_50cz0bmvnmx80000gn/T/trio-v2-production-diagnostic-physical-gate-jRTdkA/authority/.agents/skills/chiefops/references/delegated-execution.md",
    "/private/var/folders/1_/m2vfg4n10n9_50cz0bmvnmx80000gn/T/trio-v2-production-diagnostic-physical-gate-jRTdkA/authority/.agents/skills/trio/office/references/source-backed-work.md",
    "/private/var/folders/1_/m2vfg4n10n9_50cz0bmvnmx80000gn/T/trio-v2-production-diagnostic-physical-gate-jRTdkA/authority/.agents/skills/trio/office/references/artifact-and-delivery.md"
  ],
  "conflicts": []
}
✔ production doctor and verify preserve physical-gate failure for a symlinked projection (423.703125ms)
✔ Trio apply preserves a foreign create after an absent precondition and reports incomplete rollback honestly (32.229167ms)
✔ production install retains foreign V1 state injected immediately after its lock-held absent probe (243.444583ms)
✔ Trio apply consumes a thrown Core publication receipt and compensates its proven identity (84.155167ms)
✔ Trio compensation preserves a stable parent replacement encountered after a proven publication (78.0935ms)
✔ Trio apply preserves a stable real parent replacement with zero later target or state mutation (73.388542ms)
{
  "runtime": "trio",
  "mode": "upgrade",
  "writes": [
    "/private/var/folders/1_/m2vfg4n10n9_50cz0bmvnmx80000gn/T/trio-v2-production-upgrade-v1-standard-FiEGrr/home/.codex/AGENTS.md",
    "/private/var/folders/1_/m2vfg4n10n9_50cz0bmvnmx80000gn/T/trio-v2-production-upgrade-v1-standard-FiEGrr/home/.agents/skills/trio/SKILL.md",
    "/private/var/folders/1_/m2vfg4n10n9_50cz0bmvnmx80000gn/T/trio-v2-production-upgrade-v1-standard-FiEGrr/home/.agents/skills/trio/dev/SKILL.md",
    "/private/var/folders/1_/m2vfg4n10n9_50cz0bmvnmx80000gn/T/trio-v2-production-upgrade-v1-standard-FiEGrr/home/.agents/skills/trio/office/SKILL.md",
    "/private/var/folders/1_/m2vfg4n10n9_50cz0bmvnmx80000gn/T/trio-v2-production-upgrade-v1-standard-FiEGrr/home/.agents/skills/trio/safety/SKILL.md",
    "/private/var/folders/1_/m2vfg4n10n9_50cz0bmvnmx80000gn/T/trio-v2-production-upgrade-v1-standard-FiEGrr/home/.agents/skills/chiefops/SKILL.md",
    "/private/var/folders/1_/m2vfg4n10n9_50cz0bmvnmx80000gn/T/trio-v2-production-upgrade-v1-standard-FiEGrr/home/.agents/skills/trio/references/execution.md",
    "/private/var/folders/1_/m2vfg4n10n9_50cz0bmvnmx80000gn/T/trio-v2-production-upgrade-v1-standard-FiEGrr/home/.agents/skills/trio/dev/references/methods.md",
    "/private/var/folders/1_/m2vfg4n10n9_50cz0bmvnmx80000gn/T/trio-v2-production-upgrade-v1-standard-FiEGrr/home/.agents/skills/trio/dev/references/review.md",
    "/private/var/folders/1_/m2vfg4n10n9_50cz0bmvnmx80000gn/T/trio-v2-production-upgrade-v1-standard-FiEGrr/home/.agents/skills/trio/dev/references/pr-feedback.md",
    "/private/var/folders/1_/m2vfg4n10n9_50cz0bmvnmx80000gn/T/trio-v2-production-upgrade-v1-standard-FiEGrr/home/.agents/skills/chiefops/references/delegated-execution.md",
    "/private/var/folders/1_/m2vfg4n10n9_50cz0bmvnmx80000gn/T/trio-v2-production-upgrade-v1-standard-FiEGrr/home/.agents/skills/trio/office/references/source-backed-work.md",
    "/private/var/folders/1_/m2vfg4n10n9_50cz0bmvnmx80000gn/T/trio-v2-production-upgrade-v1-standard-FiEGrr/home/.agents/skills/trio/office/references/artifact-and-delivery.md"
  ],
  "conflicts": [
    {
      "targetId": "cursor",
      "surface": "entry",
      "destination": "/private/var/folders/1_/m2vfg4n10n9_50cz0bmvnmx80000gn/T/trio-v2-production-upgrade-v1-standard-FiEGrr/home/manual/cursor/entry-policy.md",
      "reason": "destination-observation-unknown"
    },
    {
      "targetId": "cursor",
      "surface": "trio",
      "destination": "/private/var/folders/1_/m2vfg4n10n9_50cz0bmvnmx80000gn/T/trio-v2-production-upgrade-v1-standard-FiEGrr/home/manual/cursor/skills/trio/SKILL.md",
      "reason": "destination-observation-unknown"
    },
    {
      "targetId": "cursor",
      "surface": "dev",
      "destination": "/private/var/folders/1_/m2vfg4n10n9_50cz0bmvnmx80000gn/T/trio-v2-production-upgrade-v1-standard-FiEGrr/home/manual/cursor/skills/trio/dev/SKILL.md",
      "reason": "destination-observation-unknown"
    },
    {
      "targetId": "cursor",
      "surface": "office",
      "destination": "/private/var/folders/1_/m2vfg4n10n9_50cz0bmvnmx80000gn/T/trio-v2-production-upgrade-v1-standard-FiEGrr/home/manual/cursor/skills/trio/office/SKILL.md",
      "reason": "destination-observation-unknown"
    },
    {
      "targetId": "cursor",
      "surface": "safety",
      "destination": "/private/var/folders/1_/m2vfg4n10n9_50cz0bmvnmx80000gn/T/trio-v2-production-upgrade-v1-standard-FiEGrr/home/manual/cursor/skills/trio/safety/SKILL.md",
      "reason": "destination-observation-unknown"
    },
    {
      "targetId": "cursor",
      "surface": "chiefops",
      "destination": "/private/var/folders/1_/m2vfg4n10n9_50cz0bmvnmx80000gn/T/trio-v2-production-upgrade-v1-standard-FiEGrr/home/manual/cursor/skills/chiefops/SKILL.md",
      "reason": "destination-observation-unknown"
    },
    {
      "targetId": "cursor",
      "surface": "trio/references/execution.md",
      "destination": "/private/var/folders/1_/m2vfg4n10n9_50cz0bmvnmx80000gn/T/trio-v2-production-upgrade-v1-standard-FiEGrr/home/manual/cursor/skills/trio/references/execution.md",
      "reason": "destination-observation-unknown"
    },
    {
      "targetId": "cursor",
      "surface": "dev/references/methods.md",
      "destination": "/private/var/folders/1_/m2vfg4n10n9_50cz0bmvnmx80000gn/T/trio-v2-production-upgrade-v1-standard-FiEGrr/home/manual/cursor/skills/trio/dev/references/methods.md",
      "reason": "destination-observation-unknown"
    },
    {
      "targetId": "cursor",
      "surface": "dev/references/review.md",
      "destination": "/private/var/folders/1_/m2vfg4n10n9_50cz0bmvnmx80000gn/T/trio-v2-production-upgrade-v1-standard-FiEGrr/home/manual/cursor/skills/trio/dev/references/review.md",
      "reason": "destination-observation-unknown"
    },
    {
      "targetId": "cursor",
      "surface": "dev/references/pr-feedback.md",
      "destination": "/private/var/folders/1_/m2vfg4n10n9_50cz0bmvnmx80000gn/T/trio-v2-production-upgrade-v1-standard-FiEGrr/home/manual/cursor/skills/trio/dev/references/pr-feedback.md",
      "reason": "destination-observation-unknown"
    },
    {
      "targetId": "cursor",
      "surface": "chiefops/references/delegated-execution.md",
      "destination": "/private/var/folders/1_/m2vfg4n10n9_50cz0bmvnmx80000gn/T/trio-v2-production-upgrade-v1-standard-FiEGrr/home/manual/cursor/skills/chiefops/references/delegated-execution.md",
      "reason": "destination-observation-unknown"
    },
    {
      "targetId": "cursor",
      "surface": "office/references/source-backed-work.md",
      "destination": "/private/var/folders/1_/m2vfg4n10n9_50cz0bmvnmx80000gn/T/trio-v2-production-upgrade-v1-standard-FiEGrr/home/manual/cursor/skills/trio/office/references/source-backed-work.md",
      "reason": "destination-observation-unknown"
    },
    {
      "targetId": "cursor",
      "surface": "office/references/artifact-and-delivery.md",
      "destination": "/private/var/folders/1_/m2vfg4n10n9_50cz0bmvnmx80000gn/T/trio-v2-production-upgrade-v1-standard-FiEGrr/home/manual/cursor/skills/trio/office/references/artifact-and-delivery.md",
      "reason": "destination-observation-unknown"
    }
  ]
}
{
  "schemaVersion": 2,
  "runtime": "trio",
  "mode": "dry-run",
  "descriptors": [
    {
      "targetId": "codex",
      "surface": "entry",
      "destination": "/private/var/folders/1_/m2vfg4n10n9_50cz0bmvnmx80000gn/T/trio-v2-production-upgrade-v1-standard-FiEGrr/home/.codex/AGENTS.md",
      "action": "update",
      "execution": "managed",
      "conflict": false
    },
    {
      "targetId": "codex",
      "surface": "trio",
      "destination": "/private/var/folders/1_/m2vfg4n10n9_50cz0bmvnmx80000gn/T/trio-v2-production-upgrade-v1-standard-FiEGrr/home/.agents/skills/trio/SKILL.md",
      "action": "update",
      "execution": "managed",
      "conflict": false
    },
    {
      "targetId": "codex",
      "surface": "dev",
      "destination": "/private/var/folders/1_/m2vfg4n10n9_50cz0bmvnmx80000gn/T/trio-v2-production-upgrade-v1-standard-FiEGrr/home/.agents/skills/trio/dev/SKILL.md",
      "action": "update",
      "execution": "managed",
      "conflict": false
    },
    {
      "targetId": "codex",
      "surface": "office",
      "destination": "/private/var/folders/1_/m2vfg4n10n9_50cz0bmvnmx80000gn/T/trio-v2-production-upgrade-v1-standard-FiEGrr/home/.agents/skills/trio/office/SKILL.md",
      "action": "update",
      "execution": "managed",
      "conflict": false
    },
    {
      "targetId": "codex",
      "surface": "safety",
      "destination": "/private/var/folders/1_/m2vfg4n10n9_50cz0bmvnmx80000gn/T/trio-v2-production-upgrade-v1-standard-FiEGrr/home/.agents/skills/trio/safety/SKILL.md",
      "action": "update",
      "execution": "managed",
      "conflict": false
    },
    {
      "targetId": "codex",
      "surface": "chiefops",
      "destination": "/private/var/folders/1_/m2vfg4n10n9_50cz0bmvnmx80000gn/T/trio-v2-production-upgrade-v1-standard-FiEGrr/home/.agents/skills/chiefops/SKILL.md",
      "action": "update",
      "execution": "managed",
      "conflict": false
    },
    {
      "targetId": "codex",
      "surface": "trio/references/execution.md",
      "destination": "/private/var/folders/1_/m2vfg4n10n9_50cz0bmvnmx80000gn/T/trio-v2-production-upgrade-v1-standard-FiEGrr/home/.agents/skills/trio/references/execution.md",
      "action": "update",
      "execution": "managed",
      "conflict": false
    },
    {
      "targetId": "codex",
      "surface": "dev/references/methods.md",
      "destination": "/private/var/folders/1_/m2vfg4n10n9_50cz0bmvnmx80000gn/T/trio-v2-production-upgrade-v1-standard-FiEGrr/home/.agents/skills/trio/dev/references/methods.md",
      "action": "update",
      "execution": "managed",
      "conflict": false
    },
    {
      "targetId": "codex",
      "surface": "dev/references/review.md",
      "destination": "/private/var/folders/1_/m2vfg4n10n9_50cz0bmvnmx80000gn/T/trio-v2-production-upgrade-v1-standard-FiEGrr/home/.agents/skills/trio/dev/references/review.md",
      "action": "update",
      "execution": "managed",
      "conflict": false
    },
    {
      "targetId": "codex",
      "surface": "dev/references/pr-feedback.md",
      "destination": "/private/var/folders/1_/m2vfg4n10n9_50cz0bmvnmx80000gn/T/trio-v2-production-upgrade-v1-standard-FiEGrr/home/.agents/skills/trio/dev/references/pr-feedback.md",
      "action": "update",
      "execution": "managed",
      "conflict": false
    },
    {
      "targetId": "codex",
      "surface": "chiefops/references/delegated-execution.md",
      "destination": "/private/var/folders/1_/m2vfg4n10n9_50cz0bmvnmx80000gn/T/trio-v2-production-upgrade-v1-standard-FiEGrr/home/.agents/skills/chiefops/references/delegated-execution.md",
      "action": "update",
      "execution": "managed",
      "conflict": false
    },
    {
      "targetId": "codex",
      "surface": "office/references/source-backed-work.md",
      "destination": "/private/var/folders/1_/m2vfg4n10n9_50cz0bmvnmx80000gn/T/trio-v2-production-upgrade-v1-standard-FiEGrr/home/.agents/skills/trio/office/references/source-backed-work.md",
      "action": "update",
      "execution": "managed",
      "conflict": false
    },
    {
      "targetId": "codex",
      "surface": "office/references/artifact-and-delivery.md",
      "destination": "/private/var/folders/1_/m2vfg4n10n9_50cz0bmvnmx80000gn/T/trio-v2-production-upgrade-v1-standard-FiEGrr/home/.agents/skills/trio/office/references/artifact-and-delivery.md",
      "action": "update",
      "execution": "managed",
      "conflict": false
    },
    {
      "targetId": "cursor",
      "surface": "entry",
      "destination": "/private/var/folders/1_/m2vfg4n10n9_50cz0bmvnmx80000gn/T/trio-v2-production-upgrade-v1-standard-FiEGrr/home/manual/cursor/entry-policy.md",
      "action": "preserve",
      "execution": "manual",
      "conflict": true
    },
    {
      "targetId": "cursor",
      "surface": "trio",
      "destination": "/private/var/folders/1_/m2vfg4n10n9_50cz0bmvnmx80000gn/T/trio-v2-production-upgrade-v1-standard-FiEGrr/home/manual/cursor/skills/trio/SKILL.md",
      "action": "preserve",
      "execution": "manual",
      "conflict": true
    },
    {
      "targetId": "cursor",
      "surface": "dev",
      "destination": "/private/var/folders/1_/m2vfg4n10n9_50cz0bmvnmx80000gn/T/trio-v2-production-upgrade-v1-standard-FiEGrr/home/manual/cursor/skills/trio/dev/SKILL.md",
      "action": "preserve",
      "execution": "manual",
      "conflict": true
    },
    {
      "targetId": "cursor",
      "surface": "office",
      "destination": "/private/var/folders/1_/m2vfg4n10n9_50cz0bmvnmx80000gn/T/trio-v2-production-upgrade-v1-standard-FiEGrr/home/manual/cursor/skills/trio/office/SKILL.md",
      "action": "preserve",
      "execution": "manual",
      "conflict": true
    },
    {
      "targetId": "cursor",
      "surface": "safety",
      "destination": "/private/var/folders/1_/m2vfg4n10n9_50cz0bmvnmx80000gn/T/trio-v2-production-upgrade-v1-standard-FiEGrr/home/manual/cursor/skills/trio/safety/SKILL.md",
      "action": "preserve",
      "execution": "manual",
      "conflict": true
    },
    {
      "targetId": "cursor",
      "surface": "chiefops",
      "destination": "/private/var/folders/1_/m2vfg4n10n9_50cz0bmvnmx80000gn/T/trio-v2-production-upgrade-v1-standard-FiEGrr/home/manual/cursor/skills/chiefops/SKILL.md",
      "action": "preserve",
      "execution": "manual",
      "conflict": true
    },
    {
      "targetId": "cursor",
      "surface": "trio/references/execution.md",
      "destination": "/private/var/folders/1_/m2vfg4n10n9_50cz0bmvnmx80000gn/T/trio-v2-production-upgrade-v1-standard-FiEGrr/home/manual/cursor/skills/trio/references/execution.md",
      "action": "preserve",
      "execution": "manual",
      "conflict": true
    },
    {
      "targetId": "cursor",
      "surface": "dev/references/methods.md",
      "destination": "/private/var/folders/1_/m2vfg4n10n9_50cz0bmvnmx80000gn/T/trio-v2-production-upgrade-v1-standard-FiEGrr/home/manual/cursor/skills/trio/dev/references/methods.md",
      "action": "preserve",
      "execution": "manual",
      "conflict": true
    },
    {
      "targetId": "cursor",
      "surface": "dev/references/review.md",
      "destination": "/private/var/folders/1_/m2vfg4n10n9_50cz0bmvnmx80000gn/T/trio-v2-production-upgrade-v1-standard-FiEGrr/home/manual/cursor/skills/trio/dev/references/review.md",
      "action": "preserve",
      "execution": "manual",
      "conflict": true
    },
    {
      "targetId": "cursor",
      "surface": "dev/references/pr-feedback.md",
      "destination": "/private/var/folders/1_/m2vfg4n10n9_50cz0bmvnmx80000gn/T/trio-v2-production-upgrade-v1-standard-FiEGrr/home/manual/cursor/skills/trio/dev/references/pr-feedback.md",
      "action": "preserve",
      "execution": "manual",
      "conflict": true
    },
    {
      "targetId": "cursor",
      "surface": "chiefops/references/delegated-execution.md",
      "destination": "/private/var/folders/1_/m2vfg4n10n9_50cz0bmvnmx80000gn/T/trio-v2-production-upgrade-v1-standard-FiEGrr/home/manual/cursor/skills/chiefops/references/delegated-execution.md",
      "action": "preserve",
      "execution": "manual",
      "conflict": true
    },
    {
      "targetId": "cursor",
      "surface": "office/references/source-backed-work.md",
      "destination": "/private/var/folders/1_/m2vfg4n10n9_50cz0bmvnmx80000gn/T/trio-v2-production-upgrade-v1-standard-FiEGrr/home/manual/cursor/skills/trio/office/references/source-backed-work.md",
      "action": "preserve",
      "execution": "manual",
      "conflict": true
    },
    {
      "targetId": "cursor",
      "surface": "office/references/artifact-and-delivery.md",
      "destination": "/private/var/folders/1_/m2vfg4n10n9_50cz0bmvnmx80000gn/T/trio-v2-production-upgrade-v1-standard-FiEGrr/home/manual/cursor/skills/trio/office/references/artifact-and-delivery.md",
      "action": "preserve",
      "execution": "manual",
      "conflict": true
    }
  ],
  "conflicts": [
    {
      "targetId": "cursor",
      "surface": "entry",
      "destination": "/private/var/folders/1_/m2vfg4n10n9_50cz0bmvnmx80000gn/T/trio-v2-production-upgrade-v1-standard-FiEGrr/home/manual/cursor/entry-policy.md",
      "reason": "destination-observation-unknown"
    },
    {
      "targetId": "cursor",
      "surface": "trio",
      "destination": "/private/var/folders/1_/m2vfg4n10n9_50cz0bmvnmx80000gn/T/trio-v2-production-upgrade-v1-standard-FiEGrr/home/manual/cursor/skills/trio/SKILL.md",
      "reason": "destination-observation-unknown"
    },
    {
      "targetId": "cursor",
      "surface": "dev",
      "destination": "/private/var/folders/1_/m2vfg4n10n9_50cz0bmvnmx80000gn/T/trio-v2-production-upgrade-v1-standard-FiEGrr/home/manual/cursor/skills/trio/dev/SKILL.md",
      "reason": "destination-observation-unknown"
    },
    {
      "targetId": "cursor",
      "surface": "office",
      "destination": "/private/var/folders/1_/m2vfg4n10n9_50cz0bmvnmx80000gn/T/trio-v2-production-upgrade-v1-standard-FiEGrr/home/manual/cursor/skills/trio/office/SKILL.md",
      "reason": "destination-observation-unknown"
    },
    {
      "targetId": "cursor",
      "surface": "safety",
      "destination": "/private/var/folders/1_/m2vfg4n10n9_50cz0bmvnmx80000gn/T/trio-v2-production-upgrade-v1-standard-FiEGrr/home/manual/cursor/skills/trio/safety/SKILL.md",
      "reason": "destination-observation-unknown"
    },
    {
      "targetId": "cursor",
      "surface": "chiefops",
      "destination": "/private/var/folders/1_/m2vfg4n10n9_50cz0bmvnmx80000gn/T/trio-v2-production-upgrade-v1-standard-FiEGrr/home/manual/cursor/skills/chiefops/SKILL.md",
      "reason": "destination-observation-unknown"
    },
    {
      "targetId": "cursor",
      "surface": "trio/references/execution.md",
      "destination": "/private/var/folders/1_/m2vfg4n10n9_50cz0bmvnmx80000gn/T/trio-v2-production-upgrade-v1-standard-FiEGrr/home/manual/cursor/skills/trio/references/execution.md",
      "reason": "destination-observation-unknown"
    },
    {
      "targetId": "cursor",
      "surface": "dev/references/methods.md",
      "destination": "/private/var/folders/1_/m2vfg4n10n9_50cz0bmvnmx80000gn/T/trio-v2-production-upgrade-v1-standard-FiEGrr/home/manual/cursor/skills/trio/dev/references/methods.md",
      "reason": "destination-observation-unknown"
    },
    {
      "targetId": "cursor",
      "surface": "dev/references/review.md",
      "destination": "/private/var/folders/1_/m2vfg4n10n9_50cz0bmvnmx80000gn/T/trio-v2-production-upgrade-v1-standard-FiEGrr/home/manual/cursor/skills/trio/dev/references/review.md",
      "reason": "destination-observation-unknown"
    },
    {
      "targetId": "cursor",
      "surface": "dev/references/pr-feedback.md",
      "destination": "/private/var/folders/1_/m2vfg4n10n9_50cz0bmvnmx80000gn/T/trio-v2-production-upgrade-v1-standard-FiEGrr/home/manual/cursor/skills/trio/dev/references/pr-feedback.md",
      "reason": "destination-observation-unknown"
    },
    {
      "targetId": "cursor",
      "surface": "chiefops/references/delegated-execution.md",
      "destination": "/private/var/folders/1_/m2vfg4n10n9_50cz0bmvnmx80000gn/T/trio-v2-production-upgrade-v1-standard-FiEGrr/home/manual/cursor/skills/chiefops/references/delegated-execution.md",
      "reason": "destination-observation-unknown"
    },
    {
      "targetId": "cursor",
      "surface": "office/references/source-backed-work.md",
      "destination": "/private/var/folders/1_/m2vfg4n10n9_50cz0bmvnmx80000gn/T/trio-v2-production-upgrade-v1-standard-FiEGrr/home/manual/cursor/skills/trio/office/references/source-backed-work.md",
      "reason": "destination-observation-unknown"
    },
    {
      "targetId": "cursor",
      "surface": "office/references/artifact-and-delivery.md",
      "destination": "/private/var/folders/1_/m2vfg4n10n9_50cz0bmvnmx80000gn/T/trio-v2-production-upgrade-v1-standard-FiEGrr/home/manual/cursor/skills/trio/office/references/artifact-and-delivery.md",
      "reason": "destination-observation-unknown"
    }
  ]
}
{
  "schemaVersion": 2,
  "runtime": "trio",
  "mode": "check",
  "descriptors": [
    {
      "targetId": "codex",
      "surface": "entry",
      "destination": "/private/var/folders/1_/m2vfg4n10n9_50cz0bmvnmx80000gn/T/trio-v2-production-upgrade-v1-standard-FiEGrr/home/.codex/AGENTS.md",
      "action": "update",
      "execution": "managed",
      "conflict": false
    },
    {
      "targetId": "codex",
      "surface": "trio",
      "destination": "/private/var/folders/1_/m2vfg4n10n9_50cz0bmvnmx80000gn/T/trio-v2-production-upgrade-v1-standard-FiEGrr/home/.agents/skills/trio/SKILL.md",
      "action": "update",
      "execution": "managed",
      "conflict": false
    },
    {
      "targetId": "codex",
      "surface": "dev",
      "destination": "/private/var/folders/1_/m2vfg4n10n9_50cz0bmvnmx80000gn/T/trio-v2-production-upgrade-v1-standard-FiEGrr/home/.agents/skills/trio/dev/SKILL.md",
      "action": "update",
      "execution": "managed",
      "conflict": false
    },
    {
      "targetId": "codex",
      "surface": "office",
      "destination": "/private/var/folders/1_/m2vfg4n10n9_50cz0bmvnmx80000gn/T/trio-v2-production-upgrade-v1-standard-FiEGrr/home/.agents/skills/trio/office/SKILL.md",
      "action": "update",
      "execution": "managed",
      "conflict": false
    },
    {
      "targetId": "codex",
      "surface": "safety",
      "destination": "/private/var/folders/1_/m2vfg4n10n9_50cz0bmvnmx80000gn/T/trio-v2-production-upgrade-v1-standard-FiEGrr/home/.agents/skills/trio/safety/SKILL.md",
      "action": "update",
      "execution": "managed",
      "conflict": false
    },
    {
      "targetId": "codex",
      "surface": "chiefops",
      "destination": "/private/var/folders/1_/m2vfg4n10n9_50cz0bmvnmx80000gn/T/trio-v2-production-upgrade-v1-standard-FiEGrr/home/.agents/skills/chiefops/SKILL.md",
      "action": "update",
      "execution": "managed",
      "conflict": false
    },
    {
      "targetId": "codex",
      "surface": "trio/references/execution.md",
      "destination": "/private/var/folders/1_/m2vfg4n10n9_50cz0bmvnmx80000gn/T/trio-v2-production-upgrade-v1-standard-FiEGrr/home/.agents/skills/trio/references/execution.md",
      "action": "update",
      "execution": "managed",
      "conflict": false
    },
    {
      "targetId": "codex",
      "surface": "dev/references/methods.md",
      "destination": "/private/var/folders/1_/m2vfg4n10n9_50cz0bmvnmx80000gn/T/trio-v2-production-upgrade-v1-standard-FiEGrr/home/.agents/skills/trio/dev/references/methods.md",
      "action": "update",
      "execution": "managed",
      "conflict": false
    },
    {
      "targetId": "codex",
      "surface": "dev/references/review.md",
      "destination": "/private/var/folders/1_/m2vfg4n10n9_50cz0bmvnmx80000gn/T/trio-v2-production-upgrade-v1-standard-FiEGrr/home/.agents/skills/trio/dev/references/review.md",
      "action": "update",
      "execution": "managed",
      "conflict": false
    },
    {
      "targetId": "codex",
      "surface": "dev/references/pr-feedback.md",
      "destination": "/private/var/folders/1_/m2vfg4n10n9_50cz0bmvnmx80000gn/T/trio-v2-production-upgrade-v1-standard-FiEGrr/home/.agents/skills/trio/dev/references/pr-feedback.md",
      "action": "update",
      "execution": "managed",
      "conflict": false
    },
    {
      "targetId": "codex",
      "surface": "chiefops/references/delegated-execution.md",
      "destination": "/private/var/folders/1_/m2vfg4n10n9_50cz0bmvnmx80000gn/T/trio-v2-production-upgrade-v1-standard-FiEGrr/home/.agents/skills/chiefops/references/delegated-execution.md",
      "action": "update",
      "execution": "managed",
      "conflict": false
    },
    {
      "targetId": "codex",
      "surface": "office/references/source-backed-work.md",
      "destination": "/private/var/folders/1_/m2vfg4n10n9_50cz0bmvnmx80000gn/T/trio-v2-production-upgrade-v1-standard-FiEGrr/home/.agents/skills/trio/office/references/source-backed-work.md",
      "action": "update",
      "execution": "managed",
      "conflict": false
    },
    {
      "targetId": "codex",
      "surface": "office/references/artifact-and-delivery.md",
      "destination": "/private/var/folders/1_/m2vfg4n10n9_50cz0bmvnmx80000gn/T/trio-v2-production-upgrade-v1-standard-FiEGrr/home/.agents/skills/trio/office/references/artifact-and-delivery.md",
      "action": "update",
      "execution": "managed",
      "conflict": false
    },
    {
      "targetId": "cursor",
      "surface": "entry",
      "destination": "/private/var/folders/1_/m2vfg4n10n9_50cz0bmvnmx80000gn/T/trio-v2-production-upgrade-v1-standard-FiEGrr/home/manual/cursor/entry-policy.md",
      "action": "preserve",
      "execution": "manual",
      "conflict": true
    },
    {
      "targetId": "cursor",
      "surface": "trio",
      "destination": "/private/var/folders/1_/m2vfg4n10n9_50cz0bmvnmx80000gn/T/trio-v2-production-upgrade-v1-standard-FiEGrr/home/manual/cursor/skills/trio/SKILL.md",
      "action": "preserve",
      "execution": "manual",
      "conflict": true
    },
    {
      "targetId": "cursor",
      "surface": "dev",
      "destination": "/private/var/folders/1_/m2vfg4n10n9_50cz0bmvnmx80000gn/T/trio-v2-production-upgrade-v1-standard-FiEGrr/home/manual/cursor/skills/trio/dev/SKILL.md",
      "action": "preserve",
      "execution": "manual",
      "conflict": true
    },
    {
      "targetId": "cursor",
      "surface": "office",
      "destination": "/private/var/folders/1_/m2vfg4n10n9_50cz0bmvnmx80000gn/T/trio-v2-production-upgrade-v1-standard-FiEGrr/home/manual/cursor/skills/trio/office/SKILL.md",
      "action": "preserve",
      "execution": "manual",
      "conflict": true
    },
    {
      "targetId": "cursor",
      "surface": "safety",
      "destination": "/private/var/folders/1_/m2vfg4n10n9_50cz0bmvnmx80000gn/T/trio-v2-production-upgrade-v1-standard-FiEGrr/home/manual/cursor/skills/trio/safety/SKILL.md",
      "action": "preserve",
      "execution": "manual",
      "conflict": true
    },
    {
      "targetId": "cursor",
      "surface": "chiefops",
      "destination": "/private/var/folders/1_/m2vfg4n10n9_50cz0bmvnmx80000gn/T/trio-v2-production-upgrade-v1-standard-FiEGrr/home/manual/cursor/skills/chiefops/SKILL.md",
      "action": "preserve",
      "execution": "manual",
      "conflict": true
    },
    {
      "targetId": "cursor",
      "surface": "trio/references/execution.md",
      "destination": "/private/var/folders/1_/m2vfg4n10n9_50cz0bmvnmx80000gn/T/trio-v2-production-upgrade-v1-standard-FiEGrr/home/manual/cursor/skills/trio/references/execution.md",
      "action": "preserve",
      "execution": "manual",
      "conflict": true
    },
    {
      "targetId": "cursor",
      "surface": "dev/references/methods.md",
      "destination": "/private/var/folders/1_/m2vfg4n10n9_50cz0bmvnmx80000gn/T/trio-v2-production-upgrade-v1-standard-FiEGrr/home/manual/cursor/skills/trio/dev/references/methods.md",
      "action": "preserve",
      "execution": "manual",
      "conflict": true
    },
    {
      "targetId": "cursor",
      "surface": "dev/references/review.md",
      "destination": "/private/var/folders/1_/m2vfg4n10n9_50cz0bmvnmx80000gn/T/trio-v2-production-upgrade-v1-standard-FiEGrr/home/manual/cursor/skills/trio/dev/references/review.md",
      "action": "preserve",
      "execution": "manual",
      "conflict": true
    },
    {
      "targetId": "cursor",
      "surface": "dev/references/pr-feedback.md",
      "destination": "/private/var/folders/1_/m2vfg4n10n9_50cz0bmvnmx80000gn/T/trio-v2-production-upgrade-v1-standard-FiEGrr/home/manual/cursor/skills/trio/dev/references/pr-feedback.md",
      "action": "preserve",
      "execution": "manual",
      "conflict": true
    },
    {
      "targetId": "cursor",
      "surface": "chiefops/references/delegated-execution.md",
      "destination": "/private/var/folders/1_/m2vfg4n10n9_50cz0bmvnmx80000gn/T/trio-v2-production-upgrade-v1-standard-FiEGrr/home/manual/cursor/skills/chiefops/references/delegated-execution.md",
      "action": "preserve",
      "execution": "manual",
      "conflict": true
    },
    {
      "targetId": "cursor",
      "surface": "office/references/source-backed-work.md",
      "destination": "/private/var/folders/1_/m2vfg4n10n9_50cz0bmvnmx80000gn/T/trio-v2-production-upgrade-v1-standard-FiEGrr/home/manual/cursor/skills/trio/office/references/source-backed-work.md",
      "action": "preserve",
      "execution": "manual",
      "conflict": true
    },
    {
      "targetId": "cursor",
      "surface": "office/references/artifact-and-delivery.md",
      "destination": "/private/var/folders/1_/m2vfg4n10n9_50cz0bmvnmx80000gn/T/trio-v2-production-upgrade-v1-standard-FiEGrr/home/manual/cursor/skills/trio/office/references/artifact-and-delivery.md",
      "action": "preserve",
      "execution": "manual",
      "conflict": true
    }
  ],
  "conflicts": [
    {
      "targetId": "cursor",
      "surface": "entry",
      "destination": "/private/var/folders/1_/m2vfg4n10n9_50cz0bmvnmx80000gn/T/trio-v2-production-upgrade-v1-standard-FiEGrr/home/manual/cursor/entry-policy.md",
      "reason": "destination-observation-unknown"
    },
    {
      "targetId": "cursor",
      "surface": "trio",
      "destination": "/private/var/folders/1_/m2vfg4n10n9_50cz0bmvnmx80000gn/T/trio-v2-production-upgrade-v1-standard-FiEGrr/home/manual/cursor/skills/trio/SKILL.md",
      "reason": "destination-observation-unknown"
    },
    {
      "targetId": "cursor",
      "surface": "dev",
      "destination": "/private/var/folders/1_/m2vfg4n10n9_50cz0bmvnmx80000gn/T/trio-v2-production-upgrade-v1-standard-FiEGrr/home/manual/cursor/skills/trio/dev/SKILL.md",
      "reason": "destination-observation-unknown"
    },
    {
      "targetId": "cursor",
      "surface": "office",
      "destination": "/private/var/folders/1_/m2vfg4n10n9_50cz0bmvnmx80000gn/T/trio-v2-production-upgrade-v1-standard-FiEGrr/home/manual/cursor/skills/trio/office/SKILL.md",
      "reason": "destination-observation-unknown"
    },
    {
      "targetId": "cursor",
      "surface": "safety",
      "destination": "/private/var/folders/1_/m2vfg4n10n9_50cz0bmvnmx80000gn/T/trio-v2-production-upgrade-v1-standard-FiEGrr/home/manual/cursor/skills/trio/safety/SKILL.md",
      "reason": "destination-observation-unknown"
    },
    {
      "targetId": "cursor",
      "surface": "chiefops",
      "destination": "/private/var/folders/1_/m2vfg4n10n9_50cz0bmvnmx80000gn/T/trio-v2-production-upgrade-v1-standard-FiEGrr/home/manual/cursor/skills/chiefops/SKILL.md",
      "reason": "destination-observation-unknown"
    },
    {
      "targetId": "cursor",
      "surface": "trio/references/execution.md",
      "destination": "/private/var/folders/1_/m2vfg4n10n9_50cz0bmvnmx80000gn/T/trio-v2-production-upgrade-v1-standard-FiEGrr/home/manual/cursor/skills/trio/references/execution.md",
      "reason": "destination-observation-unknown"
    },
    {
      "targetId": "cursor",
      "surface": "dev/references/methods.md",
      "destination": "/private/var/folders/1_/m2vfg4n10n9_50cz0bmvnmx80000gn/T/trio-v2-production-upgrade-v1-standard-FiEGrr/home/manual/cursor/skills/trio/dev/references/methods.md",
      "reason": "destination-observation-unknown"
    },
    {
      "targetId": "cursor",
      "surface": "dev/references/review.md",
      "destination": "/private/var/folders/1_/m2vfg4n10n9_50cz0bmvnmx80000gn/T/trio-v2-production-upgrade-v1-standard-FiEGrr/home/manual/cursor/skills/trio/dev/references/review.md",
      "reason": "destination-observation-unknown"
    },
    {
      "targetId": "cursor",
      "surface": "dev/references/pr-feedback.md",
      "destination": "/private/var/folders/1_/m2vfg4n10n9_50cz0bmvnmx80000gn/T/trio-v2-production-upgrade-v1-standard-FiEGrr/home/manual/cursor/skills/trio/dev/references/pr-feedback.md",
      "reason": "destination-observation-unknown"
    },
    {
      "targetId": "cursor",
      "surface": "chiefops/references/delegated-execution.md",
      "destination": "/private/var/folders/1_/m2vfg4n10n9_50cz0bmvnmx80000gn/T/trio-v2-production-upgrade-v1-standard-FiEGrr/home/manual/cursor/skills/chiefops/references/delegated-execution.md",
      "reason": "destination-observation-unknown"
    },
    {
      "targetId": "cursor",
      "surface": "office/references/source-backed-work.md",
      "destination": "/private/var/folders/1_/m2vfg4n10n9_50cz0bmvnmx80000gn/T/trio-v2-production-upgrade-v1-standard-FiEGrr/home/manual/cursor/skills/trio/office/references/source-backed-work.md",
      "reason": "destination-observation-unknown"
    },
    {
      "targetId": "cursor",
      "surface": "office/references/artifact-and-delivery.md",
      "destination": "/private/var/folders/1_/m2vfg4n10n9_50cz0bmvnmx80000gn/T/trio-v2-production-upgrade-v1-standard-FiEGrr/home/manual/cursor/skills/trio/office/references/artifact-and-delivery.md",
      "reason": "destination-observation-unknown"
    }
  ]
}
{
  "schemaVersion": 2,
  "runtime": "trio",
  "mode": "apply",
  "descriptors": [
    {
      "targetId": "codex",
      "surface": "entry",
      "destination": "/private/var/folders/1_/m2vfg4n10n9_50cz0bmvnmx80000gn/T/trio-v2-production-upgrade-v1-standard-FiEGrr/home/.codex/AGENTS.md",
      "action": "update",
      "execution": "managed",
      "conflict": false
    },
    {
      "targetId": "codex",
      "surface": "trio",
      "destination": "/private/var/folders/1_/m2vfg4n10n9_50cz0bmvnmx80000gn/T/trio-v2-production-upgrade-v1-standard-FiEGrr/home/.agents/skills/trio/SKILL.md",
      "action": "update",
      "execution": "managed",
      "conflict": false
    },
    {
      "targetId": "codex",
      "surface": "dev",
      "destination": "/private/var/folders/1_/m2vfg4n10n9_50cz0bmvnmx80000gn/T/trio-v2-production-upgrade-v1-standard-FiEGrr/home/.agents/skills/trio/dev/SKILL.md",
      "action": "update",
      "execution": "managed",
      "conflict": false
    },
    {
      "targetId": "codex",
      "surface": "office",
      "destination": "/private/var/folders/1_/m2vfg4n10n9_50cz0bmvnmx80000gn/T/trio-v2-production-upgrade-v1-standard-FiEGrr/home/.agents/skills/trio/office/SKILL.md",
      "action": "update",
      "execution": "managed",
      "conflict": false
    },
    {
      "targetId": "codex",
      "surface": "safety",
      "destination": "/private/var/folders/1_/m2vfg4n10n9_50cz0bmvnmx80000gn/T/trio-v2-production-upgrade-v1-standard-FiEGrr/home/.agents/skills/trio/safety/SKILL.md",
      "action": "update",
      "execution": "managed",
      "conflict": false
    },
    {
      "targetId": "codex",
      "surface": "chiefops",
      "destination": "/private/var/folders/1_/m2vfg4n10n9_50cz0bmvnmx80000gn/T/trio-v2-production-upgrade-v1-standard-FiEGrr/home/.agents/skills/chiefops/SKILL.md",
      "action": "update",
      "execution": "managed",
      "conflict": false
    },
    {
      "targetId": "codex",
      "surface": "trio/references/execution.md",
      "destination": "/private/var/folders/1_/m2vfg4n10n9_50cz0bmvnmx80000gn/T/trio-v2-production-upgrade-v1-standard-FiEGrr/home/.agents/skills/trio/references/execution.md",
      "action": "update",
      "execution": "managed",
      "conflict": false
    },
    {
      "targetId": "codex",
      "surface": "dev/references/methods.md",
      "destination": "/private/var/folders/1_/m2vfg4n10n9_50cz0bmvnmx80000gn/T/trio-v2-production-upgrade-v1-standard-FiEGrr/home/.agents/skills/trio/dev/references/methods.md",
      "action": "update",
      "execution": "managed",
      "conflict": false
    },
    {
      "targetId": "codex",
      "surface": "dev/references/review.md",
      "destination": "/private/var/folders/1_/m2vfg4n10n9_50cz0bmvnmx80000gn/T/trio-v2-production-upgrade-v1-standard-FiEGrr/home/.agents/skills/trio/dev/references/review.md",
      "action": "update",
      "execution": "managed",
      "conflict": false
    },
    {
      "targetId": "codex",
      "surface": "dev/references/pr-feedback.md",
      "destination": "/private/var/folders/1_/m2vfg4n10n9_50cz0bmvnmx80000gn/T/trio-v2-production-upgrade-v1-standard-FiEGrr/home/.agents/skills/trio/dev/references/pr-feedback.md",
      "action": "update",
      "execution": "managed",
      "conflict": false
    },
    {
      "targetId": "codex",
      "surface": "chiefops/references/delegated-execution.md",
      "destination": "/private/var/folders/1_/m2vfg4n10n9_50cz0bmvnmx80000gn/T/trio-v2-production-upgrade-v1-standard-FiEGrr/home/.agents/skills/chiefops/references/delegated-execution.md",
      "action": "update",
      "execution": "managed",
      "conflict": false
    },
    {
      "targetId": "codex",
      "surface": "office/references/source-backed-work.md",
      "destination": "/private/var/folders/1_/m2vfg4n10n9_50cz0bmvnmx80000gn/T/trio-v2-production-upgrade-v1-standard-FiEGrr/home/.agents/skills/trio/office/references/source-backed-work.md",
      "action": "update",
      "execution": "managed",
      "conflict": false
    },
    {
      "targetId": "codex",
      "surface": "office/references/artifact-and-delivery.md",
      "destination": "/private/var/folders/1_/m2vfg4n10n9_50cz0bmvnmx80000gn/T/trio-v2-production-upgrade-v1-standard-FiEGrr/home/.agents/skills/trio/office/references/artifact-and-delivery.md",
      "action": "update",
      "execution": "managed",
      "conflict": false
    },
    {
      "targetId": "cursor",
      "surface": "entry",
      "destination": "/private/var/folders/1_/m2vfg4n10n9_50cz0bmvnmx80000gn/T/trio-v2-production-upgrade-v1-standard-FiEGrr/home/manual/cursor/entry-policy.md",
      "action": "preserve",
      "execution": "manual",
      "conflict": true
    },
    {
      "targetId": "cursor",
      "surface": "trio",
      "destination": "/private/var/folders/1_/m2vfg4n10n9_50cz0bmvnmx80000gn/T/trio-v2-production-upgrade-v1-standard-FiEGrr/home/manual/cursor/skills/trio/SKILL.md",
      "action": "preserve",
      "execution": "manual",
      "conflict": true
    },
    {
      "targetId": "cursor",
      "surface": "dev",
      "destination": "/private/var/folders/1_/m2vfg4n10n9_50cz0bmvnmx80000gn/T/trio-v2-production-upgrade-v1-standard-FiEGrr/home/manual/cursor/skills/trio/dev/SKILL.md",
      "action": "preserve",
      "execution": "manual",
      "conflict": true
    },
    {
      "targetId": "cursor",
      "surface": "office",
      "destination": "/private/var/folders/1_/m2vfg4n10n9_50cz0bmvnmx80000gn/T/trio-v2-production-upgrade-v1-standard-FiEGrr/home/manual/cursor/skills/trio/office/SKILL.md",
      "action": "preserve",
      "execution": "manual",
      "conflict": true
    },
    {
      "targetId": "cursor",
      "surface": "safety",
      "destination": "/private/var/folders/1_/m2vfg4n10n9_50cz0bmvnmx80000gn/T/trio-v2-production-upgrade-v1-standard-FiEGrr/home/manual/cursor/skills/trio/safety/SKILL.md",
      "action": "preserve",
      "execution": "manual",
      "conflict": true
    },
    {
      "targetId": "cursor",
      "surface": "chiefops",
      "destination": "/private/var/folders/1_/m2vfg4n10n9_50cz0bmvnmx80000gn/T/trio-v2-production-upgrade-v1-standard-FiEGrr/home/manual/cursor/skills/chiefops/SKILL.md",
      "action": "preserve",
      "execution": "manual",
      "conflict": true
    },
    {
      "targetId": "cursor",
      "surface": "trio/references/execution.md",
      "destination": "/private/var/folders/1_/m2vfg4n10n9_50cz0bmvnmx80000gn/T/trio-v2-production-upgrade-v1-standard-FiEGrr/home/manual/cursor/skills/trio/references/execution.md",
      "action": "preserve",
      "execution": "manual",
      "conflict": true
    },
    {
      "targetId": "cursor",
      "surface": "dev/references/methods.md",
      "destination": "/private/var/folders/1_/m2vfg4n10n9_50cz0bmvnmx80000gn/T/trio-v2-production-upgrade-v1-standard-FiEGrr/home/manual/cursor/skills/trio/dev/references/methods.md",
      "action": "preserve",
      "execution": "manual",
      "conflict": true
    },
    {
      "targetId": "cursor",
      "surface": "dev/references/review.md",
      "destination": "/private/var/folders/1_/m2vfg4n10n9_50cz0bmvnmx80000gn/T/trio-v2-production-upgrade-v1-standard-FiEGrr/home/manual/cursor/skills/trio/dev/references/review.md",
      "action": "preserve",
      "execution": "manual",
      "conflict": true
    },
    {
      "targetId": "cursor",
      "surface": "dev/references/pr-feedback.md",
      "destination": "/private/var/folders/1_/m2vfg4n10n9_50cz0bmvnmx80000gn/T/trio-v2-production-upgrade-v1-standard-FiEGrr/home/manual/cursor/skills/trio/dev/references/pr-feedback.md",
      "action": "preserve",
      "execution": "manual",
      "conflict": true
    },
    {
      "targetId": "cursor",
      "surface": "chiefops/references/delegated-execution.md",
      "destination": "/private/var/folders/1_/m2vfg4n10n9_50cz0bmvnmx80000gn/T/trio-v2-production-upgrade-v1-standard-FiEGrr/home/manual/cursor/skills/chiefops/references/delegated-execution.md",
      "action": "preserve",
      "execution": "manual",
      "conflict": true
    },
    {
      "targetId": "cursor",
      "surface": "office/references/source-backed-work.md",
      "destination": "/private/var/folders/1_/m2vfg4n10n9_50cz0bmvnmx80000gn/T/trio-v2-production-upgrade-v1-standard-FiEGrr/home/manual/cursor/skills/trio/office/references/source-backed-work.md",
      "action": "preserve",
      "execution": "manual",
      "conflict": true
    },
    {
      "targetId": "cursor",
      "surface": "office/references/artifact-and-delivery.md",
      "destination": "/private/var/folders/1_/m2vfg4n10n9_50cz0bmvnmx80000gn/T/trio-v2-production-upgrade-v1-standard-FiEGrr/home/manual/cursor/skills/trio/office/references/artifact-and-delivery.md",
      "action": "preserve",
      "execution": "manual",
      "conflict": true
    }
  ],
  "conflicts": [
    {
      "targetId": "cursor",
      "surface": "entry",
      "destination": "/private/var/folders/1_/m2vfg4n10n9_50cz0bmvnmx80000gn/T/trio-v2-production-upgrade-v1-standard-FiEGrr/home/manual/cursor/entry-policy.md",
      "reason": "destination-observation-unknown"
    },
    {
      "targetId": "cursor",
      "surface": "trio",
      "destination": "/private/var/folders/1_/m2vfg4n10n9_50cz0bmvnmx80000gn/T/trio-v2-production-upgrade-v1-standard-FiEGrr/home/manual/cursor/skills/trio/SKILL.md",
      "reason": "destination-observation-unknown"
    },
    {
      "targetId": "cursor",
      "surface": "dev",
      "destination": "/private/var/folders/1_/m2vfg4n10n9_50cz0bmvnmx80000gn/T/trio-v2-production-upgrade-v1-standard-FiEGrr/home/manual/cursor/skills/trio/dev/SKILL.md",
      "reason": "destination-observation-unknown"
    },
    {
      "targetId": "cursor",
      "surface": "office",
      "destination": "/private/var/folders/1_/m2vfg4n10n9_50cz0bmvnmx80000gn/T/trio-v2-production-upgrade-v1-standard-FiEGrr/home/manual/cursor/skills/trio/office/SKILL.md",
      "reason": "destination-observation-unknown"
    },
    {
      "targetId": "cursor",
      "surface": "safety",
      "destination": "/private/var/folders/1_/m2vfg4n10n9_50cz0bmvnmx80000gn/T/trio-v2-production-upgrade-v1-standard-FiEGrr/home/manual/cursor/skills/trio/safety/SKILL.md",
      "reason": "destination-observation-unknown"
    },
    {
      "targetId": "cursor",
      "surface": "chiefops",
      "destination": "/private/var/folders/1_/m2vfg4n10n9_50cz0bmvnmx80000gn/T/trio-v2-production-upgrade-v1-standard-FiEGrr/home/manual/cursor/skills/chiefops/SKILL.md",
      "reason": "destination-observation-unknown"
    },
    {
      "targetId": "cursor",
      "surface": "trio/references/execution.md",
      "destination": "/private/var/folders/1_/m2vfg4n10n9_50cz0bmvnmx80000gn/T/trio-v2-production-upgrade-v1-standard-FiEGrr/home/manual/cursor/skills/trio/references/execution.md",
      "reason": "destination-observation-unknown"
    },
    {
      "targetId": "cursor",
      "surface": "dev/references/methods.md",
      "destination": "/private/var/folders/1_/m2vfg4n10n9_50cz0bmvnmx80000gn/T/trio-v2-production-upgrade-v1-standard-FiEGrr/home/manual/cursor/skills/trio/dev/references/methods.md",
      "reason": "destination-observation-unknown"
    },
    {
      "targetId": "cursor",
      "surface": "dev/references/review.md",
      "destination": "/private/var/folders/1_/m2vfg4n10n9_50cz0bmvnmx80000gn/T/trio-v2-production-upgrade-v1-standard-FiEGrr/home/manual/cursor/skills/trio/dev/references/review.md",
      "reason": "destination-observation-unknown"
    },
    {
      "targetId": "cursor",
      "surface": "dev/references/pr-feedback.md",
      "destination": "/private/var/folders/1_/m2vfg4n10n9_50cz0bmvnmx80000gn/T/trio-v2-production-upgrade-v1-standard-FiEGrr/home/manual/cursor/skills/trio/dev/references/pr-feedback.md",
      "reason": "destination-observation-unknown"
    },
    {
      "targetId": "cursor",
      "surface": "chiefops/references/delegated-execution.md",
      "destination": "/private/var/folders/1_/m2vfg4n10n9_50cz0bmvnmx80000gn/T/trio-v2-production-upgrade-v1-standard-FiEGrr/home/manual/cursor/skills/chiefops/references/delegated-execution.md",
      "reason": "destination-observation-unknown"
    },
    {
      "targetId": "cursor",
      "surface": "office/references/source-backed-work.md",
      "destination": "/private/var/folders/1_/m2vfg4n10n9_50cz0bmvnmx80000gn/T/trio-v2-production-upgrade-v1-standard-FiEGrr/home/manual/cursor/skills/trio/office/references/source-backed-work.md",
      "reason": "destination-observation-unknown"
    },
    {
      "targetId": "cursor",
      "surface": "office/references/artifact-and-delivery.md",
      "destination": "/private/var/folders/1_/m2vfg4n10n9_50cz0bmvnmx80000gn/T/trio-v2-production-upgrade-v1-standard-FiEGrr/home/manual/cursor/skills/trio/office/references/artifact-and-delivery.md",
      "reason": "destination-observation-unknown"
    }
  ]
}
{
  "schemaVersion": 2,
  "runtime": "trio",
  "readable": true,
  "descriptorCount": 26,
  "conflicts": [
    {
      "targetId": "cursor",
      "surface": "entry",
      "destination": "/private/var/folders/1_/m2vfg4n10n9_50cz0bmvnmx80000gn/T/trio-v2-production-upgrade-v1-standard-FiEGrr/home/manual/cursor/entry-policy.md",
      "reason": "destination-observation-unknown"
    },
    {
      "targetId": "cursor",
      "surface": "trio",
      "destination": "/private/var/folders/1_/m2vfg4n10n9_50cz0bmvnmx80000gn/T/trio-v2-production-upgrade-v1-standard-FiEGrr/home/manual/cursor/skills/trio/SKILL.md",
      "reason": "destination-observation-unknown"
    },
    {
      "targetId": "cursor",
      "surface": "dev",
      "destination": "/private/var/folders/1_/m2vfg4n10n9_50cz0bmvnmx80000gn/T/trio-v2-production-upgrade-v1-standard-FiEGrr/home/manual/cursor/skills/trio/dev/SKILL.md",
      "reason": "destination-observation-unknown"
    },
    {
      "targetId": "cursor",
      "surface": "office",
      "destination": "/private/var/folders/1_/m2vfg4n10n9_50cz0bmvnmx80000gn/T/trio-v2-production-upgrade-v1-standard-FiEGrr/home/manual/cursor/skills/trio/office/SKILL.md",
      "reason": "destination-observation-unknown"
    },
    {
      "targetId": "cursor",
      "surface": "safety",
      "destination": "/private/var/folders/1_/m2vfg4n10n9_50cz0bmvnmx80000gn/T/trio-v2-production-upgrade-v1-standard-FiEGrr/home/manual/cursor/skills/trio/safety/SKILL.md",
      "reason": "destination-observation-unknown"
    },
    {
      "targetId": "cursor",
      "surface": "chiefops",
      "destination": "/private/var/folders/1_/m2vfg4n10n9_50cz0bmvnmx80000gn/T/trio-v2-production-upgrade-v1-standard-FiEGrr/home/manual/cursor/skills/chiefops/SKILL.md",
      "reason": "destination-observation-unknown"
    },
    {
      "targetId": "cursor",
      "surface": "trio/references/execution.md",
      "destination": "/private/var/folders/1_/m2vfg4n10n9_50cz0bmvnmx80000gn/T/trio-v2-production-upgrade-v1-standard-FiEGrr/home/manual/cursor/skills/trio/references/execution.md",
      "reason": "destination-observation-unknown"
    },
    {
      "targetId": "cursor",
      "surface": "dev/references/methods.md",
      "destination": "/private/var/folders/1_/m2vfg4n10n9_50cz0bmvnmx80000gn/T/trio-v2-production-upgrade-v1-standard-FiEGrr/home/manual/cursor/skills/trio/dev/references/methods.md",
      "reason": "destination-observation-unknown"
    },
    {
      "targetId": "cursor",
      "surface": "dev/references/review.md",
      "destination": "/private/var/folders/1_/m2vfg4n10n9_50cz0bmvnmx80000gn/T/trio-v2-production-upgrade-v1-standard-FiEGrr/home/manual/cursor/skills/trio/dev/references/review.md",
      "reason": "destination-observation-unknown"
    },
    {
      "targetId": "cursor",
      "surface": "dev/references/pr-feedback.md",
      "destination": "/private/var/folders/1_/m2vfg4n10n9_50cz0bmvnmx80000gn/T/trio-v2-production-upgrade-v1-standard-FiEGrr/home/manual/cursor/skills/trio/dev/references/pr-feedback.md",
      "reason": "destination-observation-unknown"
    },
    {
      "targetId": "cursor",
      "surface": "chiefops/references/delegated-execution.md",
      "destination": "/private/var/folders/1_/m2vfg4n10n9_50cz0bmvnmx80000gn/T/trio-v2-production-upgrade-v1-standard-FiEGrr/home/manual/cursor/skills/chiefops/references/delegated-execution.md",
      "reason": "destination-observation-unknown"
    },
    {
      "targetId": "cursor",
      "surface": "office/references/source-backed-work.md",
      "destination": "/private/var/folders/1_/m2vfg4n10n9_50cz0bmvnmx80000gn/T/trio-v2-production-upgrade-v1-standard-FiEGrr/home/manual/cursor/skills/trio/office/references/source-backed-work.md",
      "reason": "destination-observation-unknown"
    },
    {
      "targetId": "cursor",
      "surface": "office/references/artifact-and-delivery.md",
      "destination": "/private/var/folders/1_/m2vfg4n10n9_50cz0bmvnmx80000gn/T/trio-v2-production-upgrade-v1-standard-FiEGrr/home/manual/cursor/skills/trio/office/references/artifact-and-delivery.md",
      "reason": "destination-observation-unknown"
    }
  ],
  "mode": "check-only"
}
{
  "schemaVersion": 2,
  "runtime": "trio",
  "opened": true,
  "rendered": false,
  "descriptorCount": 26,
  "conflicts": [
    {
      "targetId": "cursor",
      "surface": "entry",
      "destination": "/private/var/folders/1_/m2vfg4n10n9_50cz0bmvnmx80000gn/T/trio-v2-production-upgrade-v1-standard-FiEGrr/home/manual/cursor/entry-policy.md",
      "reason": "destination-observation-unknown"
    },
    {
      "targetId": "cursor",
      "surface": "trio",
      "destination": "/private/var/folders/1_/m2vfg4n10n9_50cz0bmvnmx80000gn/T/trio-v2-production-upgrade-v1-standard-FiEGrr/home/manual/cursor/skills/trio/SKILL.md",
      "reason": "destination-observation-unknown"
    },
    {
      "targetId": "cursor",
      "surface": "dev",
      "destination": "/private/var/folders/1_/m2vfg4n10n9_50cz0bmvnmx80000gn/T/trio-v2-production-upgrade-v1-standard-FiEGrr/home/manual/cursor/skills/trio/dev/SKILL.md",
      "reason": "destination-observation-unknown"
    },
    {
      "targetId": "cursor",
      "surface": "office",
      "destination": "/private/var/folders/1_/m2vfg4n10n9_50cz0bmvnmx80000gn/T/trio-v2-production-upgrade-v1-standard-FiEGrr/home/manual/cursor/skills/trio/office/SKILL.md",
      "reason": "destination-observation-unknown"
    },
    {
      "targetId": "cursor",
      "surface": "safety",
      "destination": "/private/var/folders/1_/m2vfg4n10n9_50cz0bmvnmx80000gn/T/trio-v2-production-upgrade-v1-standard-FiEGrr/home/manual/cursor/skills/trio/safety/SKILL.md",
      "reason": "destination-observation-unknown"
    },
    {
      "targetId": "cursor",
      "surface": "chiefops",
      "destination": "/private/var/folders/1_/m2vfg4n10n9_50cz0bmvnmx80000gn/T/trio-v2-production-upgrade-v1-standard-FiEGrr/home/manual/cursor/skills/chiefops/SKILL.md",
      "reason": "destination-observation-unknown"
    },
    {
      "targetId": "cursor",
      "surface": "trio/references/execution.md",
      "destination": "/private/var/folders/1_/m2vfg4n10n9_50cz0bmvnmx80000gn/T/trio-v2-production-upgrade-v1-standard-FiEGrr/home/manual/cursor/skills/trio/references/execution.md",
      "reason": "destination-observation-unknown"
    },
    {
      "targetId": "cursor",
      "surface": "dev/references/methods.md",
      "destination": "/private/var/folders/1_/m2vfg4n10n9_50cz0bmvnmx80000gn/T/trio-v2-production-upgrade-v1-standard-FiEGrr/home/manual/cursor/skills/trio/dev/references/methods.md",
      "reason": "destination-observation-unknown"
    },
    {
      "targetId": "cursor",
      "surface": "dev/references/review.md",
      "destination": "/private/var/folders/1_/m2vfg4n10n9_50cz0bmvnmx80000gn/T/trio-v2-production-upgrade-v1-standard-FiEGrr/home/manual/cursor/skills/trio/dev/references/review.md",
      "reason": "destination-observation-unknown"
    },
    {
      "targetId": "cursor",
      "surface": "dev/references/pr-feedback.md",
      "destination": "/private/var/folders/1_/m2vfg4n10n9_50cz0bmvnmx80000gn/T/trio-v2-production-upgrade-v1-standard-FiEGrr/home/manual/cursor/skills/trio/dev/references/pr-feedback.md",
      "reason": "destination-observation-unknown"
    },
    {
      "targetId": "cursor",
      "surface": "chiefops/references/delegated-execution.md",
      "destination": "/private/var/folders/1_/m2vfg4n10n9_50cz0bmvnmx80000gn/T/trio-v2-production-upgrade-v1-standard-FiEGrr/home/manual/cursor/skills/chiefops/references/delegated-execution.md",
      "reason": "destination-observation-unknown"
    },
    {
      "targetId": "cursor",
      "surface": "office/references/source-backed-work.md",
      "destination": "/private/var/folders/1_/m2vfg4n10n9_50cz0bmvnmx80000gn/T/trio-v2-production-upgrade-v1-standard-FiEGrr/home/manual/cursor/skills/trio/office/references/source-backed-work.md",
      "reason": "destination-observation-unknown"
    },
    {
      "targetId": "cursor",
      "surface": "office/references/artifact-and-delivery.md",
      "destination": "/private/var/folders/1_/m2vfg4n10n9_50cz0bmvnmx80000gn/T/trio-v2-production-upgrade-v1-standard-FiEGrr/home/manual/cursor/skills/trio/office/references/artifact-and-delivery.md",
      "reason": "destination-observation-unknown"
    }
  ]
}
✔ production V1 stays legacy until explicit checkpointed upgrade, then uses the V2 lifecycle (1131.589666ms)
✔ production V1 upgrade rejects a hard-linked recovery before state or destination writes (13.320167ms)
{
  "runtime": "trio",
  "mode": "upgrade",
  "writes": [
    "/private/var/folders/1_/m2vfg4n10n9_50cz0bmvnmx80000gn/T/trio-v2-command-upgrade-v1-standard-Hp7SHU/home/.codex/AGENTS.md",
    "/private/var/folders/1_/m2vfg4n10n9_50cz0bmvnmx80000gn/T/trio-v2-command-upgrade-v1-standard-Hp7SHU/home/.agents/skills/trio/SKILL.md",
    "/private/var/folders/1_/m2vfg4n10n9_50cz0bmvnmx80000gn/T/trio-v2-command-upgrade-v1-standard-Hp7SHU/home/.agents/skills/trio/dev/SKILL.md",
    "/private/var/folders/1_/m2vfg4n10n9_50cz0bmvnmx80000gn/T/trio-v2-command-upgrade-v1-standard-Hp7SHU/home/.agents/skills/trio/office/SKILL.md",
    "/private/var/folders/1_/m2vfg4n10n9_50cz0bmvnmx80000gn/T/trio-v2-command-upgrade-v1-standard-Hp7SHU/home/.agents/skills/trio/safety/SKILL.md",
    "/private/var/folders/1_/m2vfg4n10n9_50cz0bmvnmx80000gn/T/trio-v2-command-upgrade-v1-standard-Hp7SHU/home/.agents/skills/chiefops/SKILL.md",
    "/private/var/folders/1_/m2vfg4n10n9_50cz0bmvnmx80000gn/T/trio-v2-command-upgrade-v1-standard-Hp7SHU/home/.agents/skills/trio/references/execution.md",
    "/private/var/folders/1_/m2vfg4n10n9_50cz0bmvnmx80000gn/T/trio-v2-command-upgrade-v1-standard-Hp7SHU/home/.agents/skills/trio/dev/references/methods.md",
    "/private/var/folders/1_/m2vfg4n10n9_50cz0bmvnmx80000gn/T/trio-v2-command-upgrade-v1-standard-Hp7SHU/home/.agents/skills/trio/dev/references/review.md",
    "/private/var/folders/1_/m2vfg4n10n9_50cz0bmvnmx80000gn/T/trio-v2-command-upgrade-v1-standard-Hp7SHU/home/.agents/skills/trio/dev/references/pr-feedback.md",
    "/private/var/folders/1_/m2vfg4n10n9_50cz0bmvnmx80000gn/T/trio-v2-command-upgrade-v1-standard-Hp7SHU/home/.agents/skills/chiefops/references/delegated-execution.md",
    "/private/var/folders/1_/m2vfg4n10n9_50cz0bmvnmx80000gn/T/trio-v2-command-upgrade-v1-standard-Hp7SHU/home/.agents/skills/trio/office/references/source-backed-work.md",
    "/private/var/folders/1_/m2vfg4n10n9_50cz0bmvnmx80000gn/T/trio-v2-command-upgrade-v1-standard-Hp7SHU/home/.agents/skills/trio/office/references/artifact-and-delivery.md"
  ],
  "conflicts": [
    {
      "targetId": "cursor",
      "surface": "entry",
      "destination": "/private/var/folders/1_/m2vfg4n10n9_50cz0bmvnmx80000gn/T/trio-v2-command-upgrade-v1-standard-Hp7SHU/home/manual/cursor/entry-policy.md",
      "reason": "destination-observation-unknown"
    },
    {
      "targetId": "cursor",
      "surface": "trio",
      "destination": "/private/var/folders/1_/m2vfg4n10n9_50cz0bmvnmx80000gn/T/trio-v2-command-upgrade-v1-standard-Hp7SHU/home/manual/cursor/skills/trio/SKILL.md",
      "reason": "destination-observation-unknown"
    },
    {
      "targetId": "cursor",
      "surface": "dev",
      "destination": "/private/var/folders/1_/m2vfg4n10n9_50cz0bmvnmx80000gn/T/trio-v2-command-upgrade-v1-standard-Hp7SHU/home/manual/cursor/skills/trio/dev/SKILL.md",
      "reason": "destination-observation-unknown"
    },
    {
      "targetId": "cursor",
      "surface": "office",
      "destination": "/private/var/folders/1_/m2vfg4n10n9_50cz0bmvnmx80000gn/T/trio-v2-command-upgrade-v1-standard-Hp7SHU/home/manual/cursor/skills/trio/office/SKILL.md",
      "reason": "destination-observation-unknown"
    },
    {
      "targetId": "cursor",
      "surface": "safety",
      "destination": "/private/var/folders/1_/m2vfg4n10n9_50cz0bmvnmx80000gn/T/trio-v2-command-upgrade-v1-standard-Hp7SHU/home/manual/cursor/skills/trio/safety/SKILL.md",
      "reason": "destination-observation-unknown"
    },
    {
      "targetId": "cursor",
      "surface": "chiefops",
      "destination": "/private/var/folders/1_/m2vfg4n10n9_50cz0bmvnmx80000gn/T/trio-v2-command-upgrade-v1-standard-Hp7SHU/home/manual/cursor/skills/chiefops/SKILL.md",
      "reason": "destination-observation-unknown"
    },
    {
      "targetId": "cursor",
      "surface": "trio/references/execution.md",
      "destination": "/private/var/folders/1_/m2vfg4n10n9_50cz0bmvnmx80000gn/T/trio-v2-command-upgrade-v1-standard-Hp7SHU/home/manual/cursor/skills/trio/references/execution.md",
      "reason": "destination-observation-unknown"
    },
    {
      "targetId": "cursor",
      "surface": "dev/references/methods.md",
      "destination": "/private/var/folders/1_/m2vfg4n10n9_50cz0bmvnmx80000gn/T/trio-v2-command-upgrade-v1-standard-Hp7SHU/home/manual/cursor/skills/trio/dev/references/methods.md",
      "reason": "destination-observation-unknown"
    },
    {
      "targetId": "cursor",
      "surface": "dev/references/review.md",
      "destination": "/private/var/folders/1_/m2vfg4n10n9_50cz0bmvnmx80000gn/T/trio-v2-command-upgrade-v1-standard-Hp7SHU/home/manual/cursor/skills/trio/dev/references/review.md",
      "reason": "destination-observation-unknown"
    },
    {
      "targetId": "cursor",
      "surface": "dev/references/pr-feedback.md",
      "destination": "/private/var/folders/1_/m2vfg4n10n9_50cz0bmvnmx80000gn/T/trio-v2-command-upgrade-v1-standard-Hp7SHU/home/manual/cursor/skills/trio/dev/references/pr-feedback.md",
      "reason": "destination-observation-unknown"
    },
    {
      "targetId": "cursor",
      "surface": "chiefops/references/delegated-execution.md",
      "destination": "/private/var/folders/1_/m2vfg4n10n9_50cz0bmvnmx80000gn/T/trio-v2-command-upgrade-v1-standard-Hp7SHU/home/manual/cursor/skills/chiefops/references/delegated-execution.md",
      "reason": "destination-observation-unknown"
    },
    {
      "targetId": "cursor",
      "surface": "office/references/source-backed-work.md",
      "destination": "/private/var/folders/1_/m2vfg4n10n9_50cz0bmvnmx80000gn/T/trio-v2-command-upgrade-v1-standard-Hp7SHU/home/manual/cursor/skills/trio/office/references/source-backed-work.md",
      "reason": "destination-observation-unknown"
    },
    {
      "targetId": "cursor",
      "surface": "office/references/artifact-and-delivery.md",
      "destination": "/private/var/folders/1_/m2vfg4n10n9_50cz0bmvnmx80000gn/T/trio-v2-command-upgrade-v1-standard-Hp7SHU/home/manual/cursor/skills/trio/office/references/artifact-and-delivery.md",
      "reason": "destination-observation-unknown"
    }
  ]
}
{
  "schemaVersion": 2,
  "runtime": "trio",
  "mode": "dry-run",
  "descriptors": [
    {
      "targetId": "codex",
      "surface": "entry",
      "destination": "/private/var/folders/1_/m2vfg4n10n9_50cz0bmvnmx80000gn/T/trio-v2-command-upgrade-v1-standard-Hp7SHU/home/.codex/AGENTS.md",
      "action": "update",
      "execution": "managed",
      "conflict": false
    },
    {
      "targetId": "codex",
      "surface": "trio",
      "destination": "/private/var/folders/1_/m2vfg4n10n9_50cz0bmvnmx80000gn/T/trio-v2-command-upgrade-v1-standard-Hp7SHU/home/.agents/skills/trio/SKILL.md",
      "action": "update",
      "execution": "managed",
      "conflict": false
    },
    {
      "targetId": "codex",
      "surface": "dev",
      "destination": "/private/var/folders/1_/m2vfg4n10n9_50cz0bmvnmx80000gn/T/trio-v2-command-upgrade-v1-standard-Hp7SHU/home/.agents/skills/trio/dev/SKILL.md",
      "action": "update",
      "execution": "managed",
      "conflict": false
    },
    {
      "targetId": "codex",
      "surface": "office",
      "destination": "/private/var/folders/1_/m2vfg4n10n9_50cz0bmvnmx80000gn/T/trio-v2-command-upgrade-v1-standard-Hp7SHU/home/.agents/skills/trio/office/SKILL.md",
      "action": "update",
      "execution": "managed",
      "conflict": false
    },
    {
      "targetId": "codex",
      "surface": "safety",
      "destination": "/private/var/folders/1_/m2vfg4n10n9_50cz0bmvnmx80000gn/T/trio-v2-command-upgrade-v1-standard-Hp7SHU/home/.agents/skills/trio/safety/SKILL.md",
      "action": "update",
      "execution": "managed",
      "conflict": false
    },
    {
      "targetId": "codex",
      "surface": "chiefops",
      "destination": "/private/var/folders/1_/m2vfg4n10n9_50cz0bmvnmx80000gn/T/trio-v2-command-upgrade-v1-standard-Hp7SHU/home/.agents/skills/chiefops/SKILL.md",
      "action": "update",
      "execution": "managed",
      "conflict": false
    },
    {
      "targetId": "codex",
      "surface": "trio/references/execution.md",
      "destination": "/private/var/folders/1_/m2vfg4n10n9_50cz0bmvnmx80000gn/T/trio-v2-command-upgrade-v1-standard-Hp7SHU/home/.agents/skills/trio/references/execution.md",
      "action": "update",
      "execution": "managed",
      "conflict": false
    },
    {
      "targetId": "codex",
      "surface": "dev/references/methods.md",
      "destination": "/private/var/folders/1_/m2vfg4n10n9_50cz0bmvnmx80000gn/T/trio-v2-command-upgrade-v1-standard-Hp7SHU/home/.agents/skills/trio/dev/references/methods.md",
      "action": "update",
      "execution": "managed",
      "conflict": false
    },
    {
      "targetId": "codex",
      "surface": "dev/references/review.md",
      "destination": "/private/var/folders/1_/m2vfg4n10n9_50cz0bmvnmx80000gn/T/trio-v2-command-upgrade-v1-standard-Hp7SHU/home/.agents/skills/trio/dev/references/review.md",
      "action": "update",
      "execution": "managed",
      "conflict": false
    },
    {
      "targetId": "codex",
      "surface": "dev/references/pr-feedback.md",
      "destination": "/private/var/folders/1_/m2vfg4n10n9_50cz0bmvnmx80000gn/T/trio-v2-command-upgrade-v1-standard-Hp7SHU/home/.agents/skills/trio/dev/references/pr-feedback.md",
      "action": "update",
      "execution": "managed",
      "conflict": false
    },
    {
      "targetId": "codex",
      "surface": "chiefops/references/delegated-execution.md",
      "destination": "/private/var/folders/1_/m2vfg4n10n9_50cz0bmvnmx80000gn/T/trio-v2-command-upgrade-v1-standard-Hp7SHU/home/.agents/skills/chiefops/references/delegated-execution.md",
      "action": "update",
      "execution": "managed",
      "conflict": false
    },
    {
      "targetId": "codex",
      "surface": "office/references/source-backed-work.md",
      "destination": "/private/var/folders/1_/m2vfg4n10n9_50cz0bmvnmx80000gn/T/trio-v2-command-upgrade-v1-standard-Hp7SHU/home/.agents/skills/trio/office/references/source-backed-work.md",
      "action": "update",
      "execution": "managed",
      "conflict": false
    },
    {
      "targetId": "codex",
      "surface": "office/references/artifact-and-delivery.md",
      "destination": "/private/var/folders/1_/m2vfg4n10n9_50cz0bmvnmx80000gn/T/trio-v2-command-upgrade-v1-standard-Hp7SHU/home/.agents/skills/trio/office/references/artifact-and-delivery.md",
      "action": "update",
      "execution": "managed",
      "conflict": false
    },
    {
      "targetId": "cursor",
      "surface": "entry",
      "destination": "/private/var/folders/1_/m2vfg4n10n9_50cz0bmvnmx80000gn/T/trio-v2-command-upgrade-v1-standard-Hp7SHU/home/manual/cursor/entry-policy.md",
      "action": "preserve",
      "execution": "manual",
      "conflict": true
    },
    {
      "targetId": "cursor",
      "surface": "trio",
      "destination": "/private/var/folders/1_/m2vfg4n10n9_50cz0bmvnmx80000gn/T/trio-v2-command-upgrade-v1-standard-Hp7SHU/home/manual/cursor/skills/trio/SKILL.md",
      "action": "preserve",
      "execution": "manual",
      "conflict": true
    },
    {
      "targetId": "cursor",
      "surface": "dev",
      "destination": "/private/var/folders/1_/m2vfg4n10n9_50cz0bmvnmx80000gn/T/trio-v2-command-upgrade-v1-standard-Hp7SHU/home/manual/cursor/skills/trio/dev/SKILL.md",
      "action": "preserve",
      "execution": "manual",
      "conflict": true
    },
    {
      "targetId": "cursor",
      "surface": "office",
      "destination": "/private/var/folders/1_/m2vfg4n10n9_50cz0bmvnmx80000gn/T/trio-v2-command-upgrade-v1-standard-Hp7SHU/home/manual/cursor/skills/trio/office/SKILL.md",
      "action": "preserve",
      "execution": "manual",
      "conflict": true
    },
    {
      "targetId": "cursor",
      "surface": "safety",
      "destination": "/private/var/folders/1_/m2vfg4n10n9_50cz0bmvnmx80000gn/T/trio-v2-command-upgrade-v1-standard-Hp7SHU/home/manual/cursor/skills/trio/safety/SKILL.md",
      "action": "preserve",
      "execution": "manual",
      "conflict": true
    },
    {
      "targetId": "cursor",
      "surface": "chiefops",
      "destination": "/private/var/folders/1_/m2vfg4n10n9_50cz0bmvnmx80000gn/T/trio-v2-command-upgrade-v1-standard-Hp7SHU/home/manual/cursor/skills/chiefops/SKILL.md",
      "action": "preserve",
      "execution": "manual",
      "conflict": true
    },
    {
      "targetId": "cursor",
      "surface": "trio/references/execution.md",
      "destination": "/private/var/folders/1_/m2vfg4n10n9_50cz0bmvnmx80000gn/T/trio-v2-command-upgrade-v1-standard-Hp7SHU/home/manual/cursor/skills/trio/references/execution.md",
      "action": "preserve",
      "execution": "manual",
      "conflict": true
    },
    {
      "targetId": "cursor",
      "surface": "dev/references/methods.md",
      "destination": "/private/var/folders/1_/m2vfg4n10n9_50cz0bmvnmx80000gn/T/trio-v2-command-upgrade-v1-standard-Hp7SHU/home/manual/cursor/skills/trio/dev/references/methods.md",
      "action": "preserve",
      "execution": "manual",
      "conflict": true
    },
    {
      "targetId": "cursor",
      "surface": "dev/references/review.md",
      "destination": "/private/var/folders/1_/m2vfg4n10n9_50cz0bmvnmx80000gn/T/trio-v2-command-upgrade-v1-standard-Hp7SHU/home/manual/cursor/skills/trio/dev/references/review.md",
      "action": "preserve",
      "execution": "manual",
      "conflict": true
    },
    {
      "targetId": "cursor",
      "surface": "dev/references/pr-feedback.md",
      "destination": "/private/var/folders/1_/m2vfg4n10n9_50cz0bmvnmx80000gn/T/trio-v2-command-upgrade-v1-standard-Hp7SHU/home/manual/cursor/skills/trio/dev/references/pr-feedback.md",
      "action": "preserve",
      "execution": "manual",
      "conflict": true
    },
    {
      "targetId": "cursor",
      "surface": "chiefops/references/delegated-execution.md",
      "destination": "/private/var/folders/1_/m2vfg4n10n9_50cz0bmvnmx80000gn/T/trio-v2-command-upgrade-v1-standard-Hp7SHU/home/manual/cursor/skills/chiefops/references/delegated-execution.md",
      "action": "preserve",
      "execution": "manual",
      "conflict": true
    },
    {
      "targetId": "cursor",
      "surface": "office/references/source-backed-work.md",
      "destination": "/private/var/folders/1_/m2vfg4n10n9_50cz0bmvnmx80000gn/T/trio-v2-command-upgrade-v1-standard-Hp7SHU/home/manual/cursor/skills/trio/office/references/source-backed-work.md",
      "action": "preserve",
      "execution": "manual",
      "conflict": true
    },
    {
      "targetId": "cursor",
      "surface": "office/references/artifact-and-delivery.md",
      "destination": "/private/var/folders/1_/m2vfg4n10n9_50cz0bmvnmx80000gn/T/trio-v2-command-upgrade-v1-standard-Hp7SHU/home/manual/cursor/skills/trio/office/references/artifact-and-delivery.md",
      "action": "preserve",
      "execution": "manual",
      "conflict": true
    }
  ],
  "conflicts": [
    {
      "targetId": "cursor",
      "surface": "entry",
      "destination": "/private/var/folders/1_/m2vfg4n10n9_50cz0bmvnmx80000gn/T/trio-v2-command-upgrade-v1-standard-Hp7SHU/home/manual/cursor/entry-policy.md",
      "reason": "destination-observation-unknown"
    },
    {
      "targetId": "cursor",
      "surface": "trio",
      "destination": "/private/var/folders/1_/m2vfg4n10n9_50cz0bmvnmx80000gn/T/trio-v2-command-upgrade-v1-standard-Hp7SHU/home/manual/cursor/skills/trio/SKILL.md",
      "reason": "destination-observation-unknown"
    },
    {
      "targetId": "cursor",
      "surface": "dev",
      "destination": "/private/var/folders/1_/m2vfg4n10n9_50cz0bmvnmx80000gn/T/trio-v2-command-upgrade-v1-standard-Hp7SHU/home/manual/cursor/skills/trio/dev/SKILL.md",
      "reason": "destination-observation-unknown"
    },
    {
      "targetId": "cursor",
      "surface": "office",
      "destination": "/private/var/folders/1_/m2vfg4n10n9_50cz0bmvnmx80000gn/T/trio-v2-command-upgrade-v1-standard-Hp7SHU/home/manual/cursor/skills/trio/office/SKILL.md",
      "reason": "destination-observation-unknown"
    },
    {
      "targetId": "cursor",
      "surface": "safety",
      "destination": "/private/var/folders/1_/m2vfg4n10n9_50cz0bmvnmx80000gn/T/trio-v2-command-upgrade-v1-standard-Hp7SHU/home/manual/cursor/skills/trio/safety/SKILL.md",
      "reason": "destination-observation-unknown"
    },
    {
      "targetId": "cursor",
      "surface": "chiefops",
      "destination": "/private/var/folders/1_/m2vfg4n10n9_50cz0bmvnmx80000gn/T/trio-v2-command-upgrade-v1-standard-Hp7SHU/home/manual/cursor/skills/chiefops/SKILL.md",
      "reason": "destination-observation-unknown"
    },
    {
      "targetId": "cursor",
      "surface": "trio/references/execution.md",
      "destination": "/private/var/folders/1_/m2vfg4n10n9_50cz0bmvnmx80000gn/T/trio-v2-command-upgrade-v1-standard-Hp7SHU/home/manual/cursor/skills/trio/references/execution.md",
      "reason": "destination-observation-unknown"
    },
    {
      "targetId": "cursor",
      "surface": "dev/references/methods.md",
      "destination": "/private/var/folders/1_/m2vfg4n10n9_50cz0bmvnmx80000gn/T/trio-v2-command-upgrade-v1-standard-Hp7SHU/home/manual/cursor/skills/trio/dev/references/methods.md",
      "reason": "destination-observation-unknown"
    },
    {
      "targetId": "cursor",
      "surface": "dev/references/review.md",
      "destination": "/private/var/folders/1_/m2vfg4n10n9_50cz0bmvnmx80000gn/T/trio-v2-command-upgrade-v1-standard-Hp7SHU/home/manual/cursor/skills/trio/dev/references/review.md",
      "reason": "destination-observation-unknown"
    },
    {
      "targetId": "cursor",
      "surface": "dev/references/pr-feedback.md",
      "destination": "/private/var/folders/1_/m2vfg4n10n9_50cz0bmvnmx80000gn/T/trio-v2-command-upgrade-v1-standard-Hp7SHU/home/manual/cursor/skills/trio/dev/references/pr-feedback.md",
      "reason": "destination-observation-unknown"
    },
    {
      "targetId": "cursor",
      "surface": "chiefops/references/delegated-execution.md",
      "destination": "/private/var/folders/1_/m2vfg4n10n9_50cz0bmvnmx80000gn/T/trio-v2-command-upgrade-v1-standard-Hp7SHU/home/manual/cursor/skills/chiefops/references/delegated-execution.md",
      "reason": "destination-observation-unknown"
    },
    {
      "targetId": "cursor",
      "surface": "office/references/source-backed-work.md",
      "destination": "/private/var/folders/1_/m2vfg4n10n9_50cz0bmvnmx80000gn/T/trio-v2-command-upgrade-v1-standard-Hp7SHU/home/manual/cursor/skills/trio/office/references/source-backed-work.md",
      "reason": "destination-observation-unknown"
    },
    {
      "targetId": "cursor",
      "surface": "office/references/artifact-and-delivery.md",
      "destination": "/private/var/folders/1_/m2vfg4n10n9_50cz0bmvnmx80000gn/T/trio-v2-command-upgrade-v1-standard-Hp7SHU/home/manual/cursor/skills/trio/office/references/artifact-and-delivery.md",
      "reason": "destination-observation-unknown"
    }
  ]
}
{
  "schemaVersion": 2,
  "runtime": "trio",
  "readable": true,
  "descriptorCount": 26,
  "conflicts": [
    {
      "targetId": "cursor",
      "surface": "entry",
      "destination": "/private/var/folders/1_/m2vfg4n10n9_50cz0bmvnmx80000gn/T/trio-v2-command-upgrade-v1-standard-Hp7SHU/home/manual/cursor/entry-policy.md",
      "reason": "destination-observation-unknown"
    },
    {
      "targetId": "cursor",
      "surface": "trio",
      "destination": "/private/var/folders/1_/m2vfg4n10n9_50cz0bmvnmx80000gn/T/trio-v2-command-upgrade-v1-standard-Hp7SHU/home/manual/cursor/skills/trio/SKILL.md",
      "reason": "destination-observation-unknown"
    },
    {
      "targetId": "cursor",
      "surface": "dev",
      "destination": "/private/var/folders/1_/m2vfg4n10n9_50cz0bmvnmx80000gn/T/trio-v2-command-upgrade-v1-standard-Hp7SHU/home/manual/cursor/skills/trio/dev/SKILL.md",
      "reason": "destination-observation-unknown"
    },
    {
      "targetId": "cursor",
      "surface": "office",
      "destination": "/private/var/folders/1_/m2vfg4n10n9_50cz0bmvnmx80000gn/T/trio-v2-command-upgrade-v1-standard-Hp7SHU/home/manual/cursor/skills/trio/office/SKILL.md",
      "reason": "destination-observation-unknown"
    },
    {
      "targetId": "cursor",
      "surface": "safety",
      "destination": "/private/var/folders/1_/m2vfg4n10n9_50cz0bmvnmx80000gn/T/trio-v2-command-upgrade-v1-standard-Hp7SHU/home/manual/cursor/skills/trio/safety/SKILL.md",
      "reason": "destination-observation-unknown"
    },
    {
      "targetId": "cursor",
      "surface": "chiefops",
      "destination": "/private/var/folders/1_/m2vfg4n10n9_50cz0bmvnmx80000gn/T/trio-v2-command-upgrade-v1-standard-Hp7SHU/home/manual/cursor/skills/chiefops/SKILL.md",
      "reason": "destination-observation-unknown"
    },
    {
      "targetId": "cursor",
      "surface": "trio/references/execution.md",
      "destination": "/private/var/folders/1_/m2vfg4n10n9_50cz0bmvnmx80000gn/T/trio-v2-command-upgrade-v1-standard-Hp7SHU/home/manual/cursor/skills/trio/references/execution.md",
      "reason": "destination-observation-unknown"
    },
    {
      "targetId": "cursor",
      "surface": "dev/references/methods.md",
      "destination": "/private/var/folders/1_/m2vfg4n10n9_50cz0bmvnmx80000gn/T/trio-v2-command-upgrade-v1-standard-Hp7SHU/home/manual/cursor/skills/trio/dev/references/methods.md",
      "reason": "destination-observation-unknown"
    },
    {
      "targetId": "cursor",
      "surface": "dev/references/review.md",
      "destination": "/private/var/folders/1_/m2vfg4n10n9_50cz0bmvnmx80000gn/T/trio-v2-command-upgrade-v1-standard-Hp7SHU/home/manual/cursor/skills/trio/dev/references/review.md",
      "reason": "destination-observation-unknown"
    },
    {
      "targetId": "cursor",
      "surface": "dev/references/pr-feedback.md",
      "destination": "/private/var/folders/1_/m2vfg4n10n9_50cz0bmvnmx80000gn/T/trio-v2-command-upgrade-v1-standard-Hp7SHU/home/manual/cursor/skills/trio/dev/references/pr-feedback.md",
      "reason": "destination-observation-unknown"
    },
    {
      "targetId": "cursor",
      "surface": "chiefops/references/delegated-execution.md",
      "destination": "/private/var/folders/1_/m2vfg4n10n9_50cz0bmvnmx80000gn/T/trio-v2-command-upgrade-v1-standard-Hp7SHU/home/manual/cursor/skills/chiefops/references/delegated-execution.md",
      "reason": "destination-observation-unknown"
    },
    {
      "targetId": "cursor",
      "surface": "office/references/source-backed-work.md",
      "destination": "/private/var/folders/1_/m2vfg4n10n9_50cz0bmvnmx80000gn/T/trio-v2-command-upgrade-v1-standard-Hp7SHU/home/manual/cursor/skills/trio/office/references/source-backed-work.md",
      "reason": "destination-observation-unknown"
    },
    {
      "targetId": "cursor",
      "surface": "office/references/artifact-and-delivery.md",
      "destination": "/private/var/folders/1_/m2vfg4n10n9_50cz0bmvnmx80000gn/T/trio-v2-command-upgrade-v1-standard-Hp7SHU/home/manual/cursor/skills/trio/office/references/artifact-and-delivery.md",
      "reason": "destination-observation-unknown"
    }
  ],
  "mode": "check-only"
}
{
  "schemaVersion": 2,
  "runtime": "trio",
  "opened": true,
  "rendered": false,
  "descriptorCount": 26,
  "conflicts": [
    {
      "targetId": "cursor",
      "surface": "entry",
      "destination": "/private/var/folders/1_/m2vfg4n10n9_50cz0bmvnmx80000gn/T/trio-v2-command-upgrade-v1-standard-Hp7SHU/home/manual/cursor/entry-policy.md",
      "reason": "destination-observation-unknown"
    },
    {
      "targetId": "cursor",
      "surface": "trio",
      "destination": "/private/var/folders/1_/m2vfg4n10n9_50cz0bmvnmx80000gn/T/trio-v2-command-upgrade-v1-standard-Hp7SHU/home/manual/cursor/skills/trio/SKILL.md",
      "reason": "destination-observation-unknown"
    },
    {
      "targetId": "cursor",
      "surface": "dev",
      "destination": "/private/var/folders/1_/m2vfg4n10n9_50cz0bmvnmx80000gn/T/trio-v2-command-upgrade-v1-standard-Hp7SHU/home/manual/cursor/skills/trio/dev/SKILL.md",
      "reason": "destination-observation-unknown"
    },
    {
      "targetId": "cursor",
      "surface": "office",
      "destination": "/private/var/folders/1_/m2vfg4n10n9_50cz0bmvnmx80000gn/T/trio-v2-command-upgrade-v1-standard-Hp7SHU/home/manual/cursor/skills/trio/office/SKILL.md",
      "reason": "destination-observation-unknown"
    },
    {
      "targetId": "cursor",
      "surface": "safety",
      "destination": "/private/var/folders/1_/m2vfg4n10n9_50cz0bmvnmx80000gn/T/trio-v2-command-upgrade-v1-standard-Hp7SHU/home/manual/cursor/skills/trio/safety/SKILL.md",
      "reason": "destination-observation-unknown"
    },
    {
      "targetId": "cursor",
      "surface": "chiefops",
      "destination": "/private/var/folders/1_/m2vfg4n10n9_50cz0bmvnmx80000gn/T/trio-v2-command-upgrade-v1-standard-Hp7SHU/home/manual/cursor/skills/chiefops/SKILL.md",
      "reason": "destination-observation-unknown"
    },
    {
      "targetId": "cursor",
      "surface": "trio/references/execution.md",
      "destination": "/private/var/folders/1_/m2vfg4n10n9_50cz0bmvnmx80000gn/T/trio-v2-command-upgrade-v1-standard-Hp7SHU/home/manual/cursor/skills/trio/references/execution.md",
      "reason": "destination-observation-unknown"
    },
    {
      "targetId": "cursor",
      "surface": "dev/references/methods.md",
      "destination": "/private/var/folders/1_/m2vfg4n10n9_50cz0bmvnmx80000gn/T/trio-v2-command-upgrade-v1-standard-Hp7SHU/home/manual/cursor/skills/trio/dev/references/methods.md",
      "reason": "destination-observation-unknown"
    },
    {
      "targetId": "cursor",
      "surface": "dev/references/review.md",
      "destination": "/private/var/folders/1_/m2vfg4n10n9_50cz0bmvnmx80000gn/T/trio-v2-command-upgrade-v1-standard-Hp7SHU/home/manual/cursor/skills/trio/dev/references/review.md",
      "reason": "destination-observation-unknown"
    },
    {
      "targetId": "cursor",
      "surface": "dev/references/pr-feedback.md",
      "destination": "/private/var/folders/1_/m2vfg4n10n9_50cz0bmvnmx80000gn/T/trio-v2-command-upgrade-v1-standard-Hp7SHU/home/manual/cursor/skills/trio/dev/references/pr-feedback.md",
      "reason": "destination-observation-unknown"
    },
    {
      "targetId": "cursor",
      "surface": "chiefops/references/delegated-execution.md",
      "destination": "/private/var/folders/1_/m2vfg4n10n9_50cz0bmvnmx80000gn/T/trio-v2-command-upgrade-v1-standard-Hp7SHU/home/manual/cursor/skills/chiefops/references/delegated-execution.md",
      "reason": "destination-observation-unknown"
    },
    {
      "targetId": "cursor",
      "surface": "office/references/source-backed-work.md",
      "destination": "/private/var/folders/1_/m2vfg4n10n9_50cz0bmvnmx80000gn/T/trio-v2-command-upgrade-v1-standard-Hp7SHU/home/manual/cursor/skills/trio/office/references/source-backed-work.md",
      "reason": "destination-observation-unknown"
    },
    {
      "targetId": "cursor",
      "surface": "office/references/artifact-and-delivery.md",
      "destination": "/private/var/folders/1_/m2vfg4n10n9_50cz0bmvnmx80000gn/T/trio-v2-command-upgrade-v1-standard-Hp7SHU/home/manual/cursor/skills/trio/office/references/artifact-and-delivery.md",
      "reason": "destination-observation-unknown"
    }
  ]
}
✔ Trio V1 standard upgrade applies only managed Codex surfaces and keeps generic targets manual (421.284875ms)
{
  "runtime": "trio",
  "mode": "fresh",
  "writes": [
    "/private/var/folders/1_/m2vfg4n10n9_50cz0bmvnmx80000gn/T/trio-v2-fresh-command-1pdBuv/workspace/AGENTS.md",
    "/private/var/folders/1_/m2vfg4n10n9_50cz0bmvnmx80000gn/T/trio-v2-fresh-command-1pdBuv/workspace/.agents/skills/trio/SKILL.md",
    "/private/var/folders/1_/m2vfg4n10n9_50cz0bmvnmx80000gn/T/trio-v2-fresh-command-1pdBuv/workspace/.agents/skills/trio/dev/SKILL.md",
    "/private/var/folders/1_/m2vfg4n10n9_50cz0bmvnmx80000gn/T/trio-v2-fresh-command-1pdBuv/workspace/.agents/skills/trio/office/SKILL.md",
    "/private/var/folders/1_/m2vfg4n10n9_50cz0bmvnmx80000gn/T/trio-v2-fresh-command-1pdBuv/workspace/.agents/skills/trio/safety/SKILL.md",
    "/private/var/folders/1_/m2vfg4n10n9_50cz0bmvnmx80000gn/T/trio-v2-fresh-command-1pdBuv/workspace/.agents/skills/chiefops/SKILL.md",
    "/private/var/folders/1_/m2vfg4n10n9_50cz0bmvnmx80000gn/T/trio-v2-fresh-command-1pdBuv/workspace/.agents/skills/trio/references/execution.md",
    "/private/var/folders/1_/m2vfg4n10n9_50cz0bmvnmx80000gn/T/trio-v2-fresh-command-1pdBuv/workspace/.agents/skills/trio/dev/references/methods.md",
    "/private/var/folders/1_/m2vfg4n10n9_50cz0bmvnmx80000gn/T/trio-v2-fresh-command-1pdBuv/workspace/.agents/skills/trio/dev/references/review.md",
    "/private/var/folders/1_/m2vfg4n10n9_50cz0bmvnmx80000gn/T/trio-v2-fresh-command-1pdBuv/workspace/.agents/skills/trio/dev/references/pr-feedback.md",
    "/private/var/folders/1_/m2vfg4n10n9_50cz0bmvnmx80000gn/T/trio-v2-fresh-command-1pdBuv/workspace/.agents/skills/chiefops/references/delegated-execution.md",
    "/private/var/folders/1_/m2vfg4n10n9_50cz0bmvnmx80000gn/T/trio-v2-fresh-command-1pdBuv/workspace/.agents/skills/trio/office/references/source-backed-work.md",
    "/private/var/folders/1_/m2vfg4n10n9_50cz0bmvnmx80000gn/T/trio-v2-fresh-command-1pdBuv/workspace/.agents/skills/trio/office/references/artifact-and-delivery.md"
  ],
  "conflicts": []
}
{
  "schemaVersion": 2,
  "runtime": "trio",
  "mode": "dry-run",
  "descriptors": [
    {
      "targetId": "codex",
      "surface": "entry",
      "destination": "/private/var/folders/1_/m2vfg4n10n9_50cz0bmvnmx80000gn/T/trio-v2-fresh-command-1pdBuv/workspace/AGENTS.md",
      "action": "update",
      "execution": "managed",
      "conflict": false
    },
    {
      "targetId": "codex",
      "surface": "trio",
      "destination": "/private/var/folders/1_/m2vfg4n10n9_50cz0bmvnmx80000gn/T/trio-v2-fresh-command-1pdBuv/workspace/.agents/skills/trio/SKILL.md",
      "action": "update",
      "execution": "managed",
      "conflict": false
    },
    {
      "targetId": "codex",
      "surface": "dev",
      "destination": "/private/var/folders/1_/m2vfg4n10n9_50cz0bmvnmx80000gn/T/trio-v2-fresh-command-1pdBuv/workspace/.agents/skills/trio/dev/SKILL.md",
      "action": "update",
      "execution": "managed",
      "conflict": false
    },
    {
      "targetId": "codex",
      "surface": "office",
      "destination": "/private/var/folders/1_/m2vfg4n10n9_50cz0bmvnmx80000gn/T/trio-v2-fresh-command-1pdBuv/workspace/.agents/skills/trio/office/SKILL.md",
      "action": "update",
      "execution": "managed",
      "conflict": false
    },
    {
      "targetId": "codex",
      "surface": "safety",
      "destination": "/private/var/folders/1_/m2vfg4n10n9_50cz0bmvnmx80000gn/T/trio-v2-fresh-command-1pdBuv/workspace/.agents/skills/trio/safety/SKILL.md",
      "action": "update",
      "execution": "managed",
      "conflict": false
    },
    {
      "targetId": "codex",
      "surface": "chiefops",
      "destination": "/private/var/folders/1_/m2vfg4n10n9_50cz0bmvnmx80000gn/T/trio-v2-fresh-command-1pdBuv/workspace/.agents/skills/chiefops/SKILL.md",
      "action": "update",
      "execution": "managed",
      "conflict": false
    },
    {
      "targetId": "codex",
      "surface": "trio/references/execution.md",
      "destination": "/private/var/folders/1_/m2vfg4n10n9_50cz0bmvnmx80000gn/T/trio-v2-fresh-command-1pdBuv/workspace/.agents/skills/trio/references/execution.md",
      "action": "update",
      "execution": "managed",
      "conflict": false
    },
    {
      "targetId": "codex",
      "surface": "dev/references/methods.md",
      "destination": "/private/var/folders/1_/m2vfg4n10n9_50cz0bmvnmx80000gn/T/trio-v2-fresh-command-1pdBuv/workspace/.agents/skills/trio/dev/references/methods.md",
      "action": "update",
      "execution": "managed",
      "conflict": false
    },
    {
      "targetId": "codex",
      "surface": "dev/references/review.md",
      "destination": "/private/var/folders/1_/m2vfg4n10n9_50cz0bmvnmx80000gn/T/trio-v2-fresh-command-1pdBuv/workspace/.agents/skills/trio/dev/references/review.md",
      "action": "update",
      "execution": "managed",
      "conflict": false
    },
    {
      "targetId": "codex",
      "surface": "dev/references/pr-feedback.md",
      "destination": "/private/var/folders/1_/m2vfg4n10n9_50cz0bmvnmx80000gn/T/trio-v2-fresh-command-1pdBuv/workspace/.agents/skills/trio/dev/references/pr-feedback.md",
      "action": "update",
      "execution": "managed",
      "conflict": false
    },
    {
      "targetId": "codex",
      "surface": "chiefops/references/delegated-execution.md",
      "destination": "/private/var/folders/1_/m2vfg4n10n9_50cz0bmvnmx80000gn/T/trio-v2-fresh-command-1pdBuv/workspace/.agents/skills/chiefops/references/delegated-execution.md",
      "action": "update",
      "execution": "managed",
      "conflict": false
    },
    {
      "targetId": "codex",
      "surface": "office/references/source-backed-work.md",
      "destination": "/private/var/folders/1_/m2vfg4n10n9_50cz0bmvnmx80000gn/T/trio-v2-fresh-command-1pdBuv/workspace/.agents/skills/trio/office/references/source-backed-work.md",
      "action": "update",
      "execution": "managed",
      "conflict": false
    },
    {
      "targetId": "codex",
      "surface": "office/references/artifact-and-delivery.md",
      "destination": "/private/var/folders/1_/m2vfg4n10n9_50cz0bmvnmx80000gn/T/trio-v2-fresh-command-1pdBuv/workspace/.agents/skills/trio/office/references/artifact-and-delivery.md",
      "action": "update",
      "execution": "managed",
      "conflict": false
    }
  ],
  "conflicts": []
}
{
  "schemaVersion": 2,
  "runtime": "trio",
  "readable": true,
  "descriptorCount": 13,
  "conflicts": [],
  "mode": "check-only"
}
{
  "schemaVersion": 2,
  "runtime": "trio",
  "opened": true,
  "rendered": false,
  "descriptorCount": 13,
  "conflicts": []
}
✔ Trio fresh install persists exact V2 state and public reports remain read-only (423.207875ms)
{
  "runtime": "trio",
  "mode": "fresh",
  "writes": [
    "/private/var/folders/1_/m2vfg4n10n9_50cz0bmvnmx80000gn/T/trio-v2-sync-check-required-TXSazV/workspace/AGENTS.md",
    "/private/var/folders/1_/m2vfg4n10n9_50cz0bmvnmx80000gn/T/trio-v2-sync-check-required-TXSazV/workspace/.agents/skills/trio/SKILL.md",
    "/private/var/folders/1_/m2vfg4n10n9_50cz0bmvnmx80000gn/T/trio-v2-sync-check-required-TXSazV/workspace/.agents/skills/trio/dev/SKILL.md",
    "/private/var/folders/1_/m2vfg4n10n9_50cz0bmvnmx80000gn/T/trio-v2-sync-check-required-TXSazV/workspace/.agents/skills/trio/office/SKILL.md",
    "/private/var/folders/1_/m2vfg4n10n9_50cz0bmvnmx80000gn/T/trio-v2-sync-check-required-TXSazV/workspace/.agents/skills/trio/safety/SKILL.md",
    "/private/var/folders/1_/m2vfg4n10n9_50cz0bmvnmx80000gn/T/trio-v2-sync-check-required-TXSazV/workspace/.agents/skills/chiefops/SKILL.md",
    "/private/var/folders/1_/m2vfg4n10n9_50cz0bmvnmx80000gn/T/trio-v2-sync-check-required-TXSazV/workspace/.agents/skills/trio/references/execution.md",
    "/private/var/folders/1_/m2vfg4n10n9_50cz0bmvnmx80000gn/T/trio-v2-sync-check-required-TXSazV/workspace/.agents/skills/trio/dev/references/methods.md",
    "/private/var/folders/1_/m2vfg4n10n9_50cz0bmvnmx80000gn/T/trio-v2-sync-check-required-TXSazV/workspace/.agents/skills/trio/dev/references/review.md",
    "/private/var/folders/1_/m2vfg4n10n9_50cz0bmvnmx80000gn/T/trio-v2-sync-check-required-TXSazV/workspace/.agents/skills/trio/dev/references/pr-feedback.md",
    "/private/var/folders/1_/m2vfg4n10n9_50cz0bmvnmx80000gn/T/trio-v2-sync-check-required-TXSazV/workspace/.agents/skills/chiefops/references/delegated-execution.md",
    "/private/var/folders/1_/m2vfg4n10n9_50cz0bmvnmx80000gn/T/trio-v2-sync-check-required-TXSazV/workspace/.agents/skills/trio/office/references/source-backed-work.md",
    "/private/var/folders/1_/m2vfg4n10n9_50cz0bmvnmx80000gn/T/trio-v2-sync-check-required-TXSazV/workspace/.agents/skills/trio/office/references/artifact-and-delivery.md"
  ],
  "conflicts": []
}
✔ Trio public sync rejects check modes before report output or writes (343.438292ms)
{
  "runtime": "trio",
  "mode": "fresh",
  "writes": [
    "/private/var/folders/1_/m2vfg4n10n9_50cz0bmvnmx80000gn/T/trio-v2-content-ownership-cw9YG4/workspace/AGENTS.md",
    "/private/var/folders/1_/m2vfg4n10n9_50cz0bmvnmx80000gn/T/trio-v2-content-ownership-cw9YG4/workspace/.agents/skills/trio/SKILL.md",
    "/private/var/folders/1_/m2vfg4n10n9_50cz0bmvnmx80000gn/T/trio-v2-content-ownership-cw9YG4/workspace/.agents/skills/trio/dev/SKILL.md",
    "/private/var/folders/1_/m2vfg4n10n9_50cz0bmvnmx80000gn/T/trio-v2-content-ownership-cw9YG4/workspace/.agents/skills/trio/office/SKILL.md",
    "/private/var/folders/1_/m2vfg4n10n9_50cz0bmvnmx80000gn/T/trio-v2-content-ownership-cw9YG4/workspace/.agents/skills/trio/safety/SKILL.md",
    "/private/var/folders/1_/m2vfg4n10n9_50cz0bmvnmx80000gn/T/trio-v2-content-ownership-cw9YG4/workspace/.agents/skills/chiefops/SKILL.md",
    "/private/var/folders/1_/m2vfg4n10n9_50cz0bmvnmx80000gn/T/trio-v2-content-ownership-cw9YG4/workspace/.agents/skills/trio/references/execution.md",
    "/private/var/folders/1_/m2vfg4n10n9_50cz0bmvnmx80000gn/T/trio-v2-content-ownership-cw9YG4/workspace/.agents/skills/trio/dev/references/methods.md",
    "/private/var/folders/1_/m2vfg4n10n9_50cz0bmvnmx80000gn/T/trio-v2-content-ownership-cw9YG4/workspace/.agents/skills/trio/dev/references/review.md",
    "/private/var/folders/1_/m2vfg4n10n9_50cz0bmvnmx80000gn/T/trio-v2-content-ownership-cw9YG4/workspace/.agents/skills/trio/dev/references/pr-feedback.md",
    "/private/var/folders/1_/m2vfg4n10n9_50cz0bmvnmx80000gn/T/trio-v2-content-ownership-cw9YG4/workspace/.agents/skills/chiefops/references/delegated-execution.md",
    "/private/var/folders/1_/m2vfg4n10n9_50cz0bmvnmx80000gn/T/trio-v2-content-ownership-cw9YG4/workspace/.agents/skills/trio/office/references/source-backed-work.md",
    "/private/var/folders/1_/m2vfg4n10n9_50cz0bmvnmx80000gn/T/trio-v2-content-ownership-cw9YG4/workspace/.agents/skills/trio/office/references/artifact-and-delivery.md"
  ],
  "conflicts": []
}
{
  "schemaVersion": 2,
  "runtime": "trio",
  "mode": "dry-run",
  "descriptors": [
    {
      "targetId": "codex",
      "surface": "entry",
      "destination": "/private/var/folders/1_/m2vfg4n10n9_50cz0bmvnmx80000gn/T/trio-v2-content-ownership-cw9YG4/workspace/AGENTS.md",
      "action": "update",
      "execution": "managed",
      "conflict": false
    },
    {
      "targetId": "codex",
      "surface": "trio",
      "destination": "/private/var/folders/1_/m2vfg4n10n9_50cz0bmvnmx80000gn/T/trio-v2-content-ownership-cw9YG4/workspace/.agents/skills/trio/SKILL.md",
      "action": "update",
      "execution": "managed",
      "conflict": false
    },
    {
      "targetId": "codex",
      "surface": "dev",
      "destination": "/private/var/folders/1_/m2vfg4n10n9_50cz0bmvnmx80000gn/T/trio-v2-content-ownership-cw9YG4/workspace/.agents/skills/trio/dev/SKILL.md",
      "action": "update",
      "execution": "managed",
      "conflict": false
    },
    {
      "targetId": "codex",
      "surface": "office",
      "destination": "/private/var/folders/1_/m2vfg4n10n9_50cz0bmvnmx80000gn/T/trio-v2-content-ownership-cw9YG4/workspace/.agents/skills/trio/office/SKILL.md",
      "action": "update",
      "execution": "managed",
      "conflict": false
    },
    {
      "targetId": "codex",
      "surface": "safety",
      "destination": "/private/var/folders/1_/m2vfg4n10n9_50cz0bmvnmx80000gn/T/trio-v2-content-ownership-cw9YG4/workspace/.agents/skills/trio/safety/SKILL.md",
      "action": "update",
      "execution": "managed",
      "conflict": false
    },
    {
      "targetId": "codex",
      "surface": "chiefops",
      "destination": "/private/var/folders/1_/m2vfg4n10n9_50cz0bmvnmx80000gn/T/trio-v2-content-ownership-cw9YG4/workspace/.agents/skills/chiefops/SKILL.md",
      "action": "update",
      "execution": "managed",
      "conflict": false
    },
    {
      "targetId": "codex",
      "surface": "trio/references/execution.md",
      "destination": "/private/var/folders/1_/m2vfg4n10n9_50cz0bmvnmx80000gn/T/trio-v2-content-ownership-cw9YG4/workspace/.agents/skills/trio/references/execution.md",
      "action": "update",
      "execution": "managed",
      "conflict": false
    },
    {
      "targetId": "codex",
      "surface": "dev/references/methods.md",
      "destination": "/private/var/folders/1_/m2vfg4n10n9_50cz0bmvnmx80000gn/T/trio-v2-content-ownership-cw9YG4/workspace/.agents/skills/trio/dev/references/methods.md",
      "action": "update",
      "execution": "managed",
      "conflict": false
    },
    {
      "targetId": "codex",
      "surface": "dev/references/review.md",
      "destination": "/private/var/folders/1_/m2vfg4n10n9_50cz0bmvnmx80000gn/T/trio-v2-content-ownership-cw9YG4/workspace/.agents/skills/trio/dev/references/review.md",
      "action": "update",
      "execution": "managed",
      "conflict": false
    },
    {
      "targetId": "codex",
      "surface": "dev/references/pr-feedback.md",
      "destination": "/private/var/folders/1_/m2vfg4n10n9_50cz0bmvnmx80000gn/T/trio-v2-content-ownership-cw9YG4/workspace/.agents/skills/trio/dev/references/pr-feedback.md",
      "action": "update",
      "execution": "managed",
      "conflict": false
    },
    {
      "targetId": "codex",
      "surface": "chiefops/references/delegated-execution.md",
      "destination": "/private/var/folders/1_/m2vfg4n10n9_50cz0bmvnmx80000gn/T/trio-v2-content-ownership-cw9YG4/workspace/.agents/skills/chiefops/references/delegated-execution.md",
      "action": "update",
      "execution": "managed",
      "conflict": false
    },
    {
      "targetId": "codex",
      "surface": "office/references/source-backed-work.md",
      "destination": "/private/var/folders/1_/m2vfg4n10n9_50cz0bmvnmx80000gn/T/trio-v2-content-ownership-cw9YG4/workspace/.agents/skills/trio/office/references/source-backed-work.md",
      "action": "update",
      "execution": "managed",
      "conflict": false
    },
    {
      "targetId": "codex",
      "surface": "office/references/artifact-and-delivery.md",
      "destination": "/private/var/folders/1_/m2vfg4n10n9_50cz0bmvnmx80000gn/T/trio-v2-content-ownership-cw9YG4/workspace/.agents/skills/trio/office/references/artifact-and-delivery.md",
      "action": "update",
      "execution": "managed",
      "conflict": false
    }
  ],
  "conflicts": []
}
{
  "schemaVersion": 2,
  "runtime": "trio",
  "mode": "dry-run",
  "descriptors": [
    {
      "targetId": "codex",
      "surface": "entry",
      "destination": "/private/var/folders/1_/m2vfg4n10n9_50cz0bmvnmx80000gn/T/trio-v2-content-ownership-cw9YG4/workspace/AGENTS.md",
      "action": "preserve",
      "execution": "manual",
      "conflict": true
    },
    {
      "targetId": "codex",
      "surface": "trio",
      "destination": "/private/var/folders/1_/m2vfg4n10n9_50cz0bmvnmx80000gn/T/trio-v2-content-ownership-cw9YG4/workspace/.agents/skills/trio/SKILL.md",
      "action": "update",
      "execution": "managed",
      "conflict": false
    },
    {
      "targetId": "codex",
      "surface": "dev",
      "destination": "/private/var/folders/1_/m2vfg4n10n9_50cz0bmvnmx80000gn/T/trio-v2-content-ownership-cw9YG4/workspace/.agents/skills/trio/dev/SKILL.md",
      "action": "update",
      "execution": "managed",
      "conflict": false
    },
    {
      "targetId": "codex",
      "surface": "office",
      "destination": "/private/var/folders/1_/m2vfg4n10n9_50cz0bmvnmx80000gn/T/trio-v2-content-ownership-cw9YG4/workspace/.agents/skills/trio/office/SKILL.md",
      "action": "update",
      "execution": "managed",
      "conflict": false
    },
    {
      "targetId": "codex",
      "surface": "safety",
      "destination": "/private/var/folders/1_/m2vfg4n10n9_50cz0bmvnmx80000gn/T/trio-v2-content-ownership-cw9YG4/workspace/.agents/skills/trio/safety/SKILL.md",
      "action": "update",
      "execution": "managed",
      "conflict": false
    },
    {
      "targetId": "codex",
      "surface": "chiefops",
      "destination": "/private/var/folders/1_/m2vfg4n10n9_50cz0bmvnmx80000gn/T/trio-v2-content-ownership-cw9YG4/workspace/.agents/skills/chiefops/SKILL.md",
      "action": "update",
      "execution": "managed",
      "conflict": false
    },
    {
      "targetId": "codex",
      "surface": "trio/references/execution.md",
      "destination": "/private/var/folders/1_/m2vfg4n10n9_50cz0bmvnmx80000gn/T/trio-v2-content-ownership-cw9YG4/workspace/.agents/skills/trio/references/execution.md",
      "action": "update",
      "execution": "managed",
      "conflict": false
    },
    {
      "targetId": "codex",
      "surface": "dev/references/methods.md",
      "destination": "/private/var/folders/1_/m2vfg4n10n9_50cz0bmvnmx80000gn/T/trio-v2-content-ownership-cw9YG4/workspace/.agents/skills/trio/dev/references/methods.md",
      "action": "update",
      "execution": "managed",
      "conflict": false
    },
    {
      "targetId": "codex",
      "surface": "dev/references/review.md",
      "destination": "/private/var/folders/1_/m2vfg4n10n9_50cz0bmvnmx80000gn/T/trio-v2-content-ownership-cw9YG4/workspace/.agents/skills/trio/dev/references/review.md",
      "action": "update",
      "execution": "managed",
      "conflict": false
    },
    {
      "targetId": "codex",
      "surface": "dev/references/pr-feedback.md",
      "destination": "/private/var/folders/1_/m2vfg4n10n9_50cz0bmvnmx80000gn/T/trio-v2-content-ownership-cw9YG4/workspace/.agents/skills/trio/dev/references/pr-feedback.md",
      "action": "update",
      "execution": "managed",
      "conflict": false
    },
    {
      "targetId": "codex",
      "surface": "chiefops/references/delegated-execution.md",
      "destination": "/private/var/folders/1_/m2vfg4n10n9_50cz0bmvnmx80000gn/T/trio-v2-content-ownership-cw9YG4/workspace/.agents/skills/chiefops/references/delegated-execution.md",
      "action": "update",
      "execution": "managed",
      "conflict": false
    },
    {
      "targetId": "codex",
      "surface": "office/references/source-backed-work.md",
      "destination": "/private/var/folders/1_/m2vfg4n10n9_50cz0bmvnmx80000gn/T/trio-v2-content-ownership-cw9YG4/workspace/.agents/skills/trio/office/references/source-backed-work.md",
      "action": "update",
      "execution": "managed",
      "conflict": false
    },
    {
      "targetId": "codex",
      "surface": "office/references/artifact-and-delivery.md",
      "destination": "/private/var/folders/1_/m2vfg4n10n9_50cz0bmvnmx80000gn/T/trio-v2-content-ownership-cw9YG4/workspace/.agents/skills/trio/office/references/artifact-and-delivery.md",
      "action": "update",
      "execution": "managed",
      "conflict": false
    }
  ],
  "conflicts": [
    {
      "targetId": "codex",
      "surface": "entry",
      "destination": "/private/var/folders/1_/m2vfg4n10n9_50cz0bmvnmx80000gn/T/trio-v2-content-ownership-cw9YG4/workspace/AGENTS.md",
      "reason": "destination-observation-unknown"
    }
  ]
}
✔ Trio uses settled content digests to allow source updates and preserve user drift (389.071125ms)
{
  "runtime": "trio",
  "mode": "fresh",
  "writes": [
    "/private/var/folders/1_/m2vfg4n10n9_50cz0bmvnmx80000gn/T/trio-v2-public-content-drift-BIfFvj/workspace/AGENTS.md",
    "/private/var/folders/1_/m2vfg4n10n9_50cz0bmvnmx80000gn/T/trio-v2-public-content-drift-BIfFvj/workspace/.agents/skills/trio/SKILL.md",
    "/private/var/folders/1_/m2vfg4n10n9_50cz0bmvnmx80000gn/T/trio-v2-public-content-drift-BIfFvj/workspace/.agents/skills/trio/dev/SKILL.md",
    "/private/var/folders/1_/m2vfg4n10n9_50cz0bmvnmx80000gn/T/trio-v2-public-content-drift-BIfFvj/workspace/.agents/skills/trio/office/SKILL.md",
    "/private/var/folders/1_/m2vfg4n10n9_50cz0bmvnmx80000gn/T/trio-v2-public-content-drift-BIfFvj/workspace/.agents/skills/trio/safety/SKILL.md",
    "/private/var/folders/1_/m2vfg4n10n9_50cz0bmvnmx80000gn/T/trio-v2-public-content-drift-BIfFvj/workspace/.agents/skills/chiefops/SKILL.md",
    "/private/var/folders/1_/m2vfg4n10n9_50cz0bmvnmx80000gn/T/trio-v2-public-content-drift-BIfFvj/workspace/.agents/skills/trio/references/execution.md",
    "/private/var/folders/1_/m2vfg4n10n9_50cz0bmvnmx80000gn/T/trio-v2-public-content-drift-BIfFvj/workspace/.agents/skills/trio/dev/references/methods.md",
    "/private/var/folders/1_/m2vfg4n10n9_50cz0bmvnmx80000gn/T/trio-v2-public-content-drift-BIfFvj/workspace/.agents/skills/trio/dev/references/review.md",
    "/private/var/folders/1_/m2vfg4n10n9_50cz0bmvnmx80000gn/T/trio-v2-public-content-drift-BIfFvj/workspace/.agents/skills/trio/dev/references/pr-feedback.md",
    "/private/var/folders/1_/m2vfg4n10n9_50cz0bmvnmx80000gn/T/trio-v2-public-content-drift-BIfFvj/workspace/.agents/skills/chiefops/references/delegated-execution.md",
    "/private/var/folders/1_/m2vfg4n10n9_50cz0bmvnmx80000gn/T/trio-v2-public-content-drift-BIfFvj/workspace/.agents/skills/trio/office/references/source-backed-work.md",
    "/private/var/folders/1_/m2vfg4n10n9_50cz0bmvnmx80000gn/T/trio-v2-public-content-drift-BIfFvj/workspace/.agents/skills/trio/office/references/artifact-and-delivery.md"
  ],
  "conflicts": []
}
{
  "schemaVersion": 2,
  "runtime": "trio",
  "mode": "dry-run",
  "descriptors": [
    {
      "targetId": "codex",
      "surface": "entry",
      "destination": "/private/var/folders/1_/m2vfg4n10n9_50cz0bmvnmx80000gn/T/trio-v2-public-content-drift-BIfFvj/workspace/AGENTS.md",
      "action": "update",
      "execution": "managed",
      "conflict": false
    },
    {
      "targetId": "codex",
      "surface": "trio",
      "destination": "/private/var/folders/1_/m2vfg4n10n9_50cz0bmvnmx80000gn/T/trio-v2-public-content-drift-BIfFvj/workspace/.agents/skills/trio/SKILL.md",
      "action": "update",
      "execution": "managed",
      "conflict": false
    },
    {
      "targetId": "codex",
      "surface": "dev",
      "destination": "/private/var/folders/1_/m2vfg4n10n9_50cz0bmvnmx80000gn/T/trio-v2-public-content-drift-BIfFvj/workspace/.agents/skills/trio/dev/SKILL.md",
      "action": "update",
      "execution": "managed",
      "conflict": false
    },
    {
      "targetId": "codex",
      "surface": "office",
      "destination": "/private/var/folders/1_/m2vfg4n10n9_50cz0bmvnmx80000gn/T/trio-v2-public-content-drift-BIfFvj/workspace/.agents/skills/trio/office/SKILL.md",
      "action": "update",
      "execution": "managed",
      "conflict": false
    },
    {
      "targetId": "codex",
      "surface": "safety",
      "destination": "/private/var/folders/1_/m2vfg4n10n9_50cz0bmvnmx80000gn/T/trio-v2-public-content-drift-BIfFvj/workspace/.agents/skills/trio/safety/SKILL.md",
      "action": "update",
      "execution": "managed",
      "conflict": false
    },
    {
      "targetId": "codex",
      "surface": "chiefops",
      "destination": "/private/var/folders/1_/m2vfg4n10n9_50cz0bmvnmx80000gn/T/trio-v2-public-content-drift-BIfFvj/workspace/.agents/skills/chiefops/SKILL.md",
      "action": "update",
      "execution": "managed",
      "conflict": false
    },
    {
      "targetId": "codex",
      "surface": "trio/references/execution.md",
      "destination": "/private/var/folders/1_/m2vfg4n10n9_50cz0bmvnmx80000gn/T/trio-v2-public-content-drift-BIfFvj/workspace/.agents/skills/trio/references/execution.md",
      "action": "update",
      "execution": "managed",
      "conflict": false
    },
    {
      "targetId": "codex",
      "surface": "dev/references/methods.md",
      "destination": "/private/var/folders/1_/m2vfg4n10n9_50cz0bmvnmx80000gn/T/trio-v2-public-content-drift-BIfFvj/workspace/.agents/skills/trio/dev/references/methods.md",
      "action": "update",
      "execution": "managed",
      "conflict": false
    },
    {
      "targetId": "codex",
      "surface": "dev/references/review.md",
      "destination": "/private/var/folders/1_/m2vfg4n10n9_50cz0bmvnmx80000gn/T/trio-v2-public-content-drift-BIfFvj/workspace/.agents/skills/trio/dev/references/review.md",
      "action": "update",
      "execution": "managed",
      "conflict": false
    },
    {
      "targetId": "codex",
      "surface": "dev/references/pr-feedback.md",
      "destination": "/private/var/folders/1_/m2vfg4n10n9_50cz0bmvnmx80000gn/T/trio-v2-public-content-drift-BIfFvj/workspace/.agents/skills/trio/dev/references/pr-feedback.md",
      "action": "update",
      "execution": "managed",
      "conflict": false
    },
    {
      "targetId": "codex",
      "surface": "chiefops/references/delegated-execution.md",
      "destination": "/private/var/folders/1_/m2vfg4n10n9_50cz0bmvnmx80000gn/T/trio-v2-public-content-drift-BIfFvj/workspace/.agents/skills/chiefops/references/delegated-execution.md",
      "action": "update",
      "execution": "managed",
      "conflict": false
    },
    {
      "targetId": "codex",
      "surface": "office/references/source-backed-work.md",
      "destination": "/private/var/folders/1_/m2vfg4n10n9_50cz0bmvnmx80000gn/T/trio-v2-public-content-drift-BIfFvj/workspace/.agents/skills/trio/office/references/source-backed-work.md",
      "action": "update",
      "execution": "managed",
      "conflict": false
    },
    {
      "targetId": "codex",
      "surface": "office/references/artifact-and-delivery.md",
      "destination": "/private/var/folders/1_/m2vfg4n10n9_50cz0bmvnmx80000gn/T/trio-v2-public-content-drift-BIfFvj/workspace/.agents/skills/trio/office/references/artifact-and-delivery.md",
      "action": "update",
      "execution": "managed",
      "conflict": false
    }
  ],
  "conflicts": []
}
{
  "schemaVersion": 2,
  "runtime": "trio",
  "mode": "dry-run",
  "descriptors": [
    {
      "targetId": "codex",
      "surface": "entry",
      "destination": "/private/var/folders/1_/m2vfg4n10n9_50cz0bmvnmx80000gn/T/trio-v2-public-content-drift-BIfFvj/workspace/AGENTS.md",
      "action": "preserve",
      "execution": "manual",
      "conflict": true
    },
    {
      "targetId": "codex",
      "surface": "trio",
      "destination": "/private/var/folders/1_/m2vfg4n10n9_50cz0bmvnmx80000gn/T/trio-v2-public-content-drift-BIfFvj/workspace/.agents/skills/trio/SKILL.md",
      "action": "update",
      "execution": "managed",
      "conflict": false
    },
    {
      "targetId": "codex",
      "surface": "dev",
      "destination": "/private/var/folders/1_/m2vfg4n10n9_50cz0bmvnmx80000gn/T/trio-v2-public-content-drift-BIfFvj/workspace/.agents/skills/trio/dev/SKILL.md",
      "action": "update",
      "execution": "managed",
      "conflict": false
    },
    {
      "targetId": "codex",
      "surface": "office",
      "destination": "/private/var/folders/1_/m2vfg4n10n9_50cz0bmvnmx80000gn/T/trio-v2-public-content-drift-BIfFvj/workspace/.agents/skills/trio/office/SKILL.md",
      "action": "update",
      "execution": "managed",
      "conflict": false
    },
    {
      "targetId": "codex",
      "surface": "safety",
      "destination": "/private/var/folders/1_/m2vfg4n10n9_50cz0bmvnmx80000gn/T/trio-v2-public-content-drift-BIfFvj/workspace/.agents/skills/trio/safety/SKILL.md",
      "action": "update",
      "execution": "managed",
      "conflict": false
    },
    {
      "targetId": "codex",
      "surface": "chiefops",
      "destination": "/private/var/folders/1_/m2vfg4n10n9_50cz0bmvnmx80000gn/T/trio-v2-public-content-drift-BIfFvj/workspace/.agents/skills/chiefops/SKILL.md",
      "action": "update",
      "execution": "managed",
      "conflict": false
    },
    {
      "targetId": "codex",
      "surface": "trio/references/execution.md",
      "destination": "/private/var/folders/1_/m2vfg4n10n9_50cz0bmvnmx80000gn/T/trio-v2-public-content-drift-BIfFvj/workspace/.agents/skills/trio/references/execution.md",
      "action": "update",
      "execution": "managed",
      "conflict": false
    },
    {
      "targetId": "codex",
      "surface": "dev/references/methods.md",
      "destination": "/private/var/folders/1_/m2vfg4n10n9_50cz0bmvnmx80000gn/T/trio-v2-public-content-drift-BIfFvj/workspace/.agents/skills/trio/dev/references/methods.md",
      "action": "update",
      "execution": "managed",
      "conflict": false
    },
    {
      "targetId": "codex",
      "surface": "dev/references/review.md",
      "destination": "/private/var/folders/1_/m2vfg4n10n9_50cz0bmvnmx80000gn/T/trio-v2-public-content-drift-BIfFvj/workspace/.agents/skills/trio/dev/references/review.md",
      "action": "update",
      "execution": "managed",
      "conflict": false
    },
    {
      "targetId": "codex",
      "surface": "dev/references/pr-feedback.md",
      "destination": "/private/var/folders/1_/m2vfg4n10n9_50cz0bmvnmx80000gn/T/trio-v2-public-content-drift-BIfFvj/workspace/.agents/skills/trio/dev/references/pr-feedback.md",
      "action": "update",
      "execution": "managed",
      "conflict": false
    },
    {
      "targetId": "codex",
      "surface": "chiefops/references/delegated-execution.md",
      "destination": "/private/var/folders/1_/m2vfg4n10n9_50cz0bmvnmx80000gn/T/trio-v2-public-content-drift-BIfFvj/workspace/.agents/skills/chiefops/references/delegated-execution.md",
      "action": "update",
      "execution": "managed",
      "conflict": false
    },
    {
      "targetId": "codex",
      "surface": "office/references/source-backed-work.md",
      "destination": "/private/var/folders/1_/m2vfg4n10n9_50cz0bmvnmx80000gn/T/trio-v2-public-content-drift-BIfFvj/workspace/.agents/skills/trio/office/references/source-backed-work.md",
      "action": "update",
      "execution": "managed",
      "conflict": false
    },
    {
      "targetId": "codex",
      "surface": "office/references/artifact-and-delivery.md",
      "destination": "/private/var/folders/1_/m2vfg4n10n9_50cz0bmvnmx80000gn/T/trio-v2-public-content-drift-BIfFvj/workspace/.agents/skills/trio/office/references/artifact-and-delivery.md",
      "action": "update",
      "execution": "managed",
      "conflict": false
    }
  ],
  "conflicts": [
    {
      "targetId": "codex",
      "surface": "entry",
      "destination": "/private/var/folders/1_/m2vfg4n10n9_50cz0bmvnmx80000gn/T/trio-v2-public-content-drift-BIfFvj/workspace/AGENTS.md",
      "reason": "destination-observation-unknown"
    }
  ]
}
✔ Trio public sync treats a content-digest mismatch as user-owned drift (465.064083ms)
✔ Trio physical fixture gate rejects a symlinked managed parent before state or target writes (20.985709ms)
✔ Trio internal apply compensates a mid-apply failure without changing V1 state (115.85225ms)
✔ Trio internal apply preserves the original state when the state publish fails before rename (435.529708ms)
✔ Trio rollback preserves an ambiguous post-publish target and restores prior receipts (100.996291ms)
✔ Trio rollback preserves an ambiguous post-publish state and restores target receipts (504.057041ms)
✔ Trio apply rechecks a post-observation target swap before its first write (20.890875ms)
✔ Trio selector and fixture inputs fail closed without legacy or target writes (1.371875ms)
✔ unknown Trio selectors reject help before emitting command usage (0.708375ms)
✔ production selector pollution rejects help before output (0.319375ms)
✔ Trio rollback preserves a same-content foreign replacement after publication (71.646542ms)
✔ Trio rollback preserves a replaced transaction-created directory (79.328083ms)
{
  "runtime": "trio",
  "mode": "fresh",
  "writes": [
    "/private/var/folders/1_/m2vfg4n10n9_50cz0bmvnmx80000gn/T/trio-v2-state-alias-EUDS9T/workspace/AGENTS.md",
    "/private/var/folders/1_/m2vfg4n10n9_50cz0bmvnmx80000gn/T/trio-v2-state-alias-EUDS9T/workspace/.agents/skills/trio/SKILL.md",
    "/private/var/folders/1_/m2vfg4n10n9_50cz0bmvnmx80000gn/T/trio-v2-state-alias-EUDS9T/workspace/.agents/skills/trio/dev/SKILL.md",
    "/private/var/folders/1_/m2vfg4n10n9_50cz0bmvnmx80000gn/T/trio-v2-state-alias-EUDS9T/workspace/.agents/skills/trio/office/SKILL.md",
    "/private/var/folders/1_/m2vfg4n10n9_50cz0bmvnmx80000gn/T/trio-v2-state-alias-EUDS9T/workspace/.agents/skills/trio/safety/SKILL.md",
    "/private/var/folders/1_/m2vfg4n10n9_50cz0bmvnmx80000gn/T/trio-v2-state-alias-EUDS9T/workspace/.agents/skills/chiefops/SKILL.md",
    "/private/var/folders/1_/m2vfg4n10n9_50cz0bmvnmx80000gn/T/trio-v2-state-alias-EUDS9T/workspace/.agents/skills/trio/references/execution.md",
    "/private/var/folders/1_/m2vfg4n10n9_50cz0bmvnmx80000gn/T/trio-v2-state-alias-EUDS9T/workspace/.agents/skills/trio/dev/references/methods.md",
    "/private/var/folders/1_/m2vfg4n10n9_50cz0bmvnmx80000gn/T/trio-v2-state-alias-EUDS9T/workspace/.agents/skills/trio/dev/references/review.md",
    "/private/var/folders/1_/m2vfg4n10n9_50cz0bmvnmx80000gn/T/trio-v2-state-alias-EUDS9T/workspace/.agents/skills/trio/dev/references/pr-feedback.md",
    "/private/var/folders/1_/m2vfg4n10n9_50cz0bmvnmx80000gn/T/trio-v2-state-alias-EUDS9T/workspace/.agents/skills/chiefops/references/delegated-execution.md",
    "/private/var/folders/1_/m2vfg4n10n9_50cz0bmvnmx80000gn/T/trio-v2-state-alias-EUDS9T/workspace/.agents/skills/trio/office/references/source-backed-work.md",
    "/private/var/folders/1_/m2vfg4n10n9_50cz0bmvnmx80000gn/T/trio-v2-state-alias-EUDS9T/workspace/.agents/skills/trio/office/references/artifact-and-delivery.md"
  ],
  "conflicts": []
}
✔ Trio physical fixture gate rejects descriptor-to-state aliases (400.592916ms)
{
  "runtime": "trio",
  "mode": "upgrade",
  "writes": [
    "/private/var/folders/1_/m2vfg4n10n9_50cz0bmvnmx80000gn/T/trio-v2-command-upgrade-v1-standard-bGT4Hg/home/.codex/AGENTS.md",
    "/private/var/folders/1_/m2vfg4n10n9_50cz0bmvnmx80000gn/T/trio-v2-command-upgrade-v1-standard-bGT4Hg/home/.agents/skills/trio/SKILL.md",
    "/private/var/folders/1_/m2vfg4n10n9_50cz0bmvnmx80000gn/T/trio-v2-command-upgrade-v1-standard-bGT4Hg/home/.agents/skills/trio/dev/SKILL.md",
    "/private/var/folders/1_/m2vfg4n10n9_50cz0bmvnmx80000gn/T/trio-v2-command-upgrade-v1-standard-bGT4Hg/home/.agents/skills/trio/office/SKILL.md",
    "/private/var/folders/1_/m2vfg4n10n9_50cz0bmvnmx80000gn/T/trio-v2-command-upgrade-v1-standard-bGT4Hg/home/.agents/skills/trio/safety/SKILL.md",
    "/private/var/folders/1_/m2vfg4n10n9_50cz0bmvnmx80000gn/T/trio-v2-command-upgrade-v1-standard-bGT4Hg/home/.agents/skills/chiefops/SKILL.md",
    "/private/var/folders/1_/m2vfg4n10n9_50cz0bmvnmx80000gn/T/trio-v2-command-upgrade-v1-standard-bGT4Hg/home/.agents/skills/trio/references/execution.md",
    "/private/var/folders/1_/m2vfg4n10n9_50cz0bmvnmx80000gn/T/trio-v2-command-upgrade-v1-standard-bGT4Hg/home/.agents/skills/trio/dev/references/methods.md",
    "/private/var/folders/1_/m2vfg4n10n9_50cz0bmvnmx80000gn/T/trio-v2-command-upgrade-v1-standard-bGT4Hg/home/.agents/skills/trio/dev/references/review.md",
    "/private/var/folders/1_/m2vfg4n10n9_50cz0bmvnmx80000gn/T/trio-v2-command-upgrade-v1-standard-bGT4Hg/home/.agents/skills/trio/dev/references/pr-feedback.md",
    "/private/var/folders/1_/m2vfg4n10n9_50cz0bmvnmx80000gn/T/trio-v2-command-upgrade-v1-standard-bGT4Hg/home/.agents/skills/chiefops/references/delegated-execution.md",
    "/private/var/folders/1_/m2vfg4n10n9_50cz0bmvnmx80000gn/T/trio-v2-command-upgrade-v1-standard-bGT4Hg/home/.agents/skills/trio/office/references/source-backed-work.md",
    "/private/var/folders/1_/m2vfg4n10n9_50cz0bmvnmx80000gn/T/trio-v2-command-upgrade-v1-standard-bGT4Hg/home/.agents/skills/trio/office/references/artifact-and-delivery.md"
  ],
  "conflicts": [
    {
      "targetId": "cursor",
      "surface": "entry",
      "destination": "/private/var/folders/1_/m2vfg4n10n9_50cz0bmvnmx80000gn/T/trio-v2-command-upgrade-v1-standard-bGT4Hg/home/manual/cursor/entry-policy.md",
      "reason": "destination-observation-unknown"
    },
    {
      "targetId": "cursor",
      "surface": "trio",
      "destination": "/private/var/folders/1_/m2vfg4n10n9_50cz0bmvnmx80000gn/T/trio-v2-command-upgrade-v1-standard-bGT4Hg/home/manual/cursor/skills/trio/SKILL.md",
      "reason": "destination-observation-unknown"
    },
    {
      "targetId": "cursor",
      "surface": "dev",
      "destination": "/private/var/folders/1_/m2vfg4n10n9_50cz0bmvnmx80000gn/T/trio-v2-command-upgrade-v1-standard-bGT4Hg/home/manual/cursor/skills/trio/dev/SKILL.md",
      "reason": "destination-observation-unknown"
    },
    {
      "targetId": "cursor",
      "surface": "office",
      "destination": "/private/var/folders/1_/m2vfg4n10n9_50cz0bmvnmx80000gn/T/trio-v2-command-upgrade-v1-standard-bGT4Hg/home/manual/cursor/skills/trio/office/SKILL.md",
      "reason": "destination-observation-unknown"
    },
    {
      "targetId": "cursor",
      "surface": "safety",
      "destination": "/private/var/folders/1_/m2vfg4n10n9_50cz0bmvnmx80000gn/T/trio-v2-command-upgrade-v1-standard-bGT4Hg/home/manual/cursor/skills/trio/safety/SKILL.md",
      "reason": "destination-observation-unknown"
    },
    {
      "targetId": "cursor",
      "surface": "chiefops",
      "destination": "/private/var/folders/1_/m2vfg4n10n9_50cz0bmvnmx80000gn/T/trio-v2-command-upgrade-v1-standard-bGT4Hg/home/manual/cursor/skills/chiefops/SKILL.md",
      "reason": "destination-observation-unknown"
    },
    {
      "targetId": "cursor",
      "surface": "trio/references/execution.md",
      "destination": "/private/var/folders/1_/m2vfg4n10n9_50cz0bmvnmx80000gn/T/trio-v2-command-upgrade-v1-standard-bGT4Hg/home/manual/cursor/skills/trio/references/execution.md",
      "reason": "destination-observation-unknown"
    },
    {
      "targetId": "cursor",
      "surface": "dev/references/methods.md",
      "destination": "/private/var/folders/1_/m2vfg4n10n9_50cz0bmvnmx80000gn/T/trio-v2-command-upgrade-v1-standard-bGT4Hg/home/manual/cursor/skills/trio/dev/references/methods.md",
      "reason": "destination-observation-unknown"
    },
    {
      "targetId": "cursor",
      "surface": "dev/references/review.md",
      "destination": "/private/var/folders/1_/m2vfg4n10n9_50cz0bmvnmx80000gn/T/trio-v2-command-upgrade-v1-standard-bGT4Hg/home/manual/cursor/skills/trio/dev/references/review.md",
      "reason": "destination-observation-unknown"
    },
    {
      "targetId": "cursor",
      "surface": "dev/references/pr-feedback.md",
      "destination": "/private/var/folders/1_/m2vfg4n10n9_50cz0bmvnmx80000gn/T/trio-v2-command-upgrade-v1-standard-bGT4Hg/home/manual/cursor/skills/trio/dev/references/pr-feedback.md",
      "reason": "destination-observation-unknown"
    },
    {
      "targetId": "cursor",
      "surface": "chiefops/references/delegated-execution.md",
      "destination": "/private/var/folders/1_/m2vfg4n10n9_50cz0bmvnmx80000gn/T/trio-v2-command-upgrade-v1-standard-bGT4Hg/home/manual/cursor/skills/chiefops/references/delegated-execution.md",
      "reason": "destination-observation-unknown"
    },
    {
      "targetId": "cursor",
      "surface": "office/references/source-backed-work.md",
      "destination": "/private/var/folders/1_/m2vfg4n10n9_50cz0bmvnmx80000gn/T/trio-v2-command-upgrade-v1-standard-bGT4Hg/home/manual/cursor/skills/trio/office/references/source-backed-work.md",
      "reason": "destination-observation-unknown"
    },
    {
      "targetId": "cursor",
      "surface": "office/references/artifact-and-delivery.md",
      "destination": "/private/var/folders/1_/m2vfg4n10n9_50cz0bmvnmx80000gn/T/trio-v2-command-upgrade-v1-standard-bGT4Hg/home/manual/cursor/skills/trio/office/references/artifact-and-delivery.md",
      "reason": "destination-observation-unknown"
    }
  ]
}
✔ Trio upgrade leaves legacy stale and retired sentinels untouched (364.478542ms)
✔ Trio upgrade rejects unmanaged evidence and unsafe recovery or hard-link inputs before writes (72.878125ms)
✔ install fixtures have exact roots/files and fresh input is strict V2 (13.282125ms)
✔ standard V1 migration consumes real raw bytes from a temp copy and preserves provenance (11.667208ms)
✔ migration requires content-addressed raw manifest and explicit recovery references (11.750542ms)
✔ V1 migration wrapper requires exactly four own fields (10.633125ms)
✔ migration rejects inherited V1 structural and selected manifest fields (12.531417ms)
✔ unmanaged V1 upgrade preserves the existing destination and never updates it (12.410834ms)
{
  "runtime": "trio",
  "mode": "takeover-chiefops",
  "writes": [
    "/private/var/folders/1_/m2vfg4n10n9_50cz0bmvnmx80000gn/T/trio-v2-production-takeover-success-Mq6XZJ/home/.codex/AGENTS.md",
    "/private/var/folders/1_/m2vfg4n10n9_50cz0bmvnmx80000gn/T/trio-v2-production-takeover-success-Mq6XZJ/home/.agents/skills/trio/SKILL.md",
    "/private/var/folders/1_/m2vfg4n10n9_50cz0bmvnmx80000gn/T/trio-v2-production-takeover-success-Mq6XZJ/home/.agents/skills/trio/dev/SKILL.md",
    "/private/var/folders/1_/m2vfg4n10n9_50cz0bmvnmx80000gn/T/trio-v2-production-takeover-success-Mq6XZJ/home/.agents/skills/trio/office/SKILL.md",
    "/private/var/folders/1_/m2vfg4n10n9_50cz0bmvnmx80000gn/T/trio-v2-production-takeover-success-Mq6XZJ/home/.agents/skills/trio/safety/SKILL.md",
    "/private/var/folders/1_/m2vfg4n10n9_50cz0bmvnmx80000gn/T/trio-v2-production-takeover-success-Mq6XZJ/home/.agents/skills/chiefops/SKILL.md",
    "/private/var/folders/1_/m2vfg4n10n9_50cz0bmvnmx80000gn/T/trio-v2-production-takeover-success-Mq6XZJ/home/.agents/skills/trio/references/execution.md",
    "/private/var/folders/1_/m2vfg4n10n9_50cz0bmvnmx80000gn/T/trio-v2-production-takeover-success-Mq6XZJ/home/.agents/skills/trio/dev/references/methods.md",
    "/private/var/folders/1_/m2vfg4n10n9_50cz0bmvnmx80000gn/T/trio-v2-production-takeover-success-Mq6XZJ/home/.agents/skills/trio/dev/references/review.md",
    "/private/var/folders/1_/m2vfg4n10n9_50cz0bmvnmx80000gn/T/trio-v2-production-takeover-success-Mq6XZJ/home/.agents/skills/trio/dev/references/pr-feedback.md",
    "/private/var/folders/1_/m2vfg4n10n9_50cz0bmvnmx80000gn/T/trio-v2-production-takeover-success-Mq6XZJ/home/.agents/skills/chiefops/references/delegated-execution.md",
    "/private/var/folders/1_/m2vfg4n10n9_50cz0bmvnmx80000gn/T/trio-v2-production-takeover-success-Mq6XZJ/home/.agents/skills/trio/office/references/source-backed-work.md",
    "/private/var/folders/1_/m2vfg4n10n9_50cz0bmvnmx80000gn/T/trio-v2-production-takeover-success-Mq6XZJ/home/.agents/skills/trio/office/references/artifact-and-delivery.md"
  ],
  "conflicts": [
    {
      "targetId": "copilot",
      "surface": "entry",
      "destination": "/private/var/folders/1_/m2vfg4n10n9_50cz0bmvnmx80000gn/T/trio-v2-production-takeover-success-Mq6XZJ/home/manual/copilot/entry-policy.md",
      "reason": "destination-observation-unknown"
    },
    {
      "targetId": "copilot",
      "surface": "trio",
      "destination": "/private/var/folders/1_/m2vfg4n10n9_50cz0bmvnmx80000gn/T/trio-v2-production-takeover-success-Mq6XZJ/home/manual/copilot/skills/trio/SKILL.md",
      "reason": "destination-observation-unknown"
    },
    {
      "targetId": "copilot",
      "surface": "dev",
      "destination": "/private/var/folders/1_/m2vfg4n10n9_50cz0bmvnmx80000gn/T/trio-v2-production-takeover-success-Mq6XZJ/home/manual/copilot/skills/trio/dev/SKILL.md",
      "reason": "destination-observation-unknown"
    },
    {
      "targetId": "copilot",
      "surface": "office",
      "destination": "/private/var/folders/1_/m2vfg4n10n9_50cz0bmvnmx80000gn/T/trio-v2-production-takeover-success-Mq6XZJ/home/manual/copilot/skills/trio/office/SKILL.md",
      "reason": "destination-observation-unknown"
    },
    {
      "targetId": "copilot",
      "surface": "safety",
      "destination": "/private/var/folders/1_/m2vfg4n10n9_50cz0bmvnmx80000gn/T/trio-v2-production-takeover-success-Mq6XZJ/home/manual/copilot/skills/trio/safety/SKILL.md",
      "reason": "destination-observation-unknown"
    },
    {
      "targetId": "copilot",
      "surface": "chiefops",
      "destination": "/private/var/folders/1_/m2vfg4n10n9_50cz0bmvnmx80000gn/T/trio-v2-production-takeover-success-Mq6XZJ/home/manual/copilot/skills/chiefops/SKILL.md",
      "reason": "destination-observation-unknown"
    },
    {
      "targetId": "copilot",
      "surface": "trio/references/execution.md",
      "destination": "/private/var/folders/1_/m2vfg4n10n9_50cz0bmvnmx80000gn/T/trio-v2-production-takeover-success-Mq6XZJ/home/manual/copilot/skills/trio/references/execution.md",
      "reason": "destination-observation-unknown"
    },
    {
      "targetId": "copilot",
      "surface": "dev/references/methods.md",
      "destination": "/private/var/folders/1_/m2vfg4n10n9_50cz0bmvnmx80000gn/T/trio-v2-production-takeover-success-Mq6XZJ/home/manual/copilot/skills/trio/dev/references/methods.md",
      "reason": "destination-observation-unknown"
    },
    {
      "targetId": "copilot",
      "surface": "dev/references/review.md",
      "destination": "/private/var/folders/1_/m2vfg4n10n9_50cz0bmvnmx80000gn/T/trio-v2-production-takeover-success-Mq6XZJ/home/manual/copilot/skills/trio/dev/references/review.md",
      "reason": "destination-observation-unknown"
    },
    {
      "targetId": "copilot",
      "surface": "dev/references/pr-feedback.md",
      "destination": "/private/var/folders/1_/m2vfg4n10n9_50cz0bmvnmx80000gn/T/trio-v2-production-takeover-success-Mq6XZJ/home/manual/copilot/skills/trio/dev/references/pr-feedback.md",
      "reason": "destination-observation-unknown"
    },
    {
      "targetId": "copilot",
      "surface": "chiefops/references/delegated-execution.md",
      "destination": "/private/var/folders/1_/m2vfg4n10n9_50cz0bmvnmx80000gn/T/trio-v2-production-takeover-success-Mq6XZJ/home/manual/copilot/skills/chiefops/references/delegated-execution.md",
      "reason": "destination-observation-unknown"
    },
    {
      "targetId": "copilot",
      "surface": "office/references/source-backed-work.md",
      "destination": "/private/var/folders/1_/m2vfg4n10n9_50cz0bmvnmx80000gn/T/trio-v2-production-takeover-success-Mq6XZJ/home/manual/copilot/skills/trio/office/references/source-backed-work.md",
      "reason": "destination-observation-unknown"
    },
    {
      "targetId": "copilot",
      "surface": "office/references/artifact-and-delivery.md",
      "destination": "/private/var/folders/1_/m2vfg4n10n9_50cz0bmvnmx80000gn/T/trio-v2-production-takeover-success-Mq6XZJ/home/manual/copilot/skills/trio/office/references/artifact-and-delivery.md",
      "reason": "destination-observation-unknown"
    }
  ],
  "backup": {
    "ref": "trio-backup-v1:/private/var/folders/1_/m2vfg4n10n9_50cz0bmvnmx80000gn/T/trio-v2-production-takeover-success-Mq6XZJ/authority/.harness-backup/trio-takeover/20260920-154940-92e562d6-96ad-4d8a-a892-b6e5875c04da/manifest.json:437c8bc13eb324f69a651feb47ef479e65d0f87711a09f652437dd79e91e97c4",
    "root": "/private/var/folders/1_/m2vfg4n10n9_50cz0bmvnmx80000gn/T/trio-v2-production-takeover-success-Mq6XZJ/authority/.harness-backup/trio-takeover/20260920-154940-92e562d6-96ad-4d8a-a892-b6e5875c04da",
    "manifestPath": "/private/var/folders/1_/m2vfg4n10n9_50cz0bmvnmx80000gn/T/trio-v2-production-takeover-success-Mq6XZJ/authority/.harness-backup/trio-takeover/20260920-154940-92e562d6-96ad-4d8a-a892-b6e5875c04da/manifest.json",
    "bundlePath": "/private/var/folders/1_/m2vfg4n10n9_50cz0bmvnmx80000gn/T/trio-v2-production-takeover-success-Mq6XZJ/authority/.harness-backup/trio-takeover/20260920-154940-92e562d6-96ad-4d8a-a892-b6e5875c04da/bundle.bin"
  }
}
{
  "schemaVersion": 2,
  "runtime": "trio",
  "mode": "dry-run",
  "descriptors": [
    {
      "targetId": "codex",
      "surface": "entry",
      "destination": "/private/var/folders/1_/m2vfg4n10n9_50cz0bmvnmx80000gn/T/trio-v2-production-takeover-success-Mq6XZJ/home/.codex/AGENTS.md",
      "action": "update",
      "execution": "managed",
      "conflict": false
    },
    {
      "targetId": "codex",
      "surface": "trio",
      "destination": "/private/var/folders/1_/m2vfg4n10n9_50cz0bmvnmx80000gn/T/trio-v2-production-takeover-success-Mq6XZJ/home/.agents/skills/trio/SKILL.md",
      "action": "update",
      "execution": "managed",
      "conflict": false
    },
    {
      "targetId": "codex",
      "surface": "dev",
      "destination": "/private/var/folders/1_/m2vfg4n10n9_50cz0bmvnmx80000gn/T/trio-v2-production-takeover-success-Mq6XZJ/home/.agents/skills/trio/dev/SKILL.md",
      "action": "update",
      "execution": "managed",
      "conflict": false
    },
    {
      "targetId": "codex",
      "surface": "office",
      "destination": "/private/var/folders/1_/m2vfg4n10n9_50cz0bmvnmx80000gn/T/trio-v2-production-takeover-success-Mq6XZJ/home/.agents/skills/trio/office/SKILL.md",
      "action": "update",
      "execution": "managed",
      "conflict": false
    },
    {
      "targetId": "codex",
      "surface": "safety",
      "destination": "/private/var/folders/1_/m2vfg4n10n9_50cz0bmvnmx80000gn/T/trio-v2-production-takeover-success-Mq6XZJ/home/.agents/skills/trio/safety/SKILL.md",
      "action": "update",
      "execution": "managed",
      "conflict": false
    },
    {
      "targetId": "codex",
      "surface": "chiefops",
      "destination": "/private/var/folders/1_/m2vfg4n10n9_50cz0bmvnmx80000gn/T/trio-v2-production-takeover-success-Mq6XZJ/home/.agents/skills/chiefops/SKILL.md",
      "action": "update",
      "execution": "managed",
      "conflict": false
    },
    {
      "targetId": "codex",
      "surface": "trio/references/execution.md",
      "destination": "/private/var/folders/1_/m2vfg4n10n9_50cz0bmvnmx80000gn/T/trio-v2-production-takeover-success-Mq6XZJ/home/.agents/skills/trio/references/execution.md",
      "action": "update",
      "execution": "managed",
      "conflict": false
    },
    {
      "targetId": "codex",
      "surface": "dev/references/methods.md",
      "destination": "/private/var/folders/1_/m2vfg4n10n9_50cz0bmvnmx80000gn/T/trio-v2-production-takeover-success-Mq6XZJ/home/.agents/skills/trio/dev/references/methods.md",
      "action": "update",
      "execution": "managed",
      "conflict": false
    },
    {
      "targetId": "codex",
      "surface": "dev/references/review.md",
      "destination": "/private/var/folders/1_/m2vfg4n10n9_50cz0bmvnmx80000gn/T/trio-v2-production-takeover-success-Mq6XZJ/home/.agents/skills/trio/dev/references/review.md",
      "action": "update",
      "execution": "managed",
      "conflict": false
    },
    {
      "targetId": "codex",
      "surface": "dev/references/pr-feedback.md",
      "destination": "/private/var/folders/1_/m2vfg4n10n9_50cz0bmvnmx80000gn/T/trio-v2-production-takeover-success-Mq6XZJ/home/.agents/skills/trio/dev/references/pr-feedback.md",
      "action": "update",
      "execution": "managed",
      "conflict": false
    },
    {
      "targetId": "codex",
      "surface": "chiefops/references/delegated-execution.md",
      "destination": "/private/var/folders/1_/m2vfg4n10n9_50cz0bmvnmx80000gn/T/trio-v2-production-takeover-success-Mq6XZJ/home/.agents/skills/chiefops/references/delegated-execution.md",
      "action": "update",
      "execution": "managed",
      "conflict": false
    },
    {
      "targetId": "codex",
      "surface": "office/references/source-backed-work.md",
      "destination": "/private/var/folders/1_/m2vfg4n10n9_50cz0bmvnmx80000gn/T/trio-v2-production-takeover-success-Mq6XZJ/home/.agents/skills/trio/office/references/source-backed-work.md",
      "action": "update",
      "execution": "managed",
      "conflict": false
    },
    {
      "targetId": "codex",
      "surface": "office/references/artifact-and-delivery.md",
      "destination": "/private/var/folders/1_/m2vfg4n10n9_50cz0bmvnmx80000gn/T/trio-v2-production-takeover-success-Mq6XZJ/home/.agents/skills/trio/office/references/artifact-and-delivery.md",
      "action": "update",
      "execution": "managed",
      "conflict": false
    },
    {
      "targetId": "copilot",
      "surface": "entry",
      "destination": "/private/var/folders/1_/m2vfg4n10n9_50cz0bmvnmx80000gn/T/trio-v2-production-takeover-success-Mq6XZJ/home/manual/copilot/entry-policy.md",
      "action": "preserve",
      "execution": "manual",
      "conflict": true
    },
    {
      "targetId": "copilot",
      "surface": "trio",
      "destination": "/private/var/folders/1_/m2vfg4n10n9_50cz0bmvnmx80000gn/T/trio-v2-production-takeover-success-Mq6XZJ/home/manual/copilot/skills/trio/SKILL.md",
      "action": "preserve",
      "execution": "manual",
      "conflict": true
    },
    {
      "targetId": "copilot",
      "surface": "dev",
      "destination": "/private/var/folders/1_/m2vfg4n10n9_50cz0bmvnmx80000gn/T/trio-v2-production-takeover-success-Mq6XZJ/home/manual/copilot/skills/trio/dev/SKILL.md",
      "action": "preserve",
      "execution": "manual",
      "conflict": true
    },
    {
      "targetId": "copilot",
      "surface": "office",
      "destination": "/private/var/folders/1_/m2vfg4n10n9_50cz0bmvnmx80000gn/T/trio-v2-production-takeover-success-Mq6XZJ/home/manual/copilot/skills/trio/office/SKILL.md",
      "action": "preserve",
      "execution": "manual",
      "conflict": true
    },
    {
      "targetId": "copilot",
      "surface": "safety",
      "destination": "/private/var/folders/1_/m2vfg4n10n9_50cz0bmvnmx80000gn/T/trio-v2-production-takeover-success-Mq6XZJ/home/manual/copilot/skills/trio/safety/SKILL.md",
      "action": "preserve",
      "execution": "manual",
      "conflict": true
    },
    {
      "targetId": "copilot",
      "surface": "chiefops",
      "destination": "/private/var/folders/1_/m2vfg4n10n9_50cz0bmvnmx80000gn/T/trio-v2-production-takeover-success-Mq6XZJ/home/manual/copilot/skills/chiefops/SKILL.md",
      "action": "preserve",
      "execution": "manual",
      "conflict": true
    },
    {
      "targetId": "copilot",
      "surface": "trio/references/execution.md",
      "destination": "/private/var/folders/1_/m2vfg4n10n9_50cz0bmvnmx80000gn/T/trio-v2-production-takeover-success-Mq6XZJ/home/manual/copilot/skills/trio/references/execution.md",
      "action": "preserve",
      "execution": "manual",
      "conflict": true
    },
    {
      "targetId": "copilot",
      "surface": "dev/references/methods.md",
      "destination": "/private/var/folders/1_/m2vfg4n10n9_50cz0bmvnmx80000gn/T/trio-v2-production-takeover-success-Mq6XZJ/home/manual/copilot/skills/trio/dev/references/methods.md",
      "action": "preserve",
      "execution": "manual",
      "conflict": true
    },
    {
      "targetId": "copilot",
      "surface": "dev/references/review.md",
      "destination": "/private/var/folders/1_/m2vfg4n10n9_50cz0bmvnmx80000gn/T/trio-v2-production-takeover-success-Mq6XZJ/home/manual/copilot/skills/trio/dev/references/review.md",
      "action": "preserve",
      "execution": "manual",
      "conflict": true
    },
    {
      "targetId": "copilot",
      "surface": "dev/references/pr-feedback.md",
      "destination": "/private/var/folders/1_/m2vfg4n10n9_50cz0bmvnmx80000gn/T/trio-v2-production-takeover-success-Mq6XZJ/home/manual/copilot/skills/trio/dev/references/pr-feedback.md",
      "action": "preserve",
      "execution": "manual",
      "conflict": true
    },
    {
      "targetId": "copilot",
      "surface": "chiefops/references/delegated-execution.md",
      "destination": "/private/var/folders/1_/m2vfg4n10n9_50cz0bmvnmx80000gn/T/trio-v2-production-takeover-success-Mq6XZJ/home/manual/copilot/skills/chiefops/references/delegated-execution.md",
      "action": "preserve",
      "execution": "manual",
      "conflict": true
    },
    {
      "targetId": "copilot",
      "surface": "office/references/source-backed-work.md",
      "destination": "/private/var/folders/1_/m2vfg4n10n9_50cz0bmvnmx80000gn/T/trio-v2-production-takeover-success-Mq6XZJ/home/manual/copilot/skills/trio/office/references/source-backed-work.md",
      "action": "preserve",
      "execution": "manual",
      "conflict": true
    },
    {
      "targetId": "copilot",
      "surface": "office/references/artifact-and-delivery.md",
      "destination": "/private/var/folders/1_/m2vfg4n10n9_50cz0bmvnmx80000gn/T/trio-v2-production-takeover-success-Mq6XZJ/home/manual/copilot/skills/trio/office/references/artifact-and-delivery.md",
      "action": "preserve",
      "execution": "manual",
      "conflict": true
    }
  ],
  "conflicts": [
    {
      "targetId": "copilot",
      "surface": "entry",
      "destination": "/private/var/folders/1_/m2vfg4n10n9_50cz0bmvnmx80000gn/T/trio-v2-production-takeover-success-Mq6XZJ/home/manual/copilot/entry-policy.md",
      "reason": "destination-observation-unknown"
    },
    {
      "targetId": "copilot",
      "surface": "trio",
      "destination": "/private/var/folders/1_/m2vfg4n10n9_50cz0bmvnmx80000gn/T/trio-v2-production-takeover-success-Mq6XZJ/home/manual/copilot/skills/trio/SKILL.md",
      "reason": "destination-observation-unknown"
    },
    {
      "targetId": "copilot",
      "surface": "dev",
      "destination": "/private/var/folders/1_/m2vfg4n10n9_50cz0bmvnmx80000gn/T/trio-v2-production-takeover-success-Mq6XZJ/home/manual/copilot/skills/trio/dev/SKILL.md",
      "reason": "destination-observation-unknown"
    },
    {
      "targetId": "copilot",
      "surface": "office",
      "destination": "/private/var/folders/1_/m2vfg4n10n9_50cz0bmvnmx80000gn/T/trio-v2-production-takeover-success-Mq6XZJ/home/manual/copilot/skills/trio/office/SKILL.md",
      "reason": "destination-observation-unknown"
    },
    {
      "targetId": "copilot",
      "surface": "safety",
      "destination": "/private/var/folders/1_/m2vfg4n10n9_50cz0bmvnmx80000gn/T/trio-v2-production-takeover-success-Mq6XZJ/home/manual/copilot/skills/trio/safety/SKILL.md",
      "reason": "destination-observation-unknown"
    },
    {
      "targetId": "copilot",
      "surface": "chiefops",
      "destination": "/private/var/folders/1_/m2vfg4n10n9_50cz0bmvnmx80000gn/T/trio-v2-production-takeover-success-Mq6XZJ/home/manual/copilot/skills/chiefops/SKILL.md",
      "reason": "destination-observation-unknown"
    },
    {
      "targetId": "copilot",
      "surface": "trio/references/execution.md",
      "destination": "/private/var/folders/1_/m2vfg4n10n9_50cz0bmvnmx80000gn/T/trio-v2-production-takeover-success-Mq6XZJ/home/manual/copilot/skills/trio/references/execution.md",
      "reason": "destination-observation-unknown"
    },
    {
      "targetId": "copilot",
      "surface": "dev/references/methods.md",
      "destination": "/private/var/folders/1_/m2vfg4n10n9_50cz0bmvnmx80000gn/T/trio-v2-production-takeover-success-Mq6XZJ/home/manual/copilot/skills/trio/dev/references/methods.md",
      "reason": "destination-observation-unknown"
    },
    {
      "targetId": "copilot",
      "surface": "dev/references/review.md",
      "destination": "/private/var/folders/1_/m2vfg4n10n9_50cz0bmvnmx80000gn/T/trio-v2-production-takeover-success-Mq6XZJ/home/manual/copilot/skills/trio/dev/references/review.md",
      "reason": "destination-observation-unknown"
    },
    {
      "targetId": "copilot",
      "surface": "dev/references/pr-feedback.md",
      "destination": "/private/var/folders/1_/m2vfg4n10n9_50cz0bmvnmx80000gn/T/trio-v2-production-takeover-success-Mq6XZJ/home/manual/copilot/skills/trio/dev/references/pr-feedback.md",
      "reason": "destination-observation-unknown"
    },
    {
      "targetId": "copilot",
      "surface": "chiefops/references/delegated-execution.md",
      "destination": "/private/var/folders/1_/m2vfg4n10n9_50cz0bmvnmx80000gn/T/trio-v2-production-takeover-success-Mq6XZJ/home/manual/copilot/skills/chiefops/references/delegated-execution.md",
      "reason": "destination-observation-unknown"
    },
    {
      "targetId": "copilot",
      "surface": "office/references/source-backed-work.md",
      "destination": "/private/var/folders/1_/m2vfg4n10n9_50cz0bmvnmx80000gn/T/trio-v2-production-takeover-success-Mq6XZJ/home/manual/copilot/skills/trio/office/references/source-backed-work.md",
      "reason": "destination-observation-unknown"
    },
    {
      "targetId": "copilot",
      "surface": "office/references/artifact-and-delivery.md",
      "destination": "/private/var/folders/1_/m2vfg4n10n9_50cz0bmvnmx80000gn/T/trio-v2-production-takeover-success-Mq6XZJ/home/manual/copilot/skills/trio/office/references/artifact-and-delivery.md",
      "reason": "destination-observation-unknown"
    }
  ]
}
{
  "schemaVersion": 2,
  "runtime": "trio",
  "mode": "check",
  "descriptors": [
    {
      "targetId": "codex",
      "surface": "entry",
      "destination": "/private/var/folders/1_/m2vfg4n10n9_50cz0bmvnmx80000gn/T/trio-v2-production-takeover-success-Mq6XZJ/home/.codex/AGENTS.md",
      "action": "update",
      "execution": "managed",
      "conflict": false
    },
    {
      "targetId": "codex",
      "surface": "trio",
      "destination": "/private/var/folders/1_/m2vfg4n10n9_50cz0bmvnmx80000gn/T/trio-v2-production-takeover-success-Mq6XZJ/home/.agents/skills/trio/SKILL.md",
      "action": "update",
      "execution": "managed",
      "conflict": false
    },
    {
      "targetId": "codex",
      "surface": "dev",
      "destination": "/private/var/folders/1_/m2vfg4n10n9_50cz0bmvnmx80000gn/T/trio-v2-production-takeover-success-Mq6XZJ/home/.agents/skills/trio/dev/SKILL.md",
      "action": "update",
      "execution": "managed",
      "conflict": false
    },
    {
      "targetId": "codex",
      "surface": "office",
      "destination": "/private/var/folders/1_/m2vfg4n10n9_50cz0bmvnmx80000gn/T/trio-v2-production-takeover-success-Mq6XZJ/home/.agents/skills/trio/office/SKILL.md",
      "action": "update",
      "execution": "managed",
      "conflict": false
    },
    {
      "targetId": "codex",
      "surface": "safety",
      "destination": "/private/var/folders/1_/m2vfg4n10n9_50cz0bmvnmx80000gn/T/trio-v2-production-takeover-success-Mq6XZJ/home/.agents/skills/trio/safety/SKILL.md",
      "action": "update",
      "execution": "managed",
      "conflict": false
    },
    {
      "targetId": "codex",
      "surface": "chiefops",
      "destination": "/private/var/folders/1_/m2vfg4n10n9_50cz0bmvnmx80000gn/T/trio-v2-production-takeover-success-Mq6XZJ/home/.agents/skills/chiefops/SKILL.md",
      "action": "update",
      "execution": "managed",
      "conflict": false
    },
    {
      "targetId": "codex",
      "surface": "trio/references/execution.md",
      "destination": "/private/var/folders/1_/m2vfg4n10n9_50cz0bmvnmx80000gn/T/trio-v2-production-takeover-success-Mq6XZJ/home/.agents/skills/trio/references/execution.md",
      "action": "update",
      "execution": "managed",
      "conflict": false
    },
    {
      "targetId": "codex",
      "surface": "dev/references/methods.md",
      "destination": "/private/var/folders/1_/m2vfg4n10n9_50cz0bmvnmx80000gn/T/trio-v2-production-takeover-success-Mq6XZJ/home/.agents/skills/trio/dev/references/methods.md",
      "action": "update",
      "execution": "managed",
      "conflict": false
    },
    {
      "targetId": "codex",
      "surface": "dev/references/review.md",
      "destination": "/private/var/folders/1_/m2vfg4n10n9_50cz0bmvnmx80000gn/T/trio-v2-production-takeover-success-Mq6XZJ/home/.agents/skills/trio/dev/references/review.md",
      "action": "update",
      "execution": "managed",
      "conflict": false
    },
    {
      "targetId": "codex",
      "surface": "dev/references/pr-feedback.md",
      "destination": "/private/var/folders/1_/m2vfg4n10n9_50cz0bmvnmx80000gn/T/trio-v2-production-takeover-success-Mq6XZJ/home/.agents/skills/trio/dev/references/pr-feedback.md",
      "action": "update",
      "execution": "managed",
      "conflict": false
    },
    {
      "targetId": "codex",
      "surface": "chiefops/references/delegated-execution.md",
      "destination": "/private/var/folders/1_/m2vfg4n10n9_50cz0bmvnmx80000gn/T/trio-v2-production-takeover-success-Mq6XZJ/home/.agents/skills/chiefops/references/delegated-execution.md",
      "action": "update",
      "execution": "managed",
      "conflict": false
    },
    {
      "targetId": "codex",
      "surface": "office/references/source-backed-work.md",
      "destination": "/private/var/folders/1_/m2vfg4n10n9_50cz0bmvnmx80000gn/T/trio-v2-production-takeover-success-Mq6XZJ/home/.agents/skills/trio/office/references/source-backed-work.md",
      "action": "update",
      "execution": "managed",
      "conflict": false
    },
    {
      "targetId": "codex",
      "surface": "office/references/artifact-and-delivery.md",
      "destination": "/private/var/folders/1_/m2vfg4n10n9_50cz0bmvnmx80000gn/T/trio-v2-production-takeover-success-Mq6XZJ/home/.agents/skills/trio/office/references/artifact-and-delivery.md",
      "action": "update",
      "execution": "managed",
      "conflict": false
    },
    {
      "targetId": "copilot",
      "surface": "entry",
      "destination": "/private/var/folders/1_/m2vfg4n10n9_50cz0bmvnmx80000gn/T/trio-v2-production-takeover-success-Mq6XZJ/home/manual/copilot/entry-policy.md",
      "action": "preserve",
      "execution": "manual",
      "conflict": true
    },
    {
      "targetId": "copilot",
      "surface": "trio",
      "destination": "/private/var/folders/1_/m2vfg4n10n9_50cz0bmvnmx80000gn/T/trio-v2-production-takeover-success-Mq6XZJ/home/manual/copilot/skills/trio/SKILL.md",
      "action": "preserve",
      "execution": "manual",
      "conflict": true
    },
    {
      "targetId": "copilot",
      "surface": "dev",
      "destination": "/private/var/folders/1_/m2vfg4n10n9_50cz0bmvnmx80000gn/T/trio-v2-production-takeover-success-Mq6XZJ/home/manual/copilot/skills/trio/dev/SKILL.md",
      "action": "preserve",
      "execution": "manual",
      "conflict": true
    },
    {
      "targetId": "copilot",
      "surface": "office",
      "destination": "/private/var/folders/1_/m2vfg4n10n9_50cz0bmvnmx80000gn/T/trio-v2-production-takeover-success-Mq6XZJ/home/manual/copilot/skills/trio/office/SKILL.md",
      "action": "preserve",
      "execution": "manual",
      "conflict": true
    },
    {
      "targetId": "copilot",
      "surface": "safety",
      "destination": "/private/var/folders/1_/m2vfg4n10n9_50cz0bmvnmx80000gn/T/trio-v2-production-takeover-success-Mq6XZJ/home/manual/copilot/skills/trio/safety/SKILL.md",
      "action": "preserve",
      "execution": "manual",
      "conflict": true
    },
    {
      "targetId": "copilot",
      "surface": "chiefops",
      "destination": "/private/var/folders/1_/m2vfg4n10n9_50cz0bmvnmx80000gn/T/trio-v2-production-takeover-success-Mq6XZJ/home/manual/copilot/skills/chiefops/SKILL.md",
      "action": "preserve",
      "execution": "manual",
      "conflict": true
    },
    {
      "targetId": "copilot",
      "surface": "trio/references/execution.md",
      "destination": "/private/var/folders/1_/m2vfg4n10n9_50cz0bmvnmx80000gn/T/trio-v2-production-takeover-success-Mq6XZJ/home/manual/copilot/skills/trio/references/execution.md",
      "action": "preserve",
      "execution": "manual",
      "conflict": true
    },
    {
      "targetId": "copilot",
      "surface": "dev/references/methods.md",
      "destination": "/private/var/folders/1_/m2vfg4n10n9_50cz0bmvnmx80000gn/T/trio-v2-production-takeover-success-Mq6XZJ/home/manual/copilot/skills/trio/dev/references/methods.md",
      "action": "preserve",
      "execution": "manual",
      "conflict": true
    },
    {
      "targetId": "copilot",
      "surface": "dev/references/review.md",
      "destination": "/private/var/folders/1_/m2vfg4n10n9_50cz0bmvnmx80000gn/T/trio-v2-production-takeover-success-Mq6XZJ/home/manual/copilot/skills/trio/dev/references/review.md",
      "action": "preserve",
      "execution": "manual",
      "conflict": true
    },
    {
      "targetId": "copilot",
      "surface": "dev/references/pr-feedback.md",
      "destination": "/private/var/folders/1_/m2vfg4n10n9_50cz0bmvnmx80000gn/T/trio-v2-production-takeover-success-Mq6XZJ/home/manual/copilot/skills/trio/dev/references/pr-feedback.md",
      "action": "preserve",
      "execution": "manual",
      "conflict": true
    },
    {
      "targetId": "copilot",
      "surface": "chiefops/references/delegated-execution.md",
      "destination": "/private/var/folders/1_/m2vfg4n10n9_50cz0bmvnmx80000gn/T/trio-v2-production-takeover-success-Mq6XZJ/home/manual/copilot/skills/chiefops/references/delegated-execution.md",
      "action": "preserve",
      "execution": "manual",
      "conflict": true
    },
    {
      "targetId": "copilot",
      "surface": "office/references/source-backed-work.md",
      "destination": "/private/var/folders/1_/m2vfg4n10n9_50cz0bmvnmx80000gn/T/trio-v2-production-takeover-success-Mq6XZJ/home/manual/copilot/skills/trio/office/references/source-backed-work.md",
      "action": "preserve",
      "execution": "manual",
      "conflict": true
    },
    {
      "targetId": "copilot",
      "surface": "office/references/artifact-and-delivery.md",
      "destination": "/private/var/folders/1_/m2vfg4n10n9_50cz0bmvnmx80000gn/T/trio-v2-production-takeover-success-Mq6XZJ/home/manual/copilot/skills/trio/office/references/artifact-and-delivery.md",
      "action": "preserve",
      "execution": "manual",
      "conflict": true
    }
  ],
  "conflicts": [
    {
      "targetId": "copilot",
      "surface": "entry",
      "destination": "/private/var/folders/1_/m2vfg4n10n9_50cz0bmvnmx80000gn/T/trio-v2-production-takeover-success-Mq6XZJ/home/manual/copilot/entry-policy.md",
      "reason": "destination-observation-unknown"
    },
    {
      "targetId": "copilot",
      "surface": "trio",
      "destination": "/private/var/folders/1_/m2vfg4n10n9_50cz0bmvnmx80000gn/T/trio-v2-production-takeover-success-Mq6XZJ/home/manual/copilot/skills/trio/SKILL.md",
      "reason": "destination-observation-unknown"
    },
    {
      "targetId": "copilot",
      "surface": "dev",
      "destination": "/private/var/folders/1_/m2vfg4n10n9_50cz0bmvnmx80000gn/T/trio-v2-production-takeover-success-Mq6XZJ/home/manual/copilot/skills/trio/dev/SKILL.md",
      "reason": "destination-observation-unknown"
    },
    {
      "targetId": "copilot",
      "surface": "office",
      "destination": "/private/var/folders/1_/m2vfg4n10n9_50cz0bmvnmx80000gn/T/trio-v2-production-takeover-success-Mq6XZJ/home/manual/copilot/skills/trio/office/SKILL.md",
      "reason": "destination-observation-unknown"
    },
    {
      "targetId": "copilot",
      "surface": "safety",
      "destination": "/private/var/folders/1_/m2vfg4n10n9_50cz0bmvnmx80000gn/T/trio-v2-production-takeover-success-Mq6XZJ/home/manual/copilot/skills/trio/safety/SKILL.md",
      "reason": "destination-observation-unknown"
    },
    {
      "targetId": "copilot",
      "surface": "chiefops",
      "destination": "/private/var/folders/1_/m2vfg4n10n9_50cz0bmvnmx80000gn/T/trio-v2-production-takeover-success-Mq6XZJ/home/manual/copilot/skills/chiefops/SKILL.md",
      "reason": "destination-observation-unknown"
    },
    {
      "targetId": "copilot",
      "surface": "trio/references/execution.md",
      "destination": "/private/var/folders/1_/m2vfg4n10n9_50cz0bmvnmx80000gn/T/trio-v2-production-takeover-success-Mq6XZJ/home/manual/copilot/skills/trio/references/execution.md",
      "reason": "destination-observation-unknown"
    },
    {
      "targetId": "copilot",
      "surface": "dev/references/methods.md",
      "destination": "/private/var/folders/1_/m2vfg4n10n9_50cz0bmvnmx80000gn/T/trio-v2-production-takeover-success-Mq6XZJ/home/manual/copilot/skills/trio/dev/references/methods.md",
      "reason": "destination-observation-unknown"
    },
    {
      "targetId": "copilot",
      "surface": "dev/references/review.md",
      "destination": "/private/var/folders/1_/m2vfg4n10n9_50cz0bmvnmx80000gn/T/trio-v2-production-takeover-success-Mq6XZJ/home/manual/copilot/skills/trio/dev/references/review.md",
      "reason": "destination-observation-unknown"
    },
    {
      "targetId": "copilot",
      "surface": "dev/references/pr-feedback.md",
      "destination": "/private/var/folders/1_/m2vfg4n10n9_50cz0bmvnmx80000gn/T/trio-v2-production-takeover-success-Mq6XZJ/home/manual/copilot/skills/trio/dev/references/pr-feedback.md",
      "reason": "destination-observation-unknown"
    },
    {
      "targetId": "copilot",
      "surface": "chiefops/references/delegated-execution.md",
      "destination": "/private/var/folders/1_/m2vfg4n10n9_50cz0bmvnmx80000gn/T/trio-v2-production-takeover-success-Mq6XZJ/home/manual/copilot/skills/chiefops/references/delegated-execution.md",
      "reason": "destination-observation-unknown"
    },
    {
      "targetId": "copilot",
      "surface": "office/references/source-backed-work.md",
      "destination": "/private/var/folders/1_/m2vfg4n10n9_50cz0bmvnmx80000gn/T/trio-v2-production-takeover-success-Mq6XZJ/home/manual/copilot/skills/trio/office/references/source-backed-work.md",
      "reason": "destination-observation-unknown"
    },
    {
      "targetId": "copilot",
      "surface": "office/references/artifact-and-delivery.md",
      "destination": "/private/var/folders/1_/m2vfg4n10n9_50cz0bmvnmx80000gn/T/trio-v2-production-takeover-success-Mq6XZJ/home/manual/copilot/skills/trio/office/references/artifact-and-delivery.md",
      "reason": "destination-observation-unknown"
    }
  ]
}
{
  "schemaVersion": 2,
  "runtime": "trio",
  "readable": true,
  "descriptorCount": 26,
  "conflicts": [
    {
      "targetId": "copilot",
      "surface": "entry",
      "destination": "/private/var/folders/1_/m2vfg4n10n9_50cz0bmvnmx80000gn/T/trio-v2-production-takeover-success-Mq6XZJ/home/manual/copilot/entry-policy.md",
      "reason": "destination-observation-unknown"
    },
    {
      "targetId": "copilot",
      "surface": "trio",
      "destination": "/private/var/folders/1_/m2vfg4n10n9_50cz0bmvnmx80000gn/T/trio-v2-production-takeover-success-Mq6XZJ/home/manual/copilot/skills/trio/SKILL.md",
      "reason": "destination-observation-unknown"
    },
    {
      "targetId": "copilot",
      "surface": "dev",
      "destination": "/private/var/folders/1_/m2vfg4n10n9_50cz0bmvnmx80000gn/T/trio-v2-production-takeover-success-Mq6XZJ/home/manual/copilot/skills/trio/dev/SKILL.md",
      "reason": "destination-observation-unknown"
    },
    {
      "targetId": "copilot",
      "surface": "office",
      "destination": "/private/var/folders/1_/m2vfg4n10n9_50cz0bmvnmx80000gn/T/trio-v2-production-takeover-success-Mq6XZJ/home/manual/copilot/skills/trio/office/SKILL.md",
      "reason": "destination-observation-unknown"
    },
    {
      "targetId": "copilot",
      "surface": "safety",
      "destination": "/private/var/folders/1_/m2vfg4n10n9_50cz0bmvnmx80000gn/T/trio-v2-production-takeover-success-Mq6XZJ/home/manual/copilot/skills/trio/safety/SKILL.md",
      "reason": "destination-observation-unknown"
    },
    {
      "targetId": "copilot",
      "surface": "chiefops",
      "destination": "/private/var/folders/1_/m2vfg4n10n9_50cz0bmvnmx80000gn/T/trio-v2-production-takeover-success-Mq6XZJ/home/manual/copilot/skills/chiefops/SKILL.md",
      "reason": "destination-observation-unknown"
    },
    {
      "targetId": "copilot",
      "surface": "trio/references/execution.md",
      "destination": "/private/var/folders/1_/m2vfg4n10n9_50cz0bmvnmx80000gn/T/trio-v2-production-takeover-success-Mq6XZJ/home/manual/copilot/skills/trio/references/execution.md",
      "reason": "destination-observation-unknown"
    },
    {
      "targetId": "copilot",
      "surface": "dev/references/methods.md",
      "destination": "/private/var/folders/1_/m2vfg4n10n9_50cz0bmvnmx80000gn/T/trio-v2-production-takeover-success-Mq6XZJ/home/manual/copilot/skills/trio/dev/references/methods.md",
      "reason": "destination-observation-unknown"
    },
    {
      "targetId": "copilot",
      "surface": "dev/references/review.md",
      "destination": "/private/var/folders/1_/m2vfg4n10n9_50cz0bmvnmx80000gn/T/trio-v2-production-takeover-success-Mq6XZJ/home/manual/copilot/skills/trio/dev/references/review.md",
      "reason": "destination-observation-unknown"
    },
    {
      "targetId": "copilot",
      "surface": "dev/references/pr-feedback.md",
      "destination": "/private/var/folders/1_/m2vfg4n10n9_50cz0bmvnmx80000gn/T/trio-v2-production-takeover-success-Mq6XZJ/home/manual/copilot/skills/trio/dev/references/pr-feedback.md",
      "reason": "destination-observation-unknown"
    },
    {
      "targetId": "copilot",
      "surface": "chiefops/references/delegated-execution.md",
      "destination": "/private/var/folders/1_/m2vfg4n10n9_50cz0bmvnmx80000gn/T/trio-v2-production-takeover-success-Mq6XZJ/home/manual/copilot/skills/chiefops/references/delegated-execution.md",
      "reason": "destination-observation-unknown"
    },
    {
      "targetId": "copilot",
      "surface": "office/references/source-backed-work.md",
      "destination": "/private/var/folders/1_/m2vfg4n10n9_50cz0bmvnmx80000gn/T/trio-v2-production-takeover-success-Mq6XZJ/home/manual/copilot/skills/trio/office/references/source-backed-work.md",
      "reason": "destination-observation-unknown"
    },
    {
      "targetId": "copilot",
      "surface": "office/references/artifact-and-delivery.md",
      "destination": "/private/var/folders/1_/m2vfg4n10n9_50cz0bmvnmx80000gn/T/trio-v2-production-takeover-success-Mq6XZJ/home/manual/copilot/skills/trio/office/references/artifact-and-delivery.md",
      "reason": "destination-observation-unknown"
    }
  ],
  "mode": "check-only"
}
✔ production install --takeover-chiefops adopts one unowned global ChiefOps with a verified complete-inventory backup (491.454041ms)
{
  "runtime": "trio",
  "mode": "fresh",
  "writes": [
    "/private/var/folders/1_/m2vfg4n10n9_50cz0bmvnmx80000gn/T/trio-v2-production-takeover-reject-workspace-scope-N73hBp/authority/AGENTS.md",
    "/private/var/folders/1_/m2vfg4n10n9_50cz0bmvnmx80000gn/T/trio-v2-production-takeover-reject-workspace-scope-N73hBp/authority/.agents/skills/trio/SKILL.md",
    "/private/var/folders/1_/m2vfg4n10n9_50cz0bmvnmx80000gn/T/trio-v2-production-takeover-reject-workspace-scope-N73hBp/authority/.agents/skills/trio/dev/SKILL.md",
    "/private/var/folders/1_/m2vfg4n10n9_50cz0bmvnmx80000gn/T/trio-v2-production-takeover-reject-workspace-scope-N73hBp/authority/.agents/skills/trio/office/SKILL.md",
    "/private/var/folders/1_/m2vfg4n10n9_50cz0bmvnmx80000gn/T/trio-v2-production-takeover-reject-workspace-scope-N73hBp/authority/.agents/skills/trio/safety/SKILL.md",
    "/private/var/folders/1_/m2vfg4n10n9_50cz0bmvnmx80000gn/T/trio-v2-production-takeover-reject-workspace-scope-N73hBp/authority/.agents/skills/chiefops/SKILL.md",
    "/private/var/folders/1_/m2vfg4n10n9_50cz0bmvnmx80000gn/T/trio-v2-production-takeover-reject-workspace-scope-N73hBp/authority/.agents/skills/trio/references/execution.md",
    "/private/var/folders/1_/m2vfg4n10n9_50cz0bmvnmx80000gn/T/trio-v2-production-takeover-reject-workspace-scope-N73hBp/authority/.agents/skills/trio/dev/references/methods.md",
    "/private/var/folders/1_/m2vfg4n10n9_50cz0bmvnmx80000gn/T/trio-v2-production-takeover-reject-workspace-scope-N73hBp/authority/.agents/skills/trio/dev/references/review.md",
    "/private/var/folders/1_/m2vfg4n10n9_50cz0bmvnmx80000gn/T/trio-v2-production-takeover-reject-workspace-scope-N73hBp/authority/.agents/skills/trio/dev/references/pr-feedback.md",
    "/private/var/folders/1_/m2vfg4n10n9_50cz0bmvnmx80000gn/T/trio-v2-production-takeover-reject-workspace-scope-N73hBp/authority/.agents/skills/chiefops/references/delegated-execution.md",
    "/private/var/folders/1_/m2vfg4n10n9_50cz0bmvnmx80000gn/T/trio-v2-production-takeover-reject-workspace-scope-N73hBp/authority/.agents/skills/trio/office/references/source-backed-work.md",
    "/private/var/folders/1_/m2vfg4n10n9_50cz0bmvnmx80000gn/T/trio-v2-production-takeover-reject-workspace-scope-N73hBp/authority/.agents/skills/trio/office/references/artifact-and-delivery.md"
  ],
  "conflicts": []
}
✔ production install --takeover-chiefops rejects ineligible or unsafe states before any write (830.0535ms)
✔ production install --takeover-chiefops fails closed when the complete-inventory backup cannot be published (234.981584ms)
✔ production install --takeover-chiefops rejects a same-content state replacement bound after the backup (259.796ms)
✔ production install --takeover-chiefops compensates an Nth-write same-content inode replacement of the ChiefOps target (653.618709ms)
✔ production install --takeover-chiefops fails closed on a post-lstat read replacement of the state preimage (347.34025ms)
{
  "runtime": "trio",
  "mode": "takeover-chiefops",
  "writes": [
    "/private/var/folders/1_/m2vfg4n10n9_50cz0bmvnmx80000gn/T/trio-v2-production-takeover-drift-WWEn3a/home/.codex/AGENTS.md",
    "/private/var/folders/1_/m2vfg4n10n9_50cz0bmvnmx80000gn/T/trio-v2-production-takeover-drift-WWEn3a/home/.agents/skills/trio/SKILL.md",
    "/private/var/folders/1_/m2vfg4n10n9_50cz0bmvnmx80000gn/T/trio-v2-production-takeover-drift-WWEn3a/home/.agents/skills/trio/dev/SKILL.md",
    "/private/var/folders/1_/m2vfg4n10n9_50cz0bmvnmx80000gn/T/trio-v2-production-takeover-drift-WWEn3a/home/.agents/skills/trio/office/SKILL.md",
    "/private/var/folders/1_/m2vfg4n10n9_50cz0bmvnmx80000gn/T/trio-v2-production-takeover-drift-WWEn3a/home/.agents/skills/trio/safety/SKILL.md",
    "/private/var/folders/1_/m2vfg4n10n9_50cz0bmvnmx80000gn/T/trio-v2-production-takeover-drift-WWEn3a/home/.agents/skills/chiefops/SKILL.md",
    "/private/var/folders/1_/m2vfg4n10n9_50cz0bmvnmx80000gn/T/trio-v2-production-takeover-drift-WWEn3a/home/.agents/skills/trio/references/execution.md",
    "/private/var/folders/1_/m2vfg4n10n9_50cz0bmvnmx80000gn/T/trio-v2-production-takeover-drift-WWEn3a/home/.agents/skills/trio/dev/references/methods.md",
    "/private/var/folders/1_/m2vfg4n10n9_50cz0bmvnmx80000gn/T/trio-v2-production-takeover-drift-WWEn3a/home/.agents/skills/trio/dev/references/review.md",
    "/private/var/folders/1_/m2vfg4n10n9_50cz0bmvnmx80000gn/T/trio-v2-production-takeover-drift-WWEn3a/home/.agents/skills/trio/dev/references/pr-feedback.md",
    "/private/var/folders/1_/m2vfg4n10n9_50cz0bmvnmx80000gn/T/trio-v2-production-takeover-drift-WWEn3a/home/.agents/skills/chiefops/references/delegated-execution.md",
    "/private/var/folders/1_/m2vfg4n10n9_50cz0bmvnmx80000gn/T/trio-v2-production-takeover-drift-WWEn3a/home/.agents/skills/trio/office/references/source-backed-work.md",
    "/private/var/folders/1_/m2vfg4n10n9_50cz0bmvnmx80000gn/T/trio-v2-production-takeover-drift-WWEn3a/home/.agents/skills/trio/office/references/artifact-and-delivery.md"
  ],
  "conflicts": [
    {
      "targetId": "copilot",
      "surface": "entry",
      "destination": "/private/var/folders/1_/m2vfg4n10n9_50cz0bmvnmx80000gn/T/trio-v2-production-takeover-drift-WWEn3a/home/manual/copilot/entry-policy.md",
      "reason": "destination-observation-unknown"
    },
    {
      "targetId": "copilot",
      "surface": "trio",
      "destination": "/private/var/folders/1_/m2vfg4n10n9_50cz0bmvnmx80000gn/T/trio-v2-production-takeover-drift-WWEn3a/home/manual/copilot/skills/trio/SKILL.md",
      "reason": "destination-observation-unknown"
    },
    {
      "targetId": "copilot",
      "surface": "dev",
      "destination": "/private/var/folders/1_/m2vfg4n10n9_50cz0bmvnmx80000gn/T/trio-v2-production-takeover-drift-WWEn3a/home/manual/copilot/skills/trio/dev/SKILL.md",
      "reason": "destination-observation-unknown"
    },
    {
      "targetId": "copilot",
      "surface": "office",
      "destination": "/private/var/folders/1_/m2vfg4n10n9_50cz0bmvnmx80000gn/T/trio-v2-production-takeover-drift-WWEn3a/home/manual/copilot/skills/trio/office/SKILL.md",
      "reason": "destination-observation-unknown"
    },
    {
      "targetId": "copilot",
      "surface": "safety",
      "destination": "/private/var/folders/1_/m2vfg4n10n9_50cz0bmvnmx80000gn/T/trio-v2-production-takeover-drift-WWEn3a/home/manual/copilot/skills/trio/safety/SKILL.md",
      "reason": "destination-observation-unknown"
    },
    {
      "targetId": "copilot",
      "surface": "chiefops",
      "destination": "/private/var/folders/1_/m2vfg4n10n9_50cz0bmvnmx80000gn/T/trio-v2-production-takeover-drift-WWEn3a/home/manual/copilot/skills/chiefops/SKILL.md",
      "reason": "destination-observation-unknown"
    },
    {
      "targetId": "copilot",
      "surface": "trio/references/execution.md",
      "destination": "/private/var/folders/1_/m2vfg4n10n9_50cz0bmvnmx80000gn/T/trio-v2-production-takeover-drift-WWEn3a/home/manual/copilot/skills/trio/references/execution.md",
      "reason": "destination-observation-unknown"
    },
    {
      "targetId": "copilot",
      "surface": "dev/references/methods.md",
      "destination": "/private/var/folders/1_/m2vfg4n10n9_50cz0bmvnmx80000gn/T/trio-v2-production-takeover-drift-WWEn3a/home/manual/copilot/skills/trio/dev/references/methods.md",
      "reason": "destination-observation-unknown"
    },
    {
      "targetId": "copilot",
      "surface": "dev/references/review.md",
      "destination": "/private/var/folders/1_/m2vfg4n10n9_50cz0bmvnmx80000gn/T/trio-v2-production-takeover-drift-WWEn3a/home/manual/copilot/skills/trio/dev/references/review.md",
      "reason": "destination-observation-unknown"
    },
    {
      "targetId": "copilot",
      "surface": "dev/references/pr-feedback.md",
      "destination": "/private/var/folders/1_/m2vfg4n10n9_50cz0bmvnmx80000gn/T/trio-v2-production-takeover-drift-WWEn3a/home/manual/copilot/skills/trio/dev/references/pr-feedback.md",
      "reason": "destination-observation-unknown"
    },
    {
      "targetId": "copilot",
      "surface": "chiefops/references/delegated-execution.md",
      "destination": "/private/var/folders/1_/m2vfg4n10n9_50cz0bmvnmx80000gn/T/trio-v2-production-takeover-drift-WWEn3a/home/manual/copilot/skills/chiefops/references/delegated-execution.md",
      "reason": "destination-observation-unknown"
    },
    {
      "targetId": "copilot",
      "surface": "office/references/source-backed-work.md",
      "destination": "/private/var/folders/1_/m2vfg4n10n9_50cz0bmvnmx80000gn/T/trio-v2-production-takeover-drift-WWEn3a/home/manual/copilot/skills/trio/office/references/source-backed-work.md",
      "reason": "destination-observation-unknown"
    },
    {
      "targetId": "copilot",
      "surface": "office/references/artifact-and-delivery.md",
      "destination": "/private/var/folders/1_/m2vfg4n10n9_50cz0bmvnmx80000gn/T/trio-v2-production-takeover-drift-WWEn3a/home/manual/copilot/skills/trio/office/references/artifact-and-delivery.md",
      "reason": "destination-observation-unknown"
    }
  ],
  "backup": {
    "ref": "trio-backup-v1:/private/var/folders/1_/m2vfg4n10n9_50cz0bmvnmx80000gn/T/trio-v2-production-takeover-drift-WWEn3a/authority/.harness-backup/trio-takeover/20260920-154943-94f989bd-7750-40e6-9fc0-e13e132bfeb8/manifest.json:4fc5487376f13a803992f36861966a9f2c8ed937e9fb1ec0800493b10cc7386a",
    "root": "/private/var/folders/1_/m2vfg4n10n9_50cz0bmvnmx80000gn/T/trio-v2-production-takeover-drift-WWEn3a/authority/.harness-backup/trio-takeover/20260920-154943-94f989bd-7750-40e6-9fc0-e13e132bfeb8",
    "manifestPath": "/private/var/folders/1_/m2vfg4n10n9_50cz0bmvnmx80000gn/T/trio-v2-production-takeover-drift-WWEn3a/authority/.harness-backup/trio-takeover/20260920-154943-94f989bd-7750-40e6-9fc0-e13e132bfeb8/manifest.json",
    "bundlePath": "/private/var/folders/1_/m2vfg4n10n9_50cz0bmvnmx80000gn/T/trio-v2-production-takeover-drift-WWEn3a/authority/.harness-backup/trio-takeover/20260920-154943-94f989bd-7750-40e6-9fc0-e13e132bfeb8/bundle.bin"
  }
}
{
  "schemaVersion": 2,
  "runtime": "trio",
  "mode": "check",
  "descriptors": [
    {
      "targetId": "codex",
      "surface": "entry",
      "destination": "/private/var/folders/1_/m2vfg4n10n9_50cz0bmvnmx80000gn/T/trio-v2-production-takeover-drift-WWEn3a/home/.codex/AGENTS.md",
      "action": "update",
      "execution": "managed",
      "conflict": false
    },
    {
      "targetId": "codex",
      "surface": "trio",
      "destination": "/private/var/folders/1_/m2vfg4n10n9_50cz0bmvnmx80000gn/T/trio-v2-production-takeover-drift-WWEn3a/home/.agents/skills/trio/SKILL.md",
      "action": "update",
      "execution": "managed",
      "conflict": false
    },
    {
      "targetId": "codex",
      "surface": "dev",
      "destination": "/private/var/folders/1_/m2vfg4n10n9_50cz0bmvnmx80000gn/T/trio-v2-production-takeover-drift-WWEn3a/home/.agents/skills/trio/dev/SKILL.md",
      "action": "update",
      "execution": "managed",
      "conflict": false
    },
    {
      "targetId": "codex",
      "surface": "office",
      "destination": "/private/var/folders/1_/m2vfg4n10n9_50cz0bmvnmx80000gn/T/trio-v2-production-takeover-drift-WWEn3a/home/.agents/skills/trio/office/SKILL.md",
      "action": "update",
      "execution": "managed",
      "conflict": false
    },
    {
      "targetId": "codex",
      "surface": "safety",
      "destination": "/private/var/folders/1_/m2vfg4n10n9_50cz0bmvnmx80000gn/T/trio-v2-production-takeover-drift-WWEn3a/home/.agents/skills/trio/safety/SKILL.md",
      "action": "update",
      "execution": "managed",
      "conflict": false
    },
    {
      "targetId": "codex",
      "surface": "chiefops",
      "destination": "/private/var/folders/1_/m2vfg4n10n9_50cz0bmvnmx80000gn/T/trio-v2-production-takeover-drift-WWEn3a/home/.agents/skills/chiefops/SKILL.md",
      "action": "preserve",
      "execution": "manual",
      "conflict": true
    },
    {
      "targetId": "codex",
      "surface": "trio/references/execution.md",
      "destination": "/private/var/folders/1_/m2vfg4n10n9_50cz0bmvnmx80000gn/T/trio-v2-production-takeover-drift-WWEn3a/home/.agents/skills/trio/references/execution.md",
      "action": "update",
      "execution": "managed",
      "conflict": false
    },
    {
      "targetId": "codex",
      "surface": "dev/references/methods.md",
      "destination": "/private/var/folders/1_/m2vfg4n10n9_50cz0bmvnmx80000gn/T/trio-v2-production-takeover-drift-WWEn3a/home/.agents/skills/trio/dev/references/methods.md",
      "action": "update",
      "execution": "managed",
      "conflict": false
    },
    {
      "targetId": "codex",
      "surface": "dev/references/review.md",
      "destination": "/private/var/folders/1_/m2vfg4n10n9_50cz0bmvnmx80000gn/T/trio-v2-production-takeover-drift-WWEn3a/home/.agents/skills/trio/dev/references/review.md",
      "action": "update",
      "execution": "managed",
      "conflict": false
    },
    {
      "targetId": "codex",
      "surface": "dev/references/pr-feedback.md",
      "destination": "/private/var/folders/1_/m2vfg4n10n9_50cz0bmvnmx80000gn/T/trio-v2-production-takeover-drift-WWEn3a/home/.agents/skills/trio/dev/references/pr-feedback.md",
      "action": "update",
      "execution": "managed",
      "conflict": false
    },
    {
      "targetId": "codex",
      "surface": "chiefops/references/delegated-execution.md",
      "destination": "/private/var/folders/1_/m2vfg4n10n9_50cz0bmvnmx80000gn/T/trio-v2-production-takeover-drift-WWEn3a/home/.agents/skills/chiefops/references/delegated-execution.md",
      "action": "update",
      "execution": "managed",
      "conflict": false
    },
    {
      "targetId": "codex",
      "surface": "office/references/source-backed-work.md",
      "destination": "/private/var/folders/1_/m2vfg4n10n9_50cz0bmvnmx80000gn/T/trio-v2-production-takeover-drift-WWEn3a/home/.agents/skills/trio/office/references/source-backed-work.md",
      "action": "update",
      "execution": "managed",
      "conflict": false
    },
    {
      "targetId": "codex",
      "surface": "office/references/artifact-and-delivery.md",
      "destination": "/private/var/folders/1_/m2vfg4n10n9_50cz0bmvnmx80000gn/T/trio-v2-production-takeover-drift-WWEn3a/home/.agents/skills/trio/office/references/artifact-and-delivery.md",
      "action": "update",
      "execution": "managed",
      "conflict": false
    },
    {
      "targetId": "copilot",
      "surface": "entry",
      "destination": "/private/var/folders/1_/m2vfg4n10n9_50cz0bmvnmx80000gn/T/trio-v2-production-takeover-drift-WWEn3a/home/manual/copilot/entry-policy.md",
      "action": "preserve",
      "execution": "manual",
      "conflict": true
    },
    {
      "targetId": "copilot",
      "surface": "trio",
      "destination": "/private/var/folders/1_/m2vfg4n10n9_50cz0bmvnmx80000gn/T/trio-v2-production-takeover-drift-WWEn3a/home/manual/copilot/skills/trio/SKILL.md",
      "action": "preserve",
      "execution": "manual",
      "conflict": true
    },
    {
      "targetId": "copilot",
      "surface": "dev",
      "destination": "/private/var/folders/1_/m2vfg4n10n9_50cz0bmvnmx80000gn/T/trio-v2-production-takeover-drift-WWEn3a/home/manual/copilot/skills/trio/dev/SKILL.md",
      "action": "preserve",
      "execution": "manual",
      "conflict": true
    },
    {
      "targetId": "copilot",
      "surface": "office",
      "destination": "/private/var/folders/1_/m2vfg4n10n9_50cz0bmvnmx80000gn/T/trio-v2-production-takeover-drift-WWEn3a/home/manual/copilot/skills/trio/office/SKILL.md",
      "action": "preserve",
      "execution": "manual",
      "conflict": true
    },
    {
      "targetId": "copilot",
      "surface": "safety",
      "destination": "/private/var/folders/1_/m2vfg4n10n9_50cz0bmvnmx80000gn/T/trio-v2-production-takeover-drift-WWEn3a/home/manual/copilot/skills/trio/safety/SKILL.md",
      "action": "preserve",
      "execution": "manual",
      "conflict": true
    },
    {
      "targetId": "copilot",
      "surface": "chiefops",
      "destination": "/private/var/folders/1_/m2vfg4n10n9_50cz0bmvnmx80000gn/T/trio-v2-production-takeover-drift-WWEn3a/home/manual/copilot/skills/chiefops/SKILL.md",
      "action": "preserve",
      "execution": "manual",
      "conflict": true
    },
    {
      "targetId": "copilot",
      "surface": "trio/references/execution.md",
      "destination": "/private/var/folders/1_/m2vfg4n10n9_50cz0bmvnmx80000gn/T/trio-v2-production-takeover-drift-WWEn3a/home/manual/copilot/skills/trio/references/execution.md",
      "action": "preserve",
      "execution": "manual",
      "conflict": true
    },
    {
      "targetId": "copilot",
      "surface": "dev/references/methods.md",
      "destination": "/private/var/folders/1_/m2vfg4n10n9_50cz0bmvnmx80000gn/T/trio-v2-production-takeover-drift-WWEn3a/home/manual/copilot/skills/trio/dev/references/methods.md",
      "action": "preserve",
      "execution": "manual",
      "conflict": true
    },
    {
      "targetId": "copilot",
      "surface": "dev/references/review.md",
      "destination": "/private/var/folders/1_/m2vfg4n10n9_50cz0bmvnmx80000gn/T/trio-v2-production-takeover-drift-WWEn3a/home/manual/copilot/skills/trio/dev/references/review.md",
      "action": "preserve",
      "execution": "manual",
      "conflict": true
    },
    {
      "targetId": "copilot",
      "surface": "dev/references/pr-feedback.md",
      "destination": "/private/var/folders/1_/m2vfg4n10n9_50cz0bmvnmx80000gn/T/trio-v2-production-takeover-drift-WWEn3a/home/manual/copilot/skills/trio/dev/references/pr-feedback.md",
      "action": "preserve",
      "execution": "manual",
      "conflict": true
    },
    {
      "targetId": "copilot",
      "surface": "chiefops/references/delegated-execution.md",
      "destination": "/private/var/folders/1_/m2vfg4n10n9_50cz0bmvnmx80000gn/T/trio-v2-production-takeover-drift-WWEn3a/home/manual/copilot/skills/chiefops/references/delegated-execution.md",
      "action": "preserve",
      "execution": "manual",
      "conflict": true
    },
    {
      "targetId": "copilot",
      "surface": "office/references/source-backed-work.md",
      "destination": "/private/var/folders/1_/m2vfg4n10n9_50cz0bmvnmx80000gn/T/trio-v2-production-takeover-drift-WWEn3a/home/manual/copilot/skills/trio/office/references/source-backed-work.md",
      "action": "preserve",
      "execution": "manual",
      "conflict": true
    },
    {
      "targetId": "copilot",
      "surface": "office/references/artifact-and-delivery.md",
      "destination": "/private/var/folders/1_/m2vfg4n10n9_50cz0bmvnmx80000gn/T/trio-v2-production-takeover-drift-WWEn3a/home/manual/copilot/skills/trio/office/references/artifact-and-delivery.md",
      "action": "preserve",
      "execution": "manual",
      "conflict": true
    }
  ],
  "conflicts": [
    {
      "targetId": "codex",
      "surface": "chiefops",
      "destination": "/private/var/folders/1_/m2vfg4n10n9_50cz0bmvnmx80000gn/T/trio-v2-production-takeover-drift-WWEn3a/home/.agents/skills/chiefops/SKILL.md",
      "reason": "destination-observation-unknown"
    },
    {
      "targetId": "copilot",
      "surface": "entry",
      "destination": "/private/var/folders/1_/m2vfg4n10n9_50cz0bmvnmx80000gn/T/trio-v2-production-takeover-drift-WWEn3a/home/manual/copilot/entry-policy.md",
      "reason": "destination-observation-unknown"
    },
    {
      "targetId": "copilot",
      "surface": "trio",
      "destination": "/private/var/folders/1_/m2vfg4n10n9_50cz0bmvnmx80000gn/T/trio-v2-production-takeover-drift-WWEn3a/home/manual/copilot/skills/trio/SKILL.md",
      "reason": "destination-observation-unknown"
    },
    {
      "targetId": "copilot",
      "surface": "dev",
      "destination": "/private/var/folders/1_/m2vfg4n10n9_50cz0bmvnmx80000gn/T/trio-v2-production-takeover-drift-WWEn3a/home/manual/copilot/skills/trio/dev/SKILL.md",
      "reason": "destination-observation-unknown"
    },
    {
      "targetId": "copilot",
      "surface": "office",
      "destination": "/private/var/folders/1_/m2vfg4n10n9_50cz0bmvnmx80000gn/T/trio-v2-production-takeover-drift-WWEn3a/home/manual/copilot/skills/trio/office/SKILL.md",
      "reason": "destination-observation-unknown"
    },
    {
      "targetId": "copilot",
      "surface": "safety",
      "destination": "/private/var/folders/1_/m2vfg4n10n9_50cz0bmvnmx80000gn/T/trio-v2-production-takeover-drift-WWEn3a/home/manual/copilot/skills/trio/safety/SKILL.md",
      "reason": "destination-observation-unknown"
    },
    {
      "targetId": "copilot",
      "surface": "chiefops",
      "destination": "/private/var/folders/1_/m2vfg4n10n9_50cz0bmvnmx80000gn/T/trio-v2-production-takeover-drift-WWEn3a/home/manual/copilot/skills/chiefops/SKILL.md",
      "reason": "destination-observation-unknown"
    },
    {
      "targetId": "copilot",
      "surface": "trio/references/execution.md",
      "destination": "/private/var/folders/1_/m2vfg4n10n9_50cz0bmvnmx80000gn/T/trio-v2-production-takeover-drift-WWEn3a/home/manual/copilot/skills/trio/references/execution.md",
      "reason": "destination-observation-unknown"
    },
    {
      "targetId": "copilot",
      "surface": "dev/references/methods.md",
      "destination": "/private/var/folders/1_/m2vfg4n10n9_50cz0bmvnmx80000gn/T/trio-v2-production-takeover-drift-WWEn3a/home/manual/copilot/skills/trio/dev/references/methods.md",
      "reason": "destination-observation-unknown"
    },
    {
      "targetId": "copilot",
      "surface": "dev/references/review.md",
      "destination": "/private/var/folders/1_/m2vfg4n10n9_50cz0bmvnmx80000gn/T/trio-v2-production-takeover-drift-WWEn3a/home/manual/copilot/skills/trio/dev/references/review.md",
      "reason": "destination-observation-unknown"
    },
    {
      "targetId": "copilot",
      "surface": "dev/references/pr-feedback.md",
      "destination": "/private/var/folders/1_/m2vfg4n10n9_50cz0bmvnmx80000gn/T/trio-v2-production-takeover-drift-WWEn3a/home/manual/copilot/skills/trio/dev/references/pr-feedback.md",
      "reason": "destination-observation-unknown"
    },
    {
      "targetId": "copilot",
      "surface": "chiefops/references/delegated-execution.md",
      "destination": "/private/var/folders/1_/m2vfg4n10n9_50cz0bmvnmx80000gn/T/trio-v2-production-takeover-drift-WWEn3a/home/manual/copilot/skills/chiefops/references/delegated-execution.md",
      "reason": "destination-observation-unknown"
    },
    {
      "targetId": "copilot",
      "surface": "office/references/source-backed-work.md",
      "destination": "/private/var/folders/1_/m2vfg4n10n9_50cz0bmvnmx80000gn/T/trio-v2-production-takeover-drift-WWEn3a/home/manual/copilot/skills/trio/office/references/source-backed-work.md",
      "reason": "destination-observation-unknown"
    },
    {
      "targetId": "copilot",
      "surface": "office/references/artifact-and-delivery.md",
      "destination": "/private/var/folders/1_/m2vfg4n10n9_50cz0bmvnmx80000gn/T/trio-v2-production-takeover-drift-WWEn3a/home/manual/copilot/skills/trio/office/references/artifact-and-delivery.md",
      "reason": "destination-observation-unknown"
    }
  ]
}
✔ production install --takeover-chiefops preserves provenance and later ChiefOps user drift fails closed (478.471708ms)
✔ production install --takeover-chiefops fails closed on a symlinked backup ancestor (50.390584ms)
✔ production install --takeover-chiefops fails at the parser gate on a manual Codex placement with zero writes (19.577958ms)
✔ Trio fixture install rejects --takeover-chiefops before any write (0.590625ms)
✔ Trio install help advertises the existing-V2 ChiefOps takeover flag (0.125458ms)
✔ Trio sync help no longer advertises unavailable takeover or conflict flags (0.10875ms)
{
  "runtime": "trio",
  "mode": "reinstall",
  "writes": [
    "/private/var/folders/1_/m2vfg4n10n9_50cz0bmvnmx80000gn/T/trio-v2-production-old-six-reference-upgrade-L9Ogy2/home/.codex/AGENTS.md",
    "/private/var/folders/1_/m2vfg4n10n9_50cz0bmvnmx80000gn/T/trio-v2-production-old-six-reference-upgrade-L9Ogy2/home/.agents/skills/trio/SKILL.md",
    "/private/var/folders/1_/m2vfg4n10n9_50cz0bmvnmx80000gn/T/trio-v2-production-old-six-reference-upgrade-L9Ogy2/home/.agents/skills/trio/dev/SKILL.md",
    "/private/var/folders/1_/m2vfg4n10n9_50cz0bmvnmx80000gn/T/trio-v2-production-old-six-reference-upgrade-L9Ogy2/home/.agents/skills/trio/office/SKILL.md",
    "/private/var/folders/1_/m2vfg4n10n9_50cz0bmvnmx80000gn/T/trio-v2-production-old-six-reference-upgrade-L9Ogy2/home/.agents/skills/trio/safety/SKILL.md",
    "/private/var/folders/1_/m2vfg4n10n9_50cz0bmvnmx80000gn/T/trio-v2-production-old-six-reference-upgrade-L9Ogy2/home/.agents/skills/chiefops/SKILL.md",
    "/private/var/folders/1_/m2vfg4n10n9_50cz0bmvnmx80000gn/T/trio-v2-production-old-six-reference-upgrade-L9Ogy2/home/.agents/skills/trio/references/execution.md",
    "/private/var/folders/1_/m2vfg4n10n9_50cz0bmvnmx80000gn/T/trio-v2-production-old-six-reference-upgrade-L9Ogy2/home/.agents/skills/trio/dev/references/methods.md",
    "/private/var/folders/1_/m2vfg4n10n9_50cz0bmvnmx80000gn/T/trio-v2-production-old-six-reference-upgrade-L9Ogy2/home/.agents/skills/trio/dev/references/review.md",
    "/private/var/folders/1_/m2vfg4n10n9_50cz0bmvnmx80000gn/T/trio-v2-production-old-six-reference-upgrade-L9Ogy2/home/.agents/skills/trio/dev/references/pr-feedback.md",
    "/private/var/folders/1_/m2vfg4n10n9_50cz0bmvnmx80000gn/T/trio-v2-production-old-six-reference-upgrade-L9Ogy2/home/.agents/skills/chiefops/references/delegated-execution.md",
    "/private/var/folders/1_/m2vfg4n10n9_50cz0bmvnmx80000gn/T/trio-v2-production-old-six-reference-upgrade-L9Ogy2/home/.agents/skills/trio/office/references/source-backed-work.md",
    "/private/var/folders/1_/m2vfg4n10n9_50cz0bmvnmx80000gn/T/trio-v2-production-old-six-reference-upgrade-L9Ogy2/home/.agents/skills/trio/office/references/artifact-and-delivery.md"
  ],
  "conflicts": [
    {
      "targetId": "copilot",
      "surface": "entry",
      "destination": "/private/var/folders/1_/m2vfg4n10n9_50cz0bmvnmx80000gn/T/trio-v2-production-old-six-reference-upgrade-L9Ogy2/home/manual/copilot/entry-policy.md",
      "reason": "destination-observation-unknown"
    },
    {
      "targetId": "copilot",
      "surface": "trio",
      "destination": "/private/var/folders/1_/m2vfg4n10n9_50cz0bmvnmx80000gn/T/trio-v2-production-old-six-reference-upgrade-L9Ogy2/home/manual/copilot/skills/trio/SKILL.md",
      "reason": "destination-observation-unknown"
    },
    {
      "targetId": "copilot",
      "surface": "dev",
      "destination": "/private/var/folders/1_/m2vfg4n10n9_50cz0bmvnmx80000gn/T/trio-v2-production-old-six-reference-upgrade-L9Ogy2/home/manual/copilot/skills/trio/dev/SKILL.md",
      "reason": "destination-observation-unknown"
    },
    {
      "targetId": "copilot",
      "surface": "office",
      "destination": "/private/var/folders/1_/m2vfg4n10n9_50cz0bmvnmx80000gn/T/trio-v2-production-old-six-reference-upgrade-L9Ogy2/home/manual/copilot/skills/trio/office/SKILL.md",
      "reason": "destination-observation-unknown"
    },
    {
      "targetId": "copilot",
      "surface": "safety",
      "destination": "/private/var/folders/1_/m2vfg4n10n9_50cz0bmvnmx80000gn/T/trio-v2-production-old-six-reference-upgrade-L9Ogy2/home/manual/copilot/skills/trio/safety/SKILL.md",
      "reason": "destination-observation-unknown"
    },
    {
      "targetId": "copilot",
      "surface": "chiefops",
      "destination": "/private/var/folders/1_/m2vfg4n10n9_50cz0bmvnmx80000gn/T/trio-v2-production-old-six-reference-upgrade-L9Ogy2/home/manual/copilot/skills/chiefops/SKILL.md",
      "reason": "destination-observation-unknown"
    },
    {
      "targetId": "copilot",
      "surface": "trio/references/execution.md",
      "destination": "/private/var/folders/1_/m2vfg4n10n9_50cz0bmvnmx80000gn/T/trio-v2-production-old-six-reference-upgrade-L9Ogy2/home/manual/copilot/skills/trio/references/execution.md",
      "reason": "destination-observation-unknown"
    },
    {
      "targetId": "copilot",
      "surface": "dev/references/methods.md",
      "destination": "/private/var/folders/1_/m2vfg4n10n9_50cz0bmvnmx80000gn/T/trio-v2-production-old-six-reference-upgrade-L9Ogy2/home/manual/copilot/skills/trio/dev/references/methods.md",
      "reason": "destination-observation-unknown"
    },
    {
      "targetId": "copilot",
      "surface": "dev/references/review.md",
      "destination": "/private/var/folders/1_/m2vfg4n10n9_50cz0bmvnmx80000gn/T/trio-v2-production-old-six-reference-upgrade-L9Ogy2/home/manual/copilot/skills/trio/dev/references/review.md",
      "reason": "destination-observation-unknown"
    },
    {
      "targetId": "copilot",
      "surface": "dev/references/pr-feedback.md",
      "destination": "/private/var/folders/1_/m2vfg4n10n9_50cz0bmvnmx80000gn/T/trio-v2-production-old-six-reference-upgrade-L9Ogy2/home/manual/copilot/skills/trio/dev/references/pr-feedback.md",
      "reason": "destination-observation-unknown"
    },
    {
      "targetId": "copilot",
      "surface": "chiefops/references/delegated-execution.md",
      "destination": "/private/var/folders/1_/m2vfg4n10n9_50cz0bmvnmx80000gn/T/trio-v2-production-old-six-reference-upgrade-L9Ogy2/home/manual/copilot/skills/chiefops/references/delegated-execution.md",
      "reason": "destination-observation-unknown"
    },
    {
      "targetId": "copilot",
      "surface": "office/references/source-backed-work.md",
      "destination": "/private/var/folders/1_/m2vfg4n10n9_50cz0bmvnmx80000gn/T/trio-v2-production-old-six-reference-upgrade-L9Ogy2/home/manual/copilot/skills/trio/office/references/source-backed-work.md",
      "reason": "destination-observation-unknown"
    },
    {
      "targetId": "copilot",
      "surface": "office/references/artifact-and-delivery.md",
      "destination": "/private/var/folders/1_/m2vfg4n10n9_50cz0bmvnmx80000gn/T/trio-v2-production-old-six-reference-upgrade-L9Ogy2/home/manual/copilot/skills/trio/office/references/artifact-and-delivery.md",
      "reason": "destination-observation-unknown"
    }
  ]
}
✔ old six-surface V2 installs create absent references and settle their ownership (328.447459ms)
{
  "runtime": "trio",
  "mode": "takeover-chiefops",
  "writes": [
    "/private/var/folders/1_/m2vfg4n10n9_50cz0bmvnmx80000gn/T/trio-v2-production-mixed-reference-takeover-46Dcgo/home/.codex/AGENTS.md",
    "/private/var/folders/1_/m2vfg4n10n9_50cz0bmvnmx80000gn/T/trio-v2-production-mixed-reference-takeover-46Dcgo/home/.agents/skills/trio/SKILL.md",
    "/private/var/folders/1_/m2vfg4n10n9_50cz0bmvnmx80000gn/T/trio-v2-production-mixed-reference-takeover-46Dcgo/home/.agents/skills/trio/dev/SKILL.md",
    "/private/var/folders/1_/m2vfg4n10n9_50cz0bmvnmx80000gn/T/trio-v2-production-mixed-reference-takeover-46Dcgo/home/.agents/skills/trio/office/SKILL.md",
    "/private/var/folders/1_/m2vfg4n10n9_50cz0bmvnmx80000gn/T/trio-v2-production-mixed-reference-takeover-46Dcgo/home/.agents/skills/trio/safety/SKILL.md",
    "/private/var/folders/1_/m2vfg4n10n9_50cz0bmvnmx80000gn/T/trio-v2-production-mixed-reference-takeover-46Dcgo/home/.agents/skills/chiefops/SKILL.md",
    "/private/var/folders/1_/m2vfg4n10n9_50cz0bmvnmx80000gn/T/trio-v2-production-mixed-reference-takeover-46Dcgo/home/.agents/skills/trio/references/execution.md",
    "/private/var/folders/1_/m2vfg4n10n9_50cz0bmvnmx80000gn/T/trio-v2-production-mixed-reference-takeover-46Dcgo/home/.agents/skills/trio/dev/references/methods.md",
    "/private/var/folders/1_/m2vfg4n10n9_50cz0bmvnmx80000gn/T/trio-v2-production-mixed-reference-takeover-46Dcgo/home/.agents/skills/trio/dev/references/review.md",
    "/private/var/folders/1_/m2vfg4n10n9_50cz0bmvnmx80000gn/T/trio-v2-production-mixed-reference-takeover-46Dcgo/home/.agents/skills/trio/dev/references/pr-feedback.md",
    "/private/var/folders/1_/m2vfg4n10n9_50cz0bmvnmx80000gn/T/trio-v2-production-mixed-reference-takeover-46Dcgo/home/.agents/skills/chiefops/references/delegated-execution.md",
    "/private/var/folders/1_/m2vfg4n10n9_50cz0bmvnmx80000gn/T/trio-v2-production-mixed-reference-takeover-46Dcgo/home/.agents/skills/trio/office/references/source-backed-work.md",
    "/private/var/folders/1_/m2vfg4n10n9_50cz0bmvnmx80000gn/T/trio-v2-production-mixed-reference-takeover-46Dcgo/home/.agents/skills/trio/office/references/artifact-and-delivery.md"
  ],
  "conflicts": [
    {
      "targetId": "copilot",
      "surface": "entry",
      "destination": "/private/var/folders/1_/m2vfg4n10n9_50cz0bmvnmx80000gn/T/trio-v2-production-mixed-reference-takeover-46Dcgo/home/manual/copilot/entry-policy.md",
      "reason": "destination-observation-unknown"
    },
    {
      "targetId": "copilot",
      "surface": "trio",
      "destination": "/private/var/folders/1_/m2vfg4n10n9_50cz0bmvnmx80000gn/T/trio-v2-production-mixed-reference-takeover-46Dcgo/home/manual/copilot/skills/trio/SKILL.md",
      "reason": "destination-observation-unknown"
    },
    {
      "targetId": "copilot",
      "surface": "dev",
      "destination": "/private/var/folders/1_/m2vfg4n10n9_50cz0bmvnmx80000gn/T/trio-v2-production-mixed-reference-takeover-46Dcgo/home/manual/copilot/skills/trio/dev/SKILL.md",
      "reason": "destination-observation-unknown"
    },
    {
      "targetId": "copilot",
      "surface": "office",
      "destination": "/private/var/folders/1_/m2vfg4n10n9_50cz0bmvnmx80000gn/T/trio-v2-production-mixed-reference-takeover-46Dcgo/home/manual/copilot/skills/trio/office/SKILL.md",
      "reason": "destination-observation-unknown"
    },
    {
      "targetId": "copilot",
      "surface": "safety",
      "destination": "/private/var/folders/1_/m2vfg4n10n9_50cz0bmvnmx80000gn/T/trio-v2-production-mixed-reference-takeover-46Dcgo/home/manual/copilot/skills/trio/safety/SKILL.md",
      "reason": "destination-observation-unknown"
    },
    {
      "targetId": "copilot",
      "surface": "chiefops",
      "destination": "/private/var/folders/1_/m2vfg4n10n9_50cz0bmvnmx80000gn/T/trio-v2-production-mixed-reference-takeover-46Dcgo/home/manual/copilot/skills/chiefops/SKILL.md",
      "reason": "destination-observation-unknown"
    },
    {
      "targetId": "copilot",
      "surface": "trio/references/execution.md",
      "destination": "/private/var/folders/1_/m2vfg4n10n9_50cz0bmvnmx80000gn/T/trio-v2-production-mixed-reference-takeover-46Dcgo/home/manual/copilot/skills/trio/references/execution.md",
      "reason": "destination-observation-unknown"
    },
    {
      "targetId": "copilot",
      "surface": "dev/references/methods.md",
      "destination": "/private/var/folders/1_/m2vfg4n10n9_50cz0bmvnmx80000gn/T/trio-v2-production-mixed-reference-takeover-46Dcgo/home/manual/copilot/skills/trio/dev/references/methods.md",
      "reason": "destination-observation-unknown"
    },
    {
      "targetId": "copilot",
      "surface": "dev/references/review.md",
      "destination": "/private/var/folders/1_/m2vfg4n10n9_50cz0bmvnmx80000gn/T/trio-v2-production-mixed-reference-takeover-46Dcgo/home/manual/copilot/skills/trio/dev/references/review.md",
      "reason": "destination-observation-unknown"
    },
    {
      "targetId": "copilot",
      "surface": "dev/references/pr-feedback.md",
      "destination": "/private/var/folders/1_/m2vfg4n10n9_50cz0bmvnmx80000gn/T/trio-v2-production-mixed-reference-takeover-46Dcgo/home/manual/copilot/skills/trio/dev/references/pr-feedback.md",
      "reason": "destination-observation-unknown"
    },
    {
      "targetId": "copilot",
      "surface": "chiefops/references/delegated-execution.md",
      "destination": "/private/var/folders/1_/m2vfg4n10n9_50cz0bmvnmx80000gn/T/trio-v2-production-mixed-reference-takeover-46Dcgo/home/manual/copilot/skills/chiefops/references/delegated-execution.md",
      "reason": "destination-observation-unknown"
    },
    {
      "targetId": "copilot",
      "surface": "office/references/source-backed-work.md",
      "destination": "/private/var/folders/1_/m2vfg4n10n9_50cz0bmvnmx80000gn/T/trio-v2-production-mixed-reference-takeover-46Dcgo/home/manual/copilot/skills/trio/office/references/source-backed-work.md",
      "reason": "destination-observation-unknown"
    },
    {
      "targetId": "copilot",
      "surface": "office/references/artifact-and-delivery.md",
      "destination": "/private/var/folders/1_/m2vfg4n10n9_50cz0bmvnmx80000gn/T/trio-v2-production-mixed-reference-takeover-46Dcgo/home/manual/copilot/skills/trio/office/references/artifact-and-delivery.md",
      "reason": "destination-observation-unknown"
    }
  ],
  "backup": {
    "ref": "trio-backup-v1:/private/var/folders/1_/m2vfg4n10n9_50cz0bmvnmx80000gn/T/trio-v2-production-mixed-reference-takeover-46Dcgo/authority/.harness-backup/trio-takeover/20260920-154944-50d40347-f9b4-4941-9a7c-5c950c937787/manifest.json:f4809f76aa43f34011045832ecd70208839483cb6cc0d327adc0d3055ab8e8b6",
    "root": "/private/var/folders/1_/m2vfg4n10n9_50cz0bmvnmx80000gn/T/trio-v2-production-mixed-reference-takeover-46Dcgo/authority/.harness-backup/trio-takeover/20260920-154944-50d40347-f9b4-4941-9a7c-5c950c937787",
    "manifestPath": "/private/var/folders/1_/m2vfg4n10n9_50cz0bmvnmx80000gn/T/trio-v2-production-mixed-reference-takeover-46Dcgo/authority/.harness-backup/trio-takeover/20260920-154944-50d40347-f9b4-4941-9a7c-5c950c937787/manifest.json",
    "bundlePath": "/private/var/folders/1_/m2vfg4n10n9_50cz0bmvnmx80000gn/T/trio-v2-production-mixed-reference-takeover-46Dcgo/authority/.harness-backup/trio-takeover/20260920-154944-50d40347-f9b4-4941-9a7c-5c950c937787/bundle.bin"
  }
}
✔ ChiefOps takeover backs up owned support and absence together in shared reference directories (344.066833ms)
✔ ChiefOps takeover refuses an extra unmanaged reference without a backup or target writes (48.084583ms)
✔ support takeover rollback restores owned reference bytes and removes newly created references (462.916083ms)
✔ bound absent support refuses a post-backup foreign create and restores earlier publications (250.852292ms)
✔ support symlink and owned support content drift fail closed before takeover writes (95.962458ms)
✔ bound absent support preserves a replacement of its transaction-created parent (293.924958ms)
✔ generic reserved lifecycle names cannot bypass chief acceptance and closed Trios reject writes (538.630834ms)
✔ expected bindings are target-bound before their Trio hashes are verified (618.390916ms)
✔ chief stop is durable evidence and archive preserves the exact Trio bytes (413.863375ms)
✔ archive rejects invalid UTF-8 before destination claim and permits a clean retry after repair (309.2165ms)
✔ archive cleans a post-rename directory-sync failure before a same-timestamp retry (629.532209ms)
✔ archive cleanup preserves a foreign final file that appears before publication (480.639042ms)
✔ archive uses a create-only final publication primitive (475.638ms)
✔ archive cleanup refuses a stable final replacement (399.90075ms)
✔ archive cleanly rolls back only a fully validated later publication set (779.611333ms)
✔ archive identifies a final publication after an ambiguous hard-link error (413.240541ms)
✔ archive has no weaker publication fallback when hard links are unsupported (1164.042125ms)
✔ archive cleans identified temporary leases after write and sync failures (1287.658625ms)
✔ archive cleans both aliases after a post-link temporary settlement failure (571.247875ms)
✔ archive refuses empty and populated destination replacements after claim (1019.969083ms)
✔ archive rejects same-inode content drift before cleanup mutation (444.411833ms)
✔ archive composes one and multiple pre-source-removal lease close failures (1433.79475ms)
✔ archive leaves directory and temporary leases untouched when identity capture fails (935.614875ms)
✔ archive rolls back after a real temporary unlink reports an error (547.818ms)
✔ archive settles real final-unlink and rmdir errors during cleanup (1123.378584ms)
✔ archive retains the mutation and observation causes of a final cleanup double fault (485.576875ms)
✔ archive retains the mutation and observation causes of a normal temporary settlement double fault (492.938ms)
✔ archive retains the mutation and observation causes of a destination rmdir double fault (492.960708ms)
✔ archive stops cleanup after destination replacement between owned unlinks (426.947125ms)
✔ archive leaves ambiguous mkdir and temporary-open residue untouched (901.659166ms)
✔ close and archive fail closed for corrupt, drifted, extra-file, and destination-symlink state (603.343958ms)
✔ archive requires chief and refuses empty or populated destination collisions without clobbering (494.179208ms)
✔ all Trio write commands require an explicit task and preserve the read-only commands (347.546875ms)
✔ CLI accepts chief evidence before closing and archiving an independent lifecycle (362.248916ms)
✔ parallel API and CLI progress writes retain every successful event (223.287666ms)
✔ explicit gpt-6-astra/low survives Chief and execution routing (13.817792ms)
✔ explicit gpt-6-astra/medium survives Chief and execution routing (0.98ms)
✔ explicit gpt-6-astra/high survives Chief and execution routing (1.298834ms)
✔ explicit gpt-6-astra/xhigh survives Chief and execution routing (2.205625ms)
✔ explicit gpt-6-astra/max survives Chief and execution routing (0.357375ms)
✔ explicit main/gpt-6-astra/low survives Chief and execution routing (0.814792ms)
✔ explicit main/gpt-6-astra/medium survives Chief and execution routing (2.439291ms)
✔ explicit main/gpt-6-astra/high survives Chief and execution routing (1.318708ms)
✔ explicit main/gpt-6-astra/xhigh survives Chief and execution routing (0.807625ms)
✔ explicit main/gpt-6-astra/max survives Chief and execution routing (0.273792ms)
✔ explicit p646e20/gpt-6-astra/low survives Chief and execution routing (0.170666ms)
✔ explicit p646e20/gpt-6-astra/medium survives Chief and execution routing (0.157667ms)
✔ explicit p646e20/gpt-6-astra/high survives Chief and execution routing (2.577959ms)
✔ explicit p646e20/gpt-6-astra/xhigh survives Chief and execution routing (0.417125ms)
✔ explicit p646e20/gpt-6-astra/max survives Chief and execution routing (1.649667ms)
✔ explicit gpt-5.6-sol/low survives Chief and execution routing (0.200834ms)
✔ explicit gpt-5.6-sol/medium survives Chief and execution routing (0.325167ms)
✔ explicit gpt-5.6-sol/high survives Chief and execution routing (0.69675ms)
✔ explicit gpt-5.6-sol/xhigh survives Chief and execution routing (0.53225ms)
✔ explicit gpt-5.6-sol/max survives Chief and execution routing (0.665417ms)
✔ explicit main/gpt-5.6-sol/low survives Chief and execution routing (0.409125ms)
✔ explicit main/gpt-5.6-sol/medium survives Chief and execution routing (0.179667ms)
✔ explicit main/gpt-5.6-sol/high survives Chief and execution routing (0.169417ms)
✔ explicit main/gpt-5.6-sol/xhigh survives Chief and execution routing (0.146625ms)
✔ explicit main/gpt-5.6-sol/max survives Chief and execution routing (0.55775ms)
✔ explicit p646e20/gpt-5.6-sol/low survives Chief and execution routing (4.968583ms)
✔ explicit p646e20/gpt-5.6-sol/medium survives Chief and execution routing (1.048042ms)
✔ explicit p646e20/gpt-5.6-sol/high survives Chief and execution routing (0.920416ms)
✔ explicit p646e20/gpt-5.6-sol/xhigh survives Chief and execution routing (0.527042ms)
✔ explicit p646e20/gpt-5.6-sol/max survives Chief and execution routing (1.167916ms)
✔ explicit gpt-5.6-terra/low survives Chief and execution routing (0.151ms)
✔ explicit gpt-5.6-terra/medium survives Chief and execution routing (0.137833ms)
✔ explicit gpt-5.6-terra/high survives Chief and execution routing (0.386875ms)
✔ explicit gpt-5.6-terra/xhigh survives Chief and execution routing (0.113416ms)
✔ explicit gpt-5.6-terra/max survives Chief and execution routing (0.106959ms)
✔ explicit main/gpt-5.6-terra/low survives Chief and execution routing (0.4715ms)
✔ explicit main/gpt-5.6-terra/medium survives Chief and execution routing (0.621209ms)
✔ explicit main/gpt-5.6-terra/high survives Chief and execution routing (0.491666ms)
✔ explicit main/gpt-5.6-terra/xhigh survives Chief and execution routing (0.365125ms)
✔ explicit main/gpt-5.6-terra/max survives Chief and execution routing (0.123208ms)
✔ explicit p646e20/gpt-5.6-terra/low survives Chief and execution routing (1.045667ms)
✔ explicit p646e20/gpt-5.6-terra/medium survives Chief and execution routing (0.290792ms)
✔ explicit p646e20/gpt-5.6-terra/high survives Chief and execution routing (0.115ms)
✔ explicit p646e20/gpt-5.6-terra/xhigh survives Chief and execution routing (0.234334ms)
✔ explicit p646e20/gpt-5.6-terra/max survives Chief and execution routing (1.470208ms)
✔ explicit gpt-5.6-luna/low survives Chief and execution routing (0.167417ms)
✔ explicit gpt-5.6-luna/medium survives Chief and execution routing (0.146291ms)
✔ explicit gpt-5.6-luna/high survives Chief and execution routing (0.420875ms)
✔ explicit gpt-5.6-luna/xhigh survives Chief and execution routing (0.323583ms)
✔ explicit gpt-5.6-luna/max survives Chief and execution routing (0.322208ms)
✔ explicit main/gpt-5.6-luna/low survives Chief and execution routing (0.265875ms)
✔ explicit main/gpt-5.6-luna/medium survives Chief and execution routing (0.279833ms)
✔ explicit main/gpt-5.6-luna/high survives Chief and execution routing (0.155333ms)
✔ explicit main/gpt-5.6-luna/xhigh survives Chief and execution routing (0.116667ms)
✔ explicit main/gpt-5.6-luna/max survives Chief and execution routing (0.127417ms)
✔ explicit p646e20/gpt-5.6-luna/low survives Chief and execution routing (0.806459ms)
✔ explicit p646e20/gpt-5.6-luna/medium survives Chief and execution routing (0.141959ms)
✔ explicit p646e20/gpt-5.6-luna/high survives Chief and execution routing (0.114291ms)
✔ explicit p646e20/gpt-5.6-luna/xhigh survives Chief and execution routing (1.178667ms)
✔ explicit p646e20/gpt-5.6-luna/max survives Chief and execution routing (0.352458ms)
✔ bounded research and comparison stay quick; durability and multiple phases track (0.401667ms)
✔ legacy resolution leaves packet contents and digest unchanged (1.686209ms)
✔ Astra rejects API ultra, none and minimal even with claimed evidence (0.72325ms)
✔ Chief ultra requires exact authenticated Host support and never supplies actual evidence (0.55375ms)
✔ same model child effort uses all five ordered levels, including Host aliases (0.445584ms)
✔ cross-model child ranks require a bounded explicit allowance (0.395667ms)
✔ native child paths reject scope and permission widening before dispatch (0.522916ms)
✔ strict visible requests never silently route native, and missing native model controls block (0.215333ms)
✔ packet effort cannot be overridden by an outer ultra probe (0.104416ms)
✔ explicit aliases agree or reject and an unspecified model retains the legacy execution default (0.212917ms)
✔ explicit execution models get recommended effort while omitted Chief effort always retains max (0.135167ms)
✔ retired strict routing never promotes claimed Host actual evidence (0.355167ms)
✔ Host wrapper preserves outer aliases on packetless routing and rejects conflicting alias pairs (2.022416ms)
✔ Host wrapper checks outer aliases against the frozen packet without mutating it (0.647458ms)
✔ frozen legacy Chief gpt-5.6-sol retains max when effort is absent (11.851917ms)
✔ frozen legacy Chief gpt-5.6-terra retains max when effort is absent (1.230583ms)
✔ office capability skill is discoverable (10.941083ms)
✔ office supporting references preserve their on-demand contracts (3.877125ms)
✔ legacy office-work-quality owner is physically retired (4.743334ms)
✔ office contract protects verification scope and provenance without freezing prose (4.351125ms)
✔ office frontmatter rejects duplicate keys (9.29725ms)
✔ office verifier accepts exact artifacts and records render evidence (9288.089625ms)
✔ office spreadsheet has one typed contingency input and auditable total (4.636292ms)
✔ office verifier rejects an output parent symlink without changing the copied fixture (92.780417ms)
✔ office verifier accepts a symlinked executable tool (5222.758958ms)
✔ office verifier rejects an existing output symlink without changing its target (106.519708ms)
✔ office verifier keeps every render PNG under the output parent render directory (4810.477917ms)
✔ office verifier allows a safe output-parent symlink outside the fixture (4033.924417ms)
✔ office verifier rejects missing and corrupt copied artifacts without mutating them (1322.430709ms)
✔ office verifier rejects malformed arguments and unsafe fixture boundaries (712.301625ms)
✔ every declared office check is reported exactly once (4.176417ms)
✔ a formula error or failed render is an observed fact, not a judgement (0.458625ms)
✔ an undeclared office check id is rejected instead of silently recorded (0.134208ms)
✔ artifact facts report file state without a verdict (0.327583ms)
✔ office adapter output carries observed facts and no opinion (0.128833ms)
✔ office adapter output satisfies the verify bundle evidence contract (0.467291ms)
✔ deterministic artifact checks pass but semantic quality fails (0.262ms)
✔ semantic quality passes but deterministic artifact validation fails (0.220959ms)
✔ collection records what an inspector observed and never throws for a check (0.322459ms)
✔ collection reads artifact facts and survives a failing reader (0.204792ms)
✔ collection rejects an undeclared or duplicated inspection set (0.234209ms)
✔ the office adapter reuses the declared check ids and adds no model vocabulary (8.73825ms)
✔ deterministic serialization is stable for identical office observations (0.135209ms)
✔ mutable path conflicts use segment boundaries and reject unsafe paths (1.632541ms)
✔ child path envelopes are subsets only through explicit authority-relative scope (0.650292ms)
✔ native child routing requires strict envelope narrowing and forbids Ultra (6.959916ms)
✔ all mutable lane statuses remain reserved and invalid lane records fail closed (4.260916ms)
✔ candidate path reservations require an authenticated matching Chief release (3.147875ms)
✔ assignment packet rejects a ninth top-level field and keeps delegation inside capability (0.220167ms)
✔ child delegation policy values are validated inside the capability object (0.1145ms)
✔ scope-first adjudication allows an in-scope target with authenticated sandbox and approval (1.303625ms)
✔ in-scope targets stay blocked at the sandbox stage when actual Host evidence is unknown (0.58025ms)
✔ authorized in-scope work stays blocked when authenticated sandbox roots do not cover the target (1.752459ms)
✔ out-of-scope targets are blocked before Full Access, user approval, auto-review, or a writable sandbox can expand scope (1.622625ms)
✔ generated materialized targets stay blocked even when allow-listed, sandbox-writable, and approved (0.470333ms)
✔ requested permission intent and authenticated actual Host evidence stay distinct and digest-bound (0.297917ms)
✔ actual Host permission stays unknown without authenticated evidence or with a mismatched packet digest (0.372375ms)
✔ approval is the final gate and can deny only within scope and sandbox, never expand them (0.309125ms)
✔ malformed assignment scope and incomplete adjudication inputs fail closed (0.628792ms)
✔ partial assignment packets are rejected before scope or approval can allow them (0.307917ms)
✔ projection keeps six primary surfaces and appends Office references in order (2.377417ms)
✔ V2 config and projection expose pure public seams (5.277667ms)
✔ projection wrapper requires exactly four own fields (2.7215ms)
✔ projection preserves evidence paths while using caller placements for Host layout (1.662292ms)
✔ generic targets use target-scoped manual destinations and never update (1.751375ms)
✔ generic empty paths return an explicit manual pending conflict (0.235291ms)
✔ managed Codex scope cardinality is exact and two-sided (1.431333ms)
✔ placement identity and scope must bind retained absolute evidence (0.484125ms)
✔ managed Codex workspace placement requires its exact layout root (0.365084ms)
✔ managed Codex user-global placement requires its exact layout root (0.750875ms)
✔ managed Codex rejects unmatched retained evidence instead of treating it as a join root (0.149625ms)
✔ managed Codex both scope rejects workspace and user-global relabeling (0.228292ms)
✔ projection requires the approved target contract values before descriptors (2.296042ms)
✔ projection rejects inherited, extra, and canonical-duplicate observations (1.703958ms)
✔ projection rejects a computed destination inherited from Object.prototype (3.544125ms)
✔ projection rejects global lexical destination collisions before actions (0.368917ms)
✔ V2 path validation supports explicit POSIX and Windows lexical flavors (7.6105ms)
✔ V2 validation rejects top-level, target, ownership, and prototype mutations (0.507416ms)
✔ static target contract and entry policy expose the approved V2 surfaces (12.225833ms)
✔ materialized Trio entry and capability outputs match their authoritative source bytes (20.514416ms)
✔ entry contract rejects removed authority, permission, topology and completion safeguards (6.989709ms)
✔ state bridge dual-reads strict V2 without creating a projection manifest (62.311542ms)
✔ materialized Codex outputs stay blocked by the scope gate even when allow-listed, sandbox-writable, and approved (4.096542ms)
✔ ChiefOps source carries the six operative permission-ordering clauses (0.727083ms)
✔ ChiefOps and human usage carry approval-policy, recovery-ladder, and non-destructive workspace clauses (1.677417ms)
✔ ChiefOps and human usage bind semantic reservation to task plus frozen slice identity (3.399042ms)
✔ projection carries bounded static support without adding logical skills (1.654167ms)
✔ support descriptors enforce ownership and conflict rules exactly like primary surfaces (22.451583ms)
✔ readTrioTask reads an explicitly selected complete Trio without writing (43.587166ms)
✔ resolveTrioTask selects the unique active Trio when no task id is supplied (34.592375ms)
✔ readTrioTask fails closed when multiple active tasks exist (40.084291ms)
✔ readTrioTask rejects traversal and absolute task identifiers (7.840834ms)
✔ readTrioTask rejects missing and corrupt Trio files (43.925709ms)
✔ legacy reader accepts an explicit nonterminal task plan without requiring a new Trio (10.057625ms)
✔ readTrioTask rejects symlinked planning directories, task directories, and Trio files (104.271333ms)
✔ readTrioTask preserves corrupt active roots as errors instead of treating them as no active task (10.922709ms)
✔ verifyTrioBinding reports bytes drift after a complete Trio changes (30.221083ms)
✔ S01 complete five-field Trio produces a recorded deterministic summary (42.26125ms)
✔ S02 legacy Trio remains readable with all summary fields missing (16.200583ms)
✔ S03 partial and empty sections stay independently missing (20.730875ms)
✔ S04 duplicate Goal and section headings become ambiguous without choosing the last (32.570833ms)
✔ S05 ignores fenced pseudo fields while preserving the reader status (24.892875ms)
✔ S06 preserves ### content and stops at the next level-one or level-two heading (16.7715ms)
✔ S07 normalizes LF and CRLF text while binding each source to its actual bytes (47.872ms)
✔ S08 truncates at 2000 Unicode code points without splitting an emoji (131.840875ms)
✔ S09 recognizes fenced variants and leaves an unclosed fence opaque (47.219166ms)
✔ S10 records shell-like, URL, traversal, and authorization text without acting on it (31.133959ms)
✔ S11 returns identical results twice without mutating the snapshot or authority bytes (30.59ms)
✔ S12 rejects malformed summary inputs instead of returning an empty success (15.1695ms)
{"recoveryFixtureTreeBefore":["planning","planning/active","planning/active/recovery-task","planning/active/recovery-task/findings.md","planning/active/recovery-task/progress.md","planning/active/recovery-task/task_plan.md"],"recoveryFixtureTreeAfter":["planning","planning/active","planning/active/recovery-task","planning/active/recovery-task/findings.md","planning/active/recovery-task/progress.md","planning/active/recovery-task/task_plan.md"]}
✔ Trio-only recovery keeps explicit, unique-active, status, and next decisions stable with exactly three authority files (101.589583ms)
✔ exact Trio reads and read-only CLI commands reject invalid UTF-8 authority bytes (43.970125ms)
✔ legacy explicit nonterminal task remains readable during Trio-only recovery (26.8465ms)
✔ routeTask keeps a simple one-stage task on the quick route without Trio creation (2.086791ms)
✔ routeTask promotes multi-phase durable work to the tracked route (0.114542ms)
✔ resolveModelEffort fails closed without a declared work role and never infers actual values (0.680167ms)
✔ resolveModelEffort requires a declared work role and keeps the authenticated actual evidence gate (1.039958ms)
✔ buildAssignmentPacket emits exactly the eight approved fields from a verified Trio binding (94.543958ms)
✔ calculateNextAction exposes a tracked Trio initialization plan without performing a write (0.170291ms)
✔ calculateNextAction keeps quick dry-run work inline and Trio-free (0.064292ms)
✔ calculateNextAction fails closed unless it is explicitly dry-run (0.170375ms)
✔ execution work roles always request the Flash model with calibrated effort (0.492583ms)
✔ execution complexity classifiers map bounded, multi-file, and long-running work to high, xhigh, and max (0.281417ms)
✔ chief roles respect explicit modern models and supported effort (0.249334ms)
✔ unknown work roles and unknown or ambiguous complexity fail closed instead of escalating (0.363125ms)
✔ explicit execution model and effort override legacy defaults without changing role or complexity (0.080792ms)
✔ structured human overrides classify only Chief slices and carry provenance (0.135ms)
✔ Chief planning and Flash execution slices never leak model or effort into each other (0.085958ms)
✔ economic policy results keep actual evidence unknown without authenticated Host evidence (0.142958ms)
✔ worker_self_goal packets require a complete bounded goal contract with an exact closed shape (36.19625ms)
✔ goal packets retain their exact bounded shape through the packet round trip (15.713458ms)
✔ assignment packets fail closed without a declared work role or execution complexity (16.472333ms)
✔ legacy packets keep their defaults while explicit Luna selection is admitted (0.705666ms)
✔ entry policy keeps direct completion distinct from delegated acceptance and retires strict visibility (5.422791ms)
✔ safety capability exposes exactly the seven approved read-only outputs (11.329208ms)
✔ safety skill is a section-scoped pure Markdown contract (3.636917ms)
✔ safety fixtures form an exact, statically auditable decision matrix (1.991875ms)
✔ safety inventory validator rejects local extra Markdown and JSON names (2.123583ms)
✔ safety fixture filenames bind exact IDs and targets (2.22075ms)
✔ ask destructive fixture cannot borrow external write semantics (5.129625ms)
✔ deny outside-authority fixture cannot borrow external write semantics (2.292291ms)
✔ safety fixture validator rejects duplicate IDs, missing fields, unknown decisions, and contradictions (0.863459ms)
✔ safety semantic mutations cannot broaden permission or remove recovery safeguards (2.600959ms)
✔ deny and ask fixtures never claim execution or terminal approval (1.522208ms)
✔ recursive terminal-state guard rejects exact states but permits ordinary evidence words (1.71925ms)
✔ precedence resolver follows the ordered clauses in the Safety skill (1.190791ms)
✔ destructive asks require evidence and never upgrade to allow (2.4825ms)
✔ safety recommendation scope honors prior authorization without overriding Host policy (1.729125ms)
✔ the priority shadow questions are declared and read frozen bundle targets (2.274792ms)
✔ a request carries the whole frozen bundle the question belongs to (0.38075ms)
✔ a shadow gate agrees and disagrees against the existing behaviour (21.7975ms)
✔ a shadow run where the gate disagrees completes normally (16.382042ms)
✔ a gate failure never blocks the existing path (1.916583ms)
✔ an infrastructure failure is recorded and never escalates (13.284875ms)
✔ agreement is null when the two cannot be compared (0.264042ms)
✔ shadow answers are read from composites and answers, not re-derived (0.087584ms)
✔ the summary counts disagreements without judging a gate (10.5545ms)
✔ shadow records never carry chain-of-thought (9.430583ms)
✔ the shadow module stays provider-neutral and versioned (1.19875ms)
✔ every gate defaults to shadow when no activation decision exists (0.403791ms)
✔ a gate cannot be activated without a measured benefit, rollback and authorization (0.167167ms)
✔ an unknown gate id is rejected instead of defaulting to shadow (0.108041ms)
✔ the shipped activation decision keeps every gate in shadow (0.14025ms)
✔ checkpoint states map to the behaviour the existing path is taking (0.072542ms)
✔ attaching shadow recording leaves the rendered checkpoint byte-identical (16.688209ms)
✔ a checkpoint-level gate disagreement is recorded and still completes (12.100708ms)
✔ a checkpoint gate failure never blocks the checkpoint (13.592417ms)
✔ attaching to a checkpoint with no observations records nothing and changes nothing (3.3315ms)
✔ atomicWriteText preserves old bytes on interruption and cleans same-directory temporary files (118.428167ms)
✔ atomicWriteText conditionally creates only an absent target and retains a foreign link-time create (308.13525ms)
✔ atomicWriteText rejects a same-content foreign inode replacement before publication (310.040084ms)
✔ atomicWriteText rejects a stable real parent replacement before final identity check without outside mutation (279.130083ms)
✔ atomicWriteText attaches an exact publication receipt after parent directory fsync failure (267.597ms)
✔ atomicWriteText registers a create-only receipt before a post-link observation can fail (229.037458ms)
✔ atomicWriteText reports a proven ambiguous hard-link publication (243.861ms)
✔ atomicWriteText reports a proven ambiguous rename publication (301.769208ms)
✔ atomicWriteText retains its primary error and receipt when temporary cleanup also fails (249.607292ms)
✔ withTrioPublicationLock keeps a primary operation failure and a release failure observable (248.419916ms)
✔ atomicWriteText rejects inherited, incomplete, or extra identity evidence without mutation (9.985ms)
✔ a residual authority publication lock times out without target mutation or automatic cleanup (2120.143292ms)
✔ initializeTrioTask creates exactly the three authority files and rejects partial or unsafe state (245.4275ms)
✔ initializeTrioTask persists replacement-token syntax in the goal literally (146.340292ms)
✔ appendProgressEvent validates event fields, preserves other Trio bytes, and appends chronological records (229.63725ms)
✔ concurrent progress updates preserve every successful event and strictly order generated timestamps (376.758375ms)
✔ appendProgressEvent rejects a reversed historical chronology without changing progress bytes (183.175375ms)
✔ a replaced transient task lock is retained when its original owner releases it (15.695625ms)
✔ concurrent initialization leaves one exact Trio and no authority-root staging residue (157.593208ms)
✔ mode vocabulary is frozen and total over the existing work-role enums (4.509417ms)
✔ intensity subsets preserve each mode and reject an out-of-subset value (0.716791ms)
✔ topologyClassOf derives a class from fields that already exist (0.36625ms)
✔ ExecutionRequirement normalizes a requirement and rejects a malformed one (0.688375ms)
✔ resolveExecutionImplementation selects by declared registry order and never downgrades a capability (0.999834ms)
✔ lifecycle semantics carry no model name (0.134083ms)
ℹ tests 470
ℹ suites 0
ℹ pass 470
ℹ fail 0
ℹ cancelled 0
ℹ skipped 0
ℹ todo 0
ℹ duration_ms 26330.031042
{"milestone":"final","inventory":["harness/installer/commands/trio.mjs","harness/trio/compatibility/legacy-reader.mjs","harness/trio/config.mjs","harness/trio/core/authority.mjs","harness/trio/core/decision.mjs","harness/trio/core/evidence.mjs","harness/trio/core/read.mjs","harness/trio/core/routing.mjs","harness/trio/core/shadow.mjs","harness/trio/core/store.mjs","harness/trio/hosts/codex.mjs","harness/trio/hosts/generic.mjs","harness/trio/projection.mjs"]}
